image_url,caption
http://news.bbcimg.co.uk/media/images/51479000/jpg/_51479210_jex_972852_de30.jpg,Watch: Creative Director Ian Roberts on the Fate of the World climate change game
http://news.bbcimg.co.uk/media/images/61347000/jpg/_61347689_61347688.jpg,"Team GB rower Nick Beighton, who lost both legs in an explosion in Afghanistan 2009"
http://news.bbcimg.co.uk/media/images/53453000/jpg/_53453509_012051986-1.jpg,Ms Zhong was stopped by UK Border Agency officials at Edinburgh Airport
http://news.bbcimg.co.uk/media/images/79898000/jpg/_79898222_river_robinmarkland.jpg,"River Markland, age four, found this octopus at Castle Beach in Falmouth"
http://news.bbcimg.co.uk/media/images/47959000/jpg/_47959524_009375119-1.jpg,The Queen receives £7.9m via the annual Civil List
http://news.bbcimg.co.uk/media/images/64370000/jpg/_64370744_matt2.jpg,Deployment of rooftop solar installations in the UK has increased significantly in recent years
http://news.bbcimg.co.uk/media/images/58414000/jpg/_58414003_aaa6c317-8926-4e8f-9a09-f95f8bffae7c.jpg,A group of sub-Saharan Africans hiding in Morocco
http://news.bbcimg.co.uk/media/images/75367000/jpg/_75367388_75367386.jpg,Ukraine's president-elect Petro Poroshenko (far right)
http://news.bbcimg.co.uk/media/images/47959000/jpg/_47959203_007217329-1.jpg,Rates have soared since the 1970s
http://news.bbcimg.co.uk/media/images/48943000/jpg/_48943212_hollandv.jpg,The Holland class of submarines were the first to enter service in the British Navy
http://news.bbcimg.co.uk/media/images/71846000/jpg/_71846404_hospmeal.jpg,Standards do apply to hospital food in Scotland and Wales
http://news.bbcimg.co.uk/media/images/74280000/jpg/_74280313_1995-12-03_on_the_record_referendum_party.jpg,Sir James Goldsmith set up the Referendum Party to campaign for a public vote on the UK's position in Europe
http://news.bbcimg.co.uk/media/images/57126000/jpg/_57126506_hands.jpg,The investment bonds were often sold to those already in care or just going into care
http://news.bbcimg.co.uk/media/images/68267000/jpg/_68267373_68267371.jpg,Security agents stand near the scene of a suicide bomb attack outside the United Nations compound in Somalia\
http://news.bbcimg.co.uk/media/images/53568000/jpg/_53568498_skull.jpg,One of skulls found in the well
http://news.bbcimg.co.uk/media/images/62064000/jpg/_62064122_jex_5858_de27.jpg,Gold post box in Ingleby Barwick
"http://c.files.bbci.co.uk/16E88/production/_87623839_britannia,creditmarcmillar.jpg","Britannia enters Leith, 2012"
http://news.bbcimg.co.uk/media/images/48848000/jpg/_48848561_48848562.jpg,Mining Minister Laurence Golborne: \
http://news.bbcimg.co.uk/media/images/71192000/jpg/_71192186_tube.jpg,YouTube's move to alter its comments system last year proved to be unpopular
http://news.bbcimg.co.uk/media/images/76455000/jpg/_76455750_gazadoctor.jpg,Hamas says it will not agree to a ceasefire that does not allow for freer movement of goods and people across its borders.
http://news.bbcimg.co.uk/media/images/58158000/jpg/_58158629_58158628.jpg,The cruise ship salvage firm has been explaining how it will remove fuel from the wreck
http://news.bbcimg.co.uk/media/images/53409000/jpg/_53409474_flanders-112x81.jpg,Chart showing the UK unemployment rate since 1993
http://news.bbcimg.co.uk/media/images/65343000/jpg/_65343118_img_2944.jpg,Gatwick Express train at Victoria station on Thursday
http://news.bbcimg.co.uk/media/images/52260000/jpg/_52260549_greens.jpg,Green Party leader Steven Agnew
http://news.bbcimg.co.uk/media/images/63254000/jpg/_63254143_0bkk4cvy.jpg,Jane Hutt: 'UK government's cuts have hampered efforts to boost growth'
http://news.bbcimg.co.uk/media/images/48158000/jpg/_48158970_009441790-1.jpg,Joan Rivers in her documentary A Piece Of Work
http://news.bbcimg.co.uk/media/images/51882000/jpg/_51882552_chefs.jpg,Royal kitchens prepare for wedding feast
http://news.bbcimg.co.uk/media/images/48047000/jpg/_48047166_009425903-1.jpg,The prince will visit staff at West Cumberland Hospital
http://c.files.bbci.co.uk/13C8B/production/_87853018_87853016.jpg,Live: David Cameron holds news conference in Prague
http://news.bbcimg.co.uk/media/images/50251000/jpg/_50251546_010575398-1.jpg,"Migrant child in the Filakio detention centre, Greece"
http://news.bbcimg.co.uk/media/images/47949000/jpg/_47949311_toysaris.jpg,Toys R Us has only moved into online retailing in the past four years
http://news.bbcimg.co.uk/media/images/71641000/jpg/_71641092_71641091.jpg,"Thailand's Prime Minister Yingluck Shinawatra gets emotional after speaking at a press conference, in Bangkok, Thailand, 10 December 2013"
http://news.bbcimg.co.uk/media/images/54483000/jpg/_54483745_006760174-1.jpg,The case over alleged VAT fraud was settled out of court
http://news.bbcimg.co.uk/media/images/59230000/jpg/_59230288_jex_1357660_de27-1.jpg,"From Big Ben, to the Colosseum and the Eiffel tower, some of the world's most famous landmarks are on display"
http://news.bbcimg.co.uk/media/images/63269000/jpg/_63269586_m6frbtnn.jpg,"Houses submerged in floodwaters in Idah, in Nigeria's central state of Kogi, 27 September 2012"
http://news.bbcimg.co.uk/media/images/67519000/jpg/_67519948_becky_photo.jpg,Kew Gardens has the largest collections of plants and fungi in the world
http://c.files.bbci.co.uk/8BA0/production/_86144753_hi029558939.jpg,"NATO soldiers inspect the scene of a suicide bomb attack in Kabul, Afghanistan, 11 October 2015"
http://news.bbcimg.co.uk/media/images/58916000/jpg/_58916220_jex_1342117_de27-1.jpg,"Republican presidential candidate Mitt Romney told his supporters in Boston, Massachusetts he was confident of victory \"
http://news.bbcimg.co.uk/media/images/53917000/jpg/_53917126_asda_elgin_bbc2.jpg,The incident happened at Asda in Elgin's Edgar Road
http://news.bbcimg.co.uk/media/images/57846000/jpg/_57846277_library.jpg,The chained library. Photo: Dean and Chapter of Hereford and the Hereford Mappa Mundi Trust
http://news.bbcimg.co.uk/media/images/48570000/jpg/_48570444_alisonhume304.jpg,Ms Hume fell down the shaft in July 2008 as she made her way home
http://news.bbcimg.co.uk/media/images/49422000/jpg/_49422347_jex_831264_de27-1.jpg,The raid happened during the night and continued into the morning
http://news.bbcimg.co.uk/media/images/56026000/jpg/_56026177_jex_1199334_de27-1.jpg,Turkish students hurl eggs at IMF speaker
http://news.bbcimg.co.uk/media/images/68726000/jpg/_68726682_photo.jpg,Plume of smoke over Sheffield
http://news.bbcimg.co.uk/media/images/68909000/jpg/_68909729_riversearch.jpg,A large-scale is being carried out at Fatfield for the missing children
http://news.bbcimg.co.uk/media/images/69498000/jpg/_69498416_69498415.jpg,Wishaw General and Monklands Hospitals
http://news.bbcimg.co.uk/media/images/58494000/jpg/_58494397_rats.jpg,Thai rat-catchers explain how to catch and cook rodents
http://news.bbcimg.co.uk/media/images/56161000/jpg/_56161738_013051119-1.jpg,Shepherd walks with livestock past the Darul Aman palace in Kabul
http://news.bbcimg.co.uk/media/images/82439000/jpg/_82439353_jessett.jpg,"Stephen Richard Jessett, who died following an accident in Aberdare"
http://news.bbcimg.co.uk/media/images/70078000/jpg/_70078669_hospitalgeneric.jpg,The spot checks will assess how staff are sticking to infection control practices
http://c.files.bbci.co.uk/1706C/production/_85661349_85661348.jpg,George Michael spent time in prison in 2010
http://c.files.bbci.co.uk/02E4/production/_86604700_mcclusky2_1920.jpg,"Len McCluskey, general secretary of Unite"
http://news.bbcimg.co.uk/media/images/75416000/jpg/_75416746_bloodtest.jpg,Welsh speakers told the inquiry they felt awkward only talking to their GP in English
http://news.bbcimg.co.uk/media/images/69728000/jpg/_69728289_69728288.jpg,The one year reconviction rate for offenders is at its lowest level in 14 years
http://news.bbcimg.co.uk/media/images/56284000/jpg/_56284905_013226115-1.jpg,The Queen and Prince Philip officially opened the new Royal Children's Hospital in Melbourne.
http://news.bbcimg.co.uk/media/images/76822000/jpg/_76822450_76822448.jpg,CCTV footage shows the raiders using a digger to break through the wrong wall using a digger then running away
http://news.bbcimg.co.uk/media/images/58142000/jpg/_58142668_jones-144x104-white.jpg,Mark Zuckerberg's Facebook has admitted that hate speech on the site should have been removed
http://news.bbcimg.co.uk/media/images/61002000/jpg/_61002491_61002490.jpg,President Hollande and Chancellor Merkel
http://news.bbcimg.co.uk/media/images/73339000/jpg/_73339972_hi014126412.jpg,Both Greenwich and Deptford have nice old buildings
http://news.bbcimg.co.uk/media/images/52866000/jpg/_52866125_protestsraw.jpg,Amateur video footage believed to be of a protest in the Darayya suburb of Damascus on 20/5/11
http://c.files.bbci.co.uk/1784/production/_84202060_mark_armstrong.jpg,Mark Armstrong was told he should not expect to be released at the end of four years
http://news.bbcimg.co.uk/media/images/60520000/jpg/_60520545_014864679-1.jpg,"Demonstrators protest in front of the Syrian consulate in Istanbul on May 27, 2012 against the regime of Syrian President Bashar al-Assad."
http://news.bbcimg.co.uk/media/images/61453000/jpg/_61453604_cable.jpg,Business Secretary Vince Cable
http://news.bbcimg.co.uk/media/images/81436000/jpg/_81436039_7d3128b3-a0c8-4d16-8136-0b67b028909c.jpg,"Iraqi workers clean a statue at an archaeological site in Nimrud, 35km (22 miles) southeast of Mosul, northern Iraq, in 2001"
http://news.bbcimg.co.uk/media/images/63709000/jpg/_63709862_jex_1185928_de04-1.jpg,"Opposition leader Etienne Tshisekedi in his car at the airport, Kinshasa"
http://news.bbcimg.co.uk/media/images/73811000/jpg/_73811245_73811244.jpg,Why did Facebook spend $2bn on virtual reality? Rory Cellan-Jones reports.
http://news.bbcimg.co.uk/media/images/51380000/jpg/_51380855_police304in_getty.jpg,The government says front-line police can be protected
http://news.bbcimg.co.uk/media/images/48710000/jpg/_48710072_raymond_mcphee_baby_case_304.jpg,Raymond McPhee [Pic: Central Scotland News Agency]
http://news.bbcimg.co.uk/media/images/54340000/jpg/_54340531_009195272-1.jpg,Louise Mensch said it was \
http://c.files.bbci.co.uk/270C/production/_87269990_p03cdkxw.jpg,Taking Haute African cuisine to Paris
http://news.bbcimg.co.uk/media/images/62652000/jpg/_62652760_015817028-1.jpg,London Metropolitan University
http://news.bbcimg.co.uk/media/images/70149000/jpg/_70149041_ciaran.jpg,Ciaran Sweeney's family said the past few weeks had been \
http://news.bbcimg.co.uk/media/images/69612000/jpg/_69612045_69612044.jpg,"Diana Nyad walks on to the beach in Key West, Florida, on 2 September 2013"
http://news.bbcimg.co.uk/media/images/72155000/jpg/_72155208_72155207.jpg,Gartnavel Hospital has been told to make improvements to its care of elderly patients
http://news.bbcimg.co.uk/media/images/52358000/jpg/_52358669_001743835-1.jpg,Malawi's President Bingu wa Mutharika
http://news.bbcimg.co.uk/media/images/68095000/png/_68095480_vlcsnap-2013-06-10-19h25m26s234.png,People in Wales earn less than the rest of the UK on average and more people are unemployed
http://news.bbcimg.co.uk/media/images/68210000/jpg/_68210252_papericon.jpg,"Participants run through Tiananmen Square, with the Forbidden City in the background"
http://news.bbcimg.co.uk/media/images/63004000/jpg/_63004972_comp.jpg,A person using a computer
http://news.bbcimg.co.uk/media/images/55835000/jpg/_55835267_010896287-1.jpg,BBC's Jon Kay describes the inside of the flat where Jo Yeates lived and where she was allegedly killed
http://news.bbcimg.co.uk/media/images/51974000/jpg/_51974133_jex_1006727_de27-1.jpg,Eddie Izzard and Kriss Akabusi explain why they are supporting the 'Yes to AV' campaign
http://news.bbcimg.co.uk/media/images/79413000/jpg/_79413972_024937727-1.jpg,Tabare Vazquez celebrates his victory in Montevideo. Photo: 30 November 2014
http://news.bbcimg.co.uk/media/images/77808000/jpg/_77808683_169108825.jpg,Carl Froch in Old Market Square
http://news.bbcimg.co.uk/media/images/53454000/jpg/_53454593_boyle.jpg,Susan Boyle and Elaine C Smith
http://news.bbcimg.co.uk/media/images/69198000/jpg/_69198299_familyapproved.jpg,Georgia Williams with parents Steve and Lynnette
http://news.bbcimg.co.uk/media/images/51447000/jpg/_51447162_011386641-1.jpg,Cole became England's most capped full-back earlier this month
http://news.bbcimg.co.uk/media/images/64000000/jpg/_64000064_dsc_0037.jpg,"(From left to right) Fraser Pithie, James Plaskitt and Ron Ball"
http://news.bbcimg.co.uk/media/images/54374000/jpg/_54374154_012374172-1.jpg,A look at the first editions of the UK papers
http://news.bbcimg.co.uk/media/images/56971000/jpg/_56971716_chinaeconomy.jpg,construction site in China
http://news.bbcimg.co.uk/media/images/60235000/jpg/_60235677_014746480-2.jpg,"Men walk past depiction of the former Greek currency, the drachma"
http://news.bbcimg.co.uk/media/images/73818000/jpg/_73818457_composite.jpg,Boris Berezovsky (left) and Roman Abramovich
http://news.bbcimg.co.uk/media/images/48727000/jpg/_48727839_000198307-1.jpg,73.3% of Scots have an internationally recognised level of reading and writing.
http://c.files.bbci.co.uk/161AE/production/_87024509_87017584.jpg,Marion Marechal-Le Pen is leading the FN's campaign in Provence-Alpes-Cotes-d'Azur
http://news.bbcimg.co.uk/media/images/65235000/jpg/_65235910_phone2.jpg,Nokia sold 9.3 million units of its Asha handset
http://news.bbcimg.co.uk/media/images/80660000/jpg/_80660294_80660293.jpg,Marianne Balshone and Frank Vajda in Budapest
http://news.bbcimg.co.uk/media/images/54178000/jpg/_54178937_jex_1114043_de32-1.jpg,The lab had a few reaction vessels
http://news.bbcimg.co.uk/media/images/59302000/jpg/_59302760_014002295-1.jpg,Aircraft comes into land at Heathrow close to houses
http://news.bbcimg.co.uk/media/images/63430000/jpg/_63430865_plane.jpg,Syrian passenger plane forced to land at Turkey's Esenboga airport
http://news.bbcimg.co.uk/media/images/53217000/jpg/_53217291_flatfall_020611_gfx.jpg,Liam Shackleton was pronounced dead at Leeds General Infirmary
http://news.bbcimg.co.uk/media/images/53812000/jpg/_53812533_012353100-1.jpg,Kate Moss with her new husband Jamie Hince after their wedding at St Peter's Church in Southrop
http://news.bbcimg.co.uk/media/images/67051000/jpg/_67051342__67028100_westlinkriver_bbc_304002-1.jpg,Thèid an rathad tarsainn Abhainn Nis agus a' Chanàil Chaileannaich
http://c.files.bbci.co.uk/17D01/production/_87673579_strike10.jpg,Protesters outside St Thomas' Hospital in London as junior doctors go on strike for 24 hours
http://c.files.bbci.co.uk/5E0C/production/_87567042_87567041.jpg,The BBC spoke to ordinary Chinese investors in Shanghai
http://news.bbcimg.co.uk/media/images/48039000/jpg/_48039003_001107021-1.jpg,The 5 May referendum was a Liberal Democrat condition for entering coalition with the Tories.
http://news.bbcimg.co.uk/media/images/58666000/jpg/_58666487_014061742-1.jpg,Inmates at Kerobokan prison
http://news.bbcimg.co.uk/media/images/51506000/jpg/_51506156_canals.jpg,Melissa Halstead (left) and Paula Field
http://news.bbcimg.co.uk/media/images/61201000/jpg/_61201056_015173556-1.jpg,Woman in Chittagong mourns the loss of a loved one
http://news.bbcimg.co.uk/media/images/69349000/png/_69349959_vlcsnap-2013-08-18-16h56m27s109.png,"BBC footage shows Hallam and fellow Paralympian John Harris competing, along with Dame Tanni receiving an award from the man she called her 'inspiration'"
http://news.bbcimg.co.uk/media/images/74952000/jpg/_74952517_de01.jpg,"The jellyfish has a dome the size of a dustbin lid, with cauliflower-like tentacles."
http://c.files.bbci.co.uk/87A9/production/_88092743_gettyimages-490807727-1.jpg,Astra Zenica's Macclesfield centre
http://news.bbcimg.co.uk/media/images/78628000/jpg/_78628324_78627736.jpg,Ebola nurse Kaci Hickox : 'I don't think this is an acceptable line to be drawn'
http://news.bbcimg.co.uk/media/images/56366000/jpg/_56366191_chineseminers.jpg,Rescue workers at a mine in Hunan province 3 July 2011
http://news.bbcimg.co.uk/media/images/48628000/jpg/_48628406_009927281-1.jpg,"The Mavi Marmara is towed out of Haifa, 5 August"
http://news.bbcimg.co.uk/media/images/57320000/jpg/_57320322_013522910-1.jpg,Shirley McKie was falsely accused of leaving her fingerprint at a murder scene
http://news.bbcimg.co.uk/media/images/82189000/jpg/_82189707_de27-1.jpg,Children's work in sexual consent class
http://news.bbcimg.co.uk/media/images/66143000/jpg/_66143832_perthfire.jpg,More than 30 firefighters were called to the scene
http://news.bbcimg.co.uk/media/images/54266000/jpg/_54266996_012377715-1.jpg,Baidu's dominance of the Chinese search engine market makes it an attractive choice for advertisers
http://news.bbcimg.co.uk/media/images/50613000/jpg/_50613715_yello_afp.jpg,File image of yellow shirt protesters in Bangkok in November 2008
http://news.bbcimg.co.uk/media/images/67915000/jpg/_67915530_mercer768x432_bbc.jpg,Footage of Patrick Mercer on Panorama
http://news.bbcimg.co.uk/media/images/58217000/jpg/_58217825_starwarsuncut2.jpg,"Casey Pugh, creator of Star Wars Uncut: \"
http://news.bbcimg.co.uk/media/images/50693000/jpg/_50693810_ross.jpg,BBC News Channel Chief Political Correspondent Norman Smith
http://news.bbcimg.co.uk/media/images/79666000/jpg/_79666441_de27-1(3).jpg,Wet is an 'ethnocosmologist' from the Palikur tribe
http://c.files.bbci.co.uk/DC47/production/_85719365_cancerdog2.jpg,Karin Gibson said her dog alerted her to the fact that she had breast cancer.
http://news.bbcimg.co.uk/media/images/77881000/jpg/_77881076_77881074.jpg,Bosnian Serb wartime leader Radovan Karadzic appears in the courtroom for his appeal judgement
http://news.bbcimg.co.uk/media/images/52264000/jpg/_52264508_784-2.jpg,"The north-east of Japan, where major manufacturers have factories has seen major damage"
http://news.bbcimg.co.uk/media/images/76136000/jpg/_76136583_c0061063-male_adult_blue_morpho_butterfly-spl.jpg,"The iridescent effect in the wings of the blue morpho has a structural origin, not one based in pigments"
http://news.bbcimg.co.uk/media/images/71688000/jpg/_71688894_neworleans304x171.jpg,A man is rescued from his home in a flooded section of New Orleans (file photo)
http://news.bbcimg.co.uk/media/images/78538000/jpg/_78538286_024471559.jpg,"A combination photo shows Luis Lacalle Pou in Montevideo on September 15, 2014 (L) and Tabare Vazquez in Montevideo on October 23, 2014."
http://news.bbcimg.co.uk/media/images/64074000/jpg/_64074657_64074656.jpg,Australian Prime Minister Julia Gillard
http://news.bbcimg.co.uk/media/images/63159000/jpg/_63159899_ca16f64c-20cf-4f8a-bb9c-61495f72f953.jpg,"Heriot-Watt is based in Edinburgh with campuses in Galashiels, Orkney and Dubai"
http://news.bbcimg.co.uk/media/images/68284000/jpg/_68284755_flag624.jpg,Egyptian revolutionary bloggers in 2011
http://news.bbcimg.co.uk/media/images/80931000/png/_80931814_laurakuenssberg_144x104.png,Senior Labour figures including Jeremy Corbyn
http://news.bbcimg.co.uk/media/images/62342000/jpg/_62342269_62342268.jpg,"Yekaterina Samutsevich (L), Maria Alyokhina (C) and Nadezhda Tolokonnikova (R) in court in Moscow (17 Aug 2012)"
http://news.bbcimg.co.uk/media/images/53369000/jpg/_53369497_012194817-1.jpg,Syrian soldiers stand inside lorries near the town of Jisr al-Shughour (11 June 2011)
http://news.bbcimg.co.uk/media/images/48952000/jpg/_48952070_009846113-1.jpg,Cracknell was not being filmed when the accident happened
http://news.bbcimg.co.uk/media/images/77460000/jpg/_77460747_warlock_exotic_screenshot.jpg,Activision Blizzard spent about $500m developing and marketing sci-fi shooter Destiny
http://news.bbcimg.co.uk/media/images/63503000/jpg/_63503248_ishaqandrehman624.jpg,Asif Rehman and Adel Ishaq
http://news.bbcimg.co.uk/media/images/67343000/jpg/_67343604_67342963.jpg,Samira Hussain explains why mobile advertising revenue is so important to Facebook
http://news.bbcimg.co.uk/media/images/58166000/jpg/_58166960_013860337-1.jpg,Italian coastguard dinghy by the Costa Concordia off Italy (29 Jan 2012)
http://c.files.bbci.co.uk/60DD/production/_86479742_henriqueepedro4.jpg,Henrique Dubrugras and Pedro Franceschi
http://news.bbcimg.co.uk/media/images/61724000/jpg/_61724923_dscf2145(2).jpg,Section of collapsed road
http://news.bbcimg.co.uk/media/images/70159000/jpg/_70159009_police_un_getty.jpg,Policeman outside the United Nations
http://news.bbcimg.co.uk/media/images/49584000/jpg/_49584842_lynx_3_large.jpg,The Iberian lynx has suffered a catastrophic drop in numbers
http://news.bbcimg.co.uk/media/images/65708000/jpg/_65708957_wallstreet.jpg,Street sign for Wall Street
http://news.bbcimg.co.uk/media/images/50853000/jpg/_50853836_bull.jpg,Mr Jackson has offered to personally pay for a re-test
http://news.bbcimg.co.uk/media/images/48372000/jpg/_48372269_000105904-1.jpg,Generic shot of people walking
http://c.files.bbci.co.uk/13B05/production/_88054608_hi031238640.jpg,Mother and her baby at a clinic in Brazil
http://news.bbcimg.co.uk/media/images/71880000/jpg/_71880828_71880827.jpg,Boys inside the UN compound in Juba (19 December 2013)
http://news.bbcimg.co.uk/media/images/49883000/jpg/_49883145_student_demo_ap1.jpg,Student protest outside 30 Millbank
http://news.bbcimg.co.uk/media/images/60054000/jpg/_60054641_operation.jpg,Janet Pack's GP prescribed morphine to dull the pain of her gallstone after she was taken off the list
http://c.files.bbci.co.uk/6226/production/_85262152_85262150.jpg,"More than 2,500 swimmers are expected at the event"
http://news.bbcimg.co.uk/media/images/62055000/jpg/_62055538_monkeys1_464getty.jpg,Arctic Monkeys performing at the Olympic opening ceremony
http://news.bbcimg.co.uk/media/images/73363000/jpg/_73363173_96184201-new.jpg,Two farmers in New South Wales
http://news.bbcimg.co.uk/media/images/72871000/jpg/_72871997_shadows-624.jpg,"The number of those cycling to work is up in Wales from 16,389 in 2001 to 19,156 in 2011"
http://news.bbcimg.co.uk/media/images/74831000/jpg/_74831000_74830999.jpg,"Goodluck Jonathan, file pic"
http://news.bbcimg.co.uk/media/images/60613000/jpg/_60613041_60580269.jpg,Police footage captured a man/youth aiming at the force helicopter
http://news.bbcimg.co.uk/media/images/81055000/jpg/_81055816_jamutwo.jpg,"Nurmini, has been selling jamu for over 14 years in the Indonesian capital Jakarta"
http://news.bbcimg.co.uk/media/images/80183000/jpg/_80183754_80183753.jpg,Lorry on Clackmannanshire Bridge
http://news.bbcimg.co.uk/media/images/75102000/jpg/_75102079_75102077.jpg,Jeremy Vine on virtual map of UK
http://news.bbcimg.co.uk/media/images/52045000/jpg/_52045925_nissansunderland.jpg,Newly finished cars lined up at the Sunderland plant
"http://news.bbcimg.co.uk/media/images/56148000/jpg/_56148693_bushehrnuclearplant,ap.jpg","Bushehr nuclear plant, AP"
http://news.bbcimg.co.uk/media/images/54540000/jpg/_54540384__48395439_45685565-1.jpg,Motorway at night (generic)
http://c.files.bbci.co.uk/1090/production/_83904240_d60c22e4-8202-480f-890a-c7edc053aa23.jpg,Flowers are placed at the beach next to the Imperial Marhaba Hotel where 38 people were killed
http://c.files.bbci.co.uk/6023/production/_88811642_46b3ecd7-8bdf-4d6d-9934-b460723c3cd3.jpg,Madonna performs on the Rebel Heart tour
http://news.bbcimg.co.uk/media/images/68864000/jpg/_68864116_018710623-1.jpg,"Police patrol streets of Trappes, France (21 July 2013)"
http://news.bbcimg.co.uk/media/images/60653000/jpg/_60653759_marios.jpg,Mario designs over the decades
http://news.bbcimg.co.uk/media/images/47877000/jpg/_47877718_clegg_reform.226.jpg,Which laws would you abolish?
http://news.bbcimg.co.uk/media/images/66180000/jpg/_66180579_66180578.jpg,Can of water from Anheuser Busch advert
http://news.bbcimg.co.uk/media/images/69811000/jpg/_69811269_69811267.jpg,North Wiltshire Magistrates court
http://news.bbcimg.co.uk/media/images/49544000/jpg/_49544057_010442730-1.jpg,The otter was nearly wiped out by polluted rivers three decades ago
http://news.bbcimg.co.uk/media/images/81331000/jpg/_81331867_faadfff4-8c72-4e25-9716-ae680c1d2869.jpg,The Lumia 640XL packs more features than an earlier \
http://news.bbcimg.co.uk/media/images/73223000/jpg/_73223533_73223532.jpg,Many believe India's bargain-price schools have been producing better performing students
http://news.bbcimg.co.uk/media/images/50649000/jpg/_50649999_50649998.jpg,Jeremy Pearce was making his first appearance in court over the charges
http://news.bbcimg.co.uk/media/images/54549000/jpg/_54549029_firetot_pa.jpg,"Riot police patrol the streets in Tottenham, north London, on Sunday 7 August"
http://news.bbcimg.co.uk/media/images/73271000/jpg/_73271841_73271840.jpg,Australian union calls for management strategy change at Qantas
http://news.bbcimg.co.uk/media/images/74209000/jpg/_74209963_021897297-1.jpg,File photo dated 10/01/07 of a coal fired plant generating power as campaigners have demanded the world moves away from using fossil fuels
http://news.bbcimg.co.uk/media/images/74927000/jpg/_74927766_77708126-7247-491f-8506-5765b381ec1f.jpg,"David Cuthbert Thomas in a cricket team photo from Christ College, Brecon"
http://news.bbcimg.co.uk/media/images/52191000/jpg/_52191866_headandshouldersfreeze.jpg,Bangalore has developed from a quiet city into South India's technology hub
http://news.bbcimg.co.uk/media/images/74923000/jpg/_74923529_74923527.jpg,"Team DC have high hopes to compete against the fittest in the world, as the BBC's Tomos Morgan reports"
http://c.files.bbci.co.uk/1333E/production/_84145687_osborne.jpg,This is the first Conservative-only Budget since 1996
http://news.bbcimg.co.uk/media/images/79589000/png/_79589524_huwthomassmall.png,National Museum Wales strike action
http://news.bbcimg.co.uk/media/images/50328000/jpg/_50328167_skaterswaltz.jpg,Skater's waltz - this wintry scene from the Gnoll estate in Neath Photo: Mike Davies
http://news.bbcimg.co.uk/media/images/48002000/jpg/_48002749_hyundaiwc466_getty.jpg,"A Hyundai Santa Fe car, decorated for this summer's football World Cup"
http://news.bbcimg.co.uk/media/images/78619000/jpg/_78619306_112181554.jpg,"With this ring: Wedded bliss doesn't necessarily mean it's all plain sailing - and a row can quickly escalate into a ring pitched into the ether, only to be bitterly regretted later"
http://news.bbcimg.co.uk/media/images/72290000/jpg/_72290999_meter.jpg,"As the row over energy prices grows ever more heated, a growing number of people are choosing to steal their gas and electricity."
http://news.bbcimg.co.uk/media/images/48076000/jpg/_48076713_005795814-1.jpg,"Expensive short term credit fills a gap in the market, the OFT said"
http://news.bbcimg.co.uk/media/images/57278000/jpg/_57278231_57277719.jpg,Leith Links (Google maps)
http://news.bbcimg.co.uk/media/images/66693000/jpg/_66693752_017566302-1.jpg,The Beatles' Sgt. Pepper's Lonely Hearts Club Band album cover
http://news.bbcimg.co.uk/media/images/72167000/jpg/_72167701_020545466reu.jpg,North Korean leader Kim Jong Un (2nd L) watches a basketball game in Pyongyang in undated photo released by North Korea's Korean Central News Agency (KCNA) on 9 January 2014
http://news.bbcimg.co.uk/media/images/44536000/jpg/_44536487_breaking_splash_466x260.jpg,Southern army officials at ceasefire ceremony in January
http://c.files.bbci.co.uk/941A/production/_84541973_hi024937375.jpg,The US has a lot to consider for a long-term strategy to fight IS
http://news.bbcimg.co.uk/media/images/74589000/jpg/_74589404_022103486-1.jpg,Constance Briscoe outside the Old Bailey on 1 May 2014
http://news.bbcimg.co.uk/media/images/61775000/jpg/_61775973_levitt.jpg,Rebekah Brooks and Andy Coulson
http://news.bbcimg.co.uk/media/images/56996000/jpg/_56996119_osborne464in2_getty.jpg,George Osborne outside 11 Downing Street
http://news.bbcimg.co.uk/media/images/56476000/jpg/_56476262_teachfirstpic.jpg,Teenagers on the Heaps Teach First programme
http://news.bbcimg.co.uk/media/images/65756000/jpg/_65756074_65756073.jpg,Police are investigating allegations of illegal passing on of information from public officials to journalists
http://news.bbcimg.co.uk/media/images/60140000/jpg/_60140311_60140310.jpg,A woman uses a smartphone
http://news.bbcimg.co.uk/media/images/78716000/jpg/_78716231_hi002372209.jpg,The TV celebrity was questioned about allegations of abuse in 2009 but no action was taken
http://news.bbcimg.co.uk/media/images/78445000/jpg/_78445690_78445689.jpg,Indian women choosing jewellery
http://news.bbcimg.co.uk/media/images/55188000/jpg/_55188288_afpbird464.jpg,Miss India 2011 Vasuki Sunkavalli
http://news.bbcimg.co.uk/media/images/80869000/jpg/_80869262_80869258.jpg,The BBC's Nick Robinson: ''This tax bombshell has been ticking since 2007''
http://c.files.bbci.co.uk/11FC9/production/_87437637_87437635.jpg,A Belgian police officer stands guard at the entrance of the Brussels\
http://news.bbcimg.co.uk/media/images/77857000/jpg/_77857472_77857471.jpg,Former Egyptian President Hosni Mubarak on a stretcher before appearing for his retrial in Cairo (27 September 2014)
http://news.bbcimg.co.uk/media/images/51695000/jpg/_51695925_51695924.jpg,Prisoner of Azkaban was voted film of the decade by children aged five to 15
http://news.bbcimg.co.uk/media/images/80874000/png/_80874790_cj_400x400.png,"BBC archives recall some of the highlights for the chancellor, since he initially took on the role with the formation of the coalition in 2010"
http://news.bbcimg.co.uk/media/images/77347000/jpg/_77347643__58762013_hi007005940-1.jpg,East Kilbride-based Goals recently opened a new centre in Newcastle and is building one in Manchester
http://news.bbcimg.co.uk/media/images/56607000/jpg/_56607935_mite_on_spider_2_2d.jpg,The CT scan has allowed biologists to \
http://c.files.bbci.co.uk/DB58/production/_88725165_jessica.jpg,"Jessica Brady: 'I was so angry, it didn't feel real'"
http://c.files.bbci.co.uk/16441/production/_85410219_thinkstockphotos-487318078.jpg,Children learn through play in the early years
http://news.bbcimg.co.uk/media/images/58068000/jpg/_58068773_008295995-1.jpg,Coryton refinery. File pic
http://c.files.bbci.co.uk/149E4/production/_87925448_hi028818003.jpg,Emergency services at the crash site
http://news.bbcimg.co.uk/media/images/82511000/jpg/_82511635_thinkstockphotos-100679924.jpg,text reads: http:// Vote.
http://news.bbcimg.co.uk/media/images/64299000/jpg/_64299460_coffee2.jpg,The original webcam updated the image of a coffee pot about three times a minute
http://news.bbcimg.co.uk/media/images/77697000/jpg/_77697494_englishcake.jpg,Cake decorated in the colours of the Cross of St George
http://news.bbcimg.co.uk/media/images/60773000/jpg/_60773473_forsyth.jpg,Lord Forsyth on Question Time
http://news.bbcimg.co.uk/media/images/75883000/jpg/_75883463_fire.jpg,GSA artwork made from ash
http://news.bbcimg.co.uk/media/images/74263000/jpg/_74263956_74263955.jpg,"Rescuers and others gather at the site of a bus accident in Ratnagiri district, in the western Indian state of Maharashtra, Tuesday, March 19, 2013"
http://c.files.bbci.co.uk/93BB/production/_84291873_84287975.jpg,The Galaxy A8 is thinner than the more expensive S6 but features a less powerful processor
http://news.bbcimg.co.uk/media/images/48632000/jpg/_48632878_005745824-1.jpg,Individual insolvencies dropped for the first time in two and a half years
http://news.bbcimg.co.uk/media/images/50391000/jpg/_50391639_photo1.jpg,Each year in Paris the great and the good of the internet world gather for the Le Web conference.
http://news.bbcimg.co.uk/media/images/52363000/jpg/_52363108_52363064.jpg,The advert can no longer be used following the ruling
http://news.bbcimg.co.uk/media/images/66968000/jpg/_66968803_sex-worker_pa.jpg,A sex worker on the street
http://news.bbcimg.co.uk/media/images/59025000/jpg/_59025335_014240040-1.jpg,Celtic manager Neil Lennon helps to carry Paul McBride's coffin
http://news.bbcimg.co.uk/media/images/61356000/jpg/_61356803_robinson_144x104.jpg,"Hereford and Herefordshire South MP Jesse Norman, angered the PM"
http://news.bbcimg.co.uk/media/images/76855000/jpg/_76855837_wiggins.jpg,Sir Bradley Wiggins returned to the streets where he won gold at the 2012 London Olympic Games
http://news.bbcimg.co.uk/media/images/65868000/jpg/_65868967_65868966.jpg,File picture of the Russian central bank in Moscow
http://news.bbcimg.co.uk/media/images/47960000/jpg/_47960357_47960341.jpg,Artist's impression of touchdown on Itokawa (Jaxa)
http://c.files.bbci.co.uk/95A5/production/_86190383_86190382.jpg,Ghitani was born in the southern province of Sohag in 1945
http://c.files.bbci.co.uk/2BBD/production/_86379111_86379110.jpg,Google's Project Loon superpressure balloons have already flown millions of kilometres around the world
http://news.bbcimg.co.uk/media/images/58496000/jpg/_58496445_58493654.jpg,Friends Reunited Dating website
http://news.bbcimg.co.uk/media/images/69098000/jpg/_69098701_69098700.jpg,Protests at the camp were described as good natured
http://news.bbcimg.co.uk/media/images/64823000/jpg/_64823341_9uacnzwf.jpg,Rank and Gala are two of the three largest casino operators in the UK
http://news.bbcimg.co.uk/media/images/57312000/jpg/_57312546_anticorruptionmovemebntap46.jpg,Anti-corruption protest in India
http://news.bbcimg.co.uk/media/images/57342000/jpg/_57342303_013518636-1.jpg,Former French President Jacques Chirac (file pic Nov 2010)
http://news.bbcimg.co.uk/media/images/44737000/jpg/_44737120_constitutionstreettram226.jpg,It is hoped the tram network project will be finished by the end of 2012
http://news.bbcimg.co.uk/media/images/50616000/jpg/_50616551_jex_912738_de40-1.jpg,Madonna with Pussy Riot on her back
http://news.bbcimg.co.uk/media/images/57315000/jpg/_57315478_nordine.jpg,Belgian public prosecutor Daniele Reynders: \
http://news.bbcimg.co.uk/media/images/67341000/jpg/_67341627_tiger-@-safari(2).jpg,The new male tiger in Nandankanan zoo
http://news.bbcimg.co.uk/media/images/57064000/jpg/_57064113__1527851_cjd300-1.jpg,The study could lead to treatments to stop vCJD spreading to the brain
http://news.bbcimg.co.uk/media/images/52467000/jpg/_52467654_skier_bbc_304.jpg,"Almost 15,000 skiers and snowboarders took to the slopes at the weekend"
http://news.bbcimg.co.uk/media/images/79832000/jpg/_79832444_025164220-1.jpg,"Lee Jung-hee, centre, a head of the Unified Progressive Party, and supporters shout slogans against constitutional court\"
http://c.files.bbci.co.uk/1567A/production/_83747678_83747677.jpg,Alexander Hilton was told his crime was 'wicked and deceitful'
http://news.bbcimg.co.uk/media/images/72759000/jpg/_72759818_cars.jpg,Tata car on a stand at the Delhi Auto Show
http://news.bbcimg.co.uk/media/images/74807000/png/_74807805_sonicss.png,The battle between Nintendo and Sega in the 1990s arguably laid the foundation for the future of the video game industry in the United States.
http://news.bbcimg.co.uk/media/images/82656000/jpg/_82656789_115577838.jpg,The European Court of Justice has ruled that there must be no \
http://news.bbcimg.co.uk/media/images/60217000/jpg/_60217276_jex_1405228_de27-1.jpg,Europe shares hit by Greek crisis
http://news.bbcimg.co.uk/media/images/78004000/jpg/_78004111_flight_grab_le.jpg,Nora Brier said she would also like to be driven at high speed around a racing circuit
http://news.bbcimg.co.uk/media/images/69684000/jpg/_69684956_69669831.jpg,Generic view of Southend Central
http://news.bbcimg.co.uk/media/images/52256000/jpg/_52256426_webster_drumm.jpg,Malcolm Webster and Felicity Drumm
http://news.bbcimg.co.uk/media/images/70397000/jpg/_70397521_70397520.jpg,Gesture controlled mobile using ultrasound
http://news.bbcimg.co.uk/media/images/59229000/jpg/_59229792_jex_1357652_de27-1.jpg,A dress worn by Princess Diana and items from Elvis Presley are likely to be among the top lots at the auction.
http://news.bbcimg.co.uk/media/images/62225000/jpg/_62225348_demo.jpg,Demonstrators outside Thurnby Lodge in Leicester
http://news.bbcimg.co.uk/media/images/57364000/jpg/_57364016_114111863.jpg,"People using computers at an internet cafe in Beijing, 12 May 2011"
http://news.bbcimg.co.uk/media/images/78794000/jpg/_78794692_g2uvjvid.jpg,Woman walking past Job Centre
http://c.files.bbci.co.uk/121C2/production/_86087147_de46.jpg,A Titan walks towards a village
http://news.bbcimg.co.uk/media/images/60336000/jpg/_60336771_60336770.jpg,"Italian marines Latore Massimiliano, left and Salvatore Girone arrive to appear before a court in Kollam in southern Kerala state, India, Monday, April 30, 2012."
http://news.bbcimg.co.uk/media/images/58691000/jpg/_58691716_peter.jpg,Peter Robinson said there must be no amnesty for crimes committed during the Troubles
http://c.files.bbci.co.uk/B2AF/production/_84534754_monmouth-learn-it-centre.jpg,Coleg Gwent Monmouth IT centre
http://news.bbcimg.co.uk/media/images/77068000/jpg/_77068253_477864709.jpg,A Soyuz rocket carrying two Galileo satellites and a mobile gantry at Europe's spaceport in French Guiana
http://news.bbcimg.co.uk/media/images/54575000/jpg/_54575009_010519841-1.jpg,Murderers Ian McLoughlin (L) and Lew Newell (R)
http://news.bbcimg.co.uk/media/images/51569000/jpg/_51569874_011299780-1.jpg,Independence anniversary celebrations in Pristina. 17 Feb 2011
http://c.files.bbci.co.uk/121A0/production/_88644147_johnson_gettycomposite.jpg,Margaret Byrne and Adam Johnson
http://news.bbcimg.co.uk/media/images/53740000/jpg/_53740097_filaments.jpg,Galactic centre (NRAO/AUI/NSF/Yusef-Zadeh)
http://news.bbcimg.co.uk/media/images/50961000/jpg/_50961245_bombexperts.jpg,Police and bomb experts (picture by JD Kernoghan)
http://news.bbcimg.co.uk/media/images/56150000/jpg/_56150413_56150412.jpg,Upside down Welcome to Chadderton sign
http://news.bbcimg.co.uk/media/images/57516000/jpg/_57516874_dinner.jpg,"The cost of turkey has gone up, official statistics show"
http://news.bbcimg.co.uk/media/images/57598000/jpg/_57598200_katiewynter.jpg,Catherine Wynter's body was found by her mother on 27 December
http://news.bbcimg.co.uk/media/images/62427000/jpg/_62427705_015720894-2.jpg,"Russian companies could benefit from easier access to foreign markets, economists say"
http://news.bbcimg.co.uk/media/images/48002000/jpg/_48002809_hi003521460.jpg,David Cameron has said he is prepared to appear before MSPs
http://news.bbcimg.co.uk/media/images/72469000/jpg/_72469717_norafakim2.jpg,"Women's rights activists protesting in Rabat, Morocco - 17 March 2012"
http://news.bbcimg.co.uk/media/images/73061000/jpg/_73061906_73061904.jpg,Students shout against the National Guards during a demonstration outside Voluntad Popular headquarters in Caracas
http://news.bbcimg.co.uk/media/images/74992000/jpg/_74992546_74992545.jpg,Man pushing sorted parcels
http://news.bbcimg.co.uk/media/images/79793000/jpg/_79793757_79683973.jpg,A swimmer in a Father Christmas costume at a festive swim in Cornwall
http://news.bbcimg.co.uk/media/images/51307000/jpg/_51307253_011171682-1.jpg,A Chinese farmer shows the dried vegetable seeds at his drought-stricken fields in Shandong province
http://news.bbcimg.co.uk/media/images/67477000/jpg/_67477702_gettyhi017811113.jpg,Various shots of Alex Ferguson
http://news.bbcimg.co.uk/media/images/64396000/jpg/_64396889_jex_15372_de27-1.jpg,Patrick Piggott died when the van he was in plunged into a river in July 2010
http://news.bbcimg.co.uk/media/images/77897000/jpg/_77897577_leonardo_bernie3.jpg,Three different versions of the painting were produced
http://news.bbcimg.co.uk/media/images/81836000/jpg/_81836052_467265368.jpg,Crown from Richard III ceremony
http://c.files.bbci.co.uk/A9AF/production/_83793434_gettyimages-79147738.jpg,The Confederate Flag outside the South Carolina State House
http://news.bbcimg.co.uk/media/images/59468000/jpg/_59468981_jex_1369181_de27-1.jpg,Lizo Mzimba gets a first glimpse of the film and the set with Daniel Craig
http://news.bbcimg.co.uk/media/images/49045000/jpg/_49045100_159025111-669b6747f2fe9677cd0df4ca5e6e8636.4c88f670-full-1.jpg,Staff outside the hospital
http://news.bbcimg.co.uk/media/images/48987000/jpg/_48987692_jockeys_304.jpg,Jamie Kyne and Jan Wilson
http://news.bbcimg.co.uk/media/images/47916000/jpg/_47916021_009374274-1.jpg,"Foxconn factory in Shenzhen, China (25 May 2010)"
http://news.bbcimg.co.uk/media/images/48094000/jpg/_48094870_gillan_226.jpg,Cheryl Gillan addressing AMs
http://news.bbcimg.co.uk/media/images/76523000/jpg/_76523929_76523927.jpg,"A helicopter lands at the site of the Air Algerie flight AH5017 crash in Mali - July 25, 2014"
http://news.bbcimg.co.uk/media/images/53711000/jpg/_53711864_004381478-1.jpg,The FCA's powers are aimed at preventing more mis-selling scandals by stepping in earlier
http://news.bbcimg.co.uk/media/images/48356000/jpg/_48356909_009803214-1.jpg,David Cameron issued a warning to the expenses watchdog
http://c.files.bbci.co.uk/735C/production/_88323592_031524958.jpg,Petrol station in Caracas. 17 Feb 2016
http://news.bbcimg.co.uk/media/images/82916000/jpg/_82916338_tv022284416.jpg,DF Concerts wants to hold the music festival at the Strathallan estate on an annual basis
http://news.bbcimg.co.uk/media/images/64499000/jpg/_64499950_64499949.jpg,Andrew Lancel appeared in Coronation Street from January 2011 until March this year
http://news.bbcimg.co.uk/media/images/49380000/jpg/_49380398_gbrown.getty.jpg,The former prime minister said the carriers were essential for the defence of Britain
http://news.bbcimg.co.uk/media/images/80833000/jpg/_80833755_brymboaerialcrop.jpg,Brymbo iron and steel works site
http://news.bbcimg.co.uk/media/images/52930000/jpg/_52930138_jex_1054850_de25-1.jpg,"Workmen Leaving Platt's Works, Oldham - 20 August 1900. Pics from BFI"
"http://news.bbcimg.co.uk/media/images/68525000/jpg/_68525273_c0146796-liver,_gallbladder_and_pancreas,_artwork-spl.jpg",The liver breaks down toxins
http://c.files.bbci.co.uk/2B13/production/_84072011_84072010.jpg,"Fraudsters often call people pretending to be from banks, as Jane-Frances Kelly reports"
http://c.files.bbci.co.uk/9DFB/production/_88934404_gettyimages-120275952.jpg,Three Japanese kimono-clad women make phone calls as they leave an annual coming-of-age ceremony
http://news.bbcimg.co.uk/media/images/79536000/jpg/_79536861_79536857.jpg,It is believed a fox dug up body parts on Tooting Common in 2012
http://news.bbcimg.co.uk/media/images/71163000/jpg/_71163465_vw_20131115_3606.jpg,Day three events in Wales Rally GB
http://news.bbcimg.co.uk/media/images/73472000/jpg/_73472801_73472800.jpg,"Police guard the morgue where Nazario Moreno's body is held, Apatzingan, Michoacan state, Mexico (10 March 2014)"
http://c.files.bbci.co.uk/A326/production/_86666714_img_8895.jpg,Volunteers met in Llanfairfechan for the round-up on Saturday
http://news.bbcimg.co.uk/media/images/58413000/jpg/_58413279_84184ccd-94aa-4a64-b8c9-ab60e9b3f842.jpg,Mr Osborne's Budget marks 50 days to go until the general election
http://news.bbcimg.co.uk/media/images/68789000/jpg/_68789650_tern.jpg,Common terns fly from west Africa to breed on the Moray and Cromarty firths
http://news.bbcimg.co.uk/media/images/81975000/jpg/_81975258_81975048.jpg,File image of Jihadi John
http://news.bbcimg.co.uk/media/images/65145000/jpg/_65145514_65145512.jpg,The BBC's James Cook reports on the mystery that has haunted Moira's family for half a century
http://c.files.bbci.co.uk/11F34/production/_86842537_86842535.jpg,"Girls in a class in Kampala, Uganda"
http://news.bbcimg.co.uk/media/images/51606000/jpg/_51606887_bn-304x171.jpg,Portuguese Prime Minister Jose Socrates announcing his resignation (23 March 2011)
http://news.bbcimg.co.uk/media/images/66305000/jpg/_66305115_577769_305805796214137_572734220_n.jpg,"The Metropolitan Police, which owns Connaught House, wants to sell it"
http://news.bbcimg.co.uk/media/images/70136000/jpg/_70136185_015118584-1.jpg,The Welsh government says data for England and Wales cannot be compared
http://news.bbcimg.co.uk/media/images/80295000/jpg/_80295955_rooftopsnewport.jpg,Estate agent boards outside houses in Cardiff
http://c.files.bbci.co.uk/6561/production/_87335952_87335950.jpg,"Lord Feldman is remaining neutral in the EU debate, says the Conservative Party"
http://news.bbcimg.co.uk/media/images/49363000/jpg/_49363736_marikooiuncut.jpg,Kunio Ueno's small restaurant will feel the effects of three unpopular economic policies being debated in the run-up to Japanese elections
http://news.bbcimg.co.uk/media/images/60165000/jpg/_60165067_002564893-1.jpg,"Police said the speed restrictions were the maximum permitted, not a \"
http://news.bbcimg.co.uk/media/images/52207000/jpg/_52207856_011779904-1.jpg,World Bank president Robert Zoellick
http://news.bbcimg.co.uk/media/images/48791000/jpg/_48791438_rbstents.jpg,Tents pitched at Gogarburn
http://news.bbcimg.co.uk/media/images/57851000/jpg/_57851101__48433414_clydesdale_bank_304-1.jpg,The parent company of the Clydesdale insists there is no scaling down of support for the Scottish bank
http://news.bbcimg.co.uk/media/images/67710000/jpg/_67710667_67710666.jpg,David Graham fled to France after his initial arrest in 2006
http://news.bbcimg.co.uk/media/images/67926000/jpg/_67926544_67926543.jpg,Iraqi soldiers hold bottles containing chemical agents at a press conference in Baghdad (1 June 2013)
http://news.bbcimg.co.uk/media/images/54184000/jpg/_54184859_roadsign.jpg,Many of the places with the best-educated adults are in London and the south
http://news.bbcimg.co.uk/media/images/61354000/jpg/_61354553_015100851-1.jpg,Reform Scotland wants nursery provision to begin at a fixed point in the year
http://news.bbcimg.co.uk/media/images/57669000/jpg/_57669236_013489818-1.jpg,Trader in London (file photo)
http://news.bbcimg.co.uk/media/images/74540000/jpg/_74540397_dy55v7u4.jpg,"Lockett (L) and Warner (R) were due to be put to death in the same room, just two hours apart"
http://news.bbcimg.co.uk/media/images/74263000/jpg/_74263126_74263124.jpg,Lord Tebbit talks to Newsnight's Jeremy Paxman about his children's book
http://c.files.bbci.co.uk/7735/production/_86771503_270.jpg,WATCH: Researchers claim to have created a new form of 3D printing
http://news.bbcimg.co.uk/media/images/50062000/jpg/_50062339_jex_873686_de27-1.jpg,Patrolling the Afghan border
http://news.bbcimg.co.uk/media/images/53409000/jpg/_53409655_taylor-112x81.jpg,John Finnie and Jean Urquhart
http://news.bbcimg.co.uk/media/images/70798000/jpg/_70798132_melvinelgincatsspca.jpg,The black and white cat was found in Elgin's Forbes Court
http://c.files.bbci.co.uk/F780/production/_86506336_86506334.jpg,Snakes found at the site of the cannabis factory
http://news.bbcimg.co.uk/media/images/68540000/jpg/_68540814_imgp0832.jpg,Nest in golf bag with five chicks
http://news.bbcimg.co.uk/media/images/58415000/jpg/_58415595_937387df-7b6f-4966-b4d0-20a3d5482563.jpg,Narendra Modi led his BJP to a historic election win
http://news.bbcimg.co.uk/media/images/50783000/jpg/_50783236_alteredscreengrab_10techterms.jpg,Magazine story on tech jargon
http://c.files.bbci.co.uk/16527/production/_85113419_de28.jpg,woman working on laptop in a cafe in India
http://news.bbcimg.co.uk/media/images/83130000/jpg/_83130931_hatton2.jpg,The Hatton Garden vault was raided over the Easter Weekend
http://c.files.bbci.co.uk/10332/production/_88245366_rhodriglynthomas.jpg,National Library of Wales
http://news.bbcimg.co.uk/media/images/71870000/jpg/_71870229_corn.jpg,Grains of corn in the palm of a hand
http://news.bbcimg.co.uk/media/images/60753000/jpg/_60753803_andean.jpg,Traditional Andean doctor
http://news.bbcimg.co.uk/media/images/80957000/jpg/_80957838_80957837.jpg,Brendan Conway admitted to 15 child sex offences
http://news.bbcimg.co.uk/media/images/70855000/png/_70855259_joel.png,CCTV various images of Anxiang Du
http://news.bbcimg.co.uk/media/images/81162000/jpg/_81162755_fishbucket1.jpg,Fish being tipped from a bucket
http://news.bbcimg.co.uk/media/images/48378000/jpg/_48378746_pauladams.jpg,President Barack Obama - 19 September 2011
http://news.bbcimg.co.uk/media/images/79816000/jpg/_79816869_79816868.jpg,Artists image of the new faciluty
http://news.bbcimg.co.uk/media/images/59276000/jpg/_59276743_59276742.jpg,Bride Frances Canning along with some of the wedding party
http://news.bbcimg.co.uk/media/images/61928000/jpg/_61928583_mali.jpg,Soldiers in Bamako (May 2012)
http://c.files.bbci.co.uk/21C8/production/_86484680_taxilorry.jpg,"Adam Russell, speaking to the BBC's Jackie Bird"
http://news.bbcimg.co.uk/media/images/55332000/jpg/_55332315_rugby5.jpg,A boy touches a giant rugby ball
http://news.bbcimg.co.uk/media/images/72952000/jpg/_72952006_72952005.jpg,Marius the giraffe pictured at Copenhagen Zoo on 7 February 2014
http://c.files.bbci.co.uk/13816/production/_86749897_password.png,The legislation aims to tighten cybersecurity for critical infrastructure
http://news.bbcimg.co.uk/media/images/51216000/jpg/_51216150_011239106-1.jpg,"Picture taken on 14 December 2011 shows cross-eyed opossum Heidi in her enclosure at the zoo in Leipzig, eastern Germany"
http://news.bbcimg.co.uk/media/images/65693000/jpg/_65693689_braemarbridgeplan.jpg,The planned bridge is seen as a way of making Braemar an alternative Cairngorms stop
http://news.bbcimg.co.uk/media/images/63928000/jpg/_63928142_qdspupr9.jpg,Car drivers currently pay £6.20 to enter Wales on the Severn crossings
http://c.files.bbci.co.uk/17633/production/_87259759_chamber_mistletoe.jpg,John Swinney said his government had given \
http://news.bbcimg.co.uk/media/images/74953000/jpg/_74953293_turing.jpg,Alan Turing killed himself in 1954 after hormone treatment to \
http://news.bbcimg.co.uk/media/images/49053000/jpg/_49053792_49052424.jpg,Rowie Meers with a melon in a bra
http://news.bbcimg.co.uk/media/images/77057000/jpg/_77057240_wns_200814_spike_death_04.jpg,A neighbour found Peter Davies badly injured and fought to save him before paramedics arrived
http://news.bbcimg.co.uk/media/images/52101000/jpg/_52101295_briantaylor.jpg,"The European Court of Human Rights in Strasbourg, France, file pic from 1999"
http://news.bbcimg.co.uk/media/images/74397000/png/_74397189_printer2.png,"Zuta Labs says its robot will move around a page, printing as it goes"
http://news.bbcimg.co.uk/media/images/63916000/jpg/_63916693_016313516.jpg,Shadow home secretary Yvette Cooper
http://news.bbcimg.co.uk/media/images/74525000/jpg/_74525063_damonbbc.jpg,The singer visited his old childhood homes in London and Essex while writing the album
http://news.bbcimg.co.uk/media/images/57943000/jpg/_57943154_57935851.jpg,The word YES appeared numerous times
http://news.bbcimg.co.uk/media/images/75144000/jpg/_75144567_75144564.jpg,"Flat in Fullarton Street, Kilmarnock"
http://news.bbcimg.co.uk/media/images/48888000/jpg/_48888876_tatarstanpresident.jpg,Tatarstan's President Rustam Minnikhanov
http://c.files.bbci.co.uk/50C5/production/_85977602_85977597.jpg,Narendra Modi pictured at the UN General Assembly
http://news.bbcimg.co.uk/media/images/70833000/jpg/_70833671_prostatespl.jpg,The prostate gland surrounds the neck of the bladder in men
http://news.bbcimg.co.uk/media/images/50073000/jpg/_50073784_010675695-1.jpg,People covered their mouths as they walked past the dead in Haiti's capital
http://news.bbcimg.co.uk/media/images/65708000/jpg/_65708606_coffin_church.jpg,Coffin being carried into church while people stand in the background
http://news.bbcimg.co.uk/media/images/72875000/jpg/_72875001_crime.jpg,"Staff from the police, forensics, customs and the prosecution service will be based at the new centre"
http://news.bbcimg.co.uk/media/images/51714000/jpg/_51714470_cards.jpg,Card providers scaled back offers during the recession
http://news.bbcimg.co.uk/media/images/67444000/jpg/_67444838_67444837.jpg,"Pakistani prisoner Sanaullah, an inmate of India\"
http://news.bbcimg.co.uk/media/images/62412000/jpg/_62412736_1.jpg,Nurse speaks with robot doctor
http://news.bbcimg.co.uk/media/images/61813000/jpg/_61813146_61813145.jpg,"This Jan. 26, 2012 file photo shows, from left, Prince Jackson, Blanket Jackson and Paris Jackson"
http://news.bbcimg.co.uk/media/images/49020000/jpg/_49020626_010118054-1.jpg,Village of Luvungi. 6 Sept 2010
http://c.files.bbci.co.uk/497C/production/_87821881_7793ca77-e0d2-4824-9ae6-3e0926c1e756.jpg,Tweet by Terri Irwin saying: \
http://news.bbcimg.co.uk/media/images/81950000/jpg/_81950424_mathare_1024.jpg,How an app and mapping technology is making life better for residents in a Nairobi slum
http://news.bbcimg.co.uk/media/images/68331000/jpg/_68331681_68327289.jpg,Bruce Munro light installation \
http://news.bbcimg.co.uk/media/images/58049000/jpg/_58049578_jex_1297820_de06-1.jpg,Councillor Jason Kitcat explained why bills in Brighton will go up by 57p despite a government offer to lower council tax bills
http://news.bbcimg.co.uk/media/images/70450000/jpg/_70450892_70450890.jpg,Director of Public Prosecutions Keir Starmer on the Andrew Marr Show
http://news.bbcimg.co.uk/media/images/52859000/jpg/_52859456_jex_1051655_de27-1.jpg,"Comedian Ruby Wax talks to Matthew Stadlen about studying at Oxford, escaping from a Swiss charm school. her struggle with depression and how \"
http://c.files.bbci.co.uk/124FF/production/_87470057_73808327.jpg,Carmarthenshire council headquarters
http://news.bbcimg.co.uk/media/images/54783000/jpg/_54783653_012708564-1.jpg,"Mustafa Abdel Jalil, chairman of Libya\"
http://news.bbcimg.co.uk/media/images/71996000/jpg/_71996150_71996148.jpg,Hairdressers in this salon welcome the new law to counter the country's unemployment rate of about 80%
http://news.bbcimg.co.uk/media/images/80460000/jpg/_80460018_euroshopping.jpg,ECB President Mario Draghi on why the bank has decided to implement QE
http://news.bbcimg.co.uk/media/images/48498000/jpg/_48498351_motherbaby_304_thinkstock.jpg,A responsive mum will know when to soothe her baby
http://news.bbcimg.co.uk/media/images/57534000/jpg/_57534078_khan.jpg,Pakistani activists burn a US flag during a protest against US missile strikes in tribal areas (August 2013)
http://news.bbcimg.co.uk/media/images/66798000/jpg/_66798520_66798518.jpg,Brigid Simmonds: Working with pubs and clubs is a much better way forward
http://news.bbcimg.co.uk/media/images/72815000/jpg/_72815714_72806511.jpg,Prime Minister David Cameron
http://c.files.bbci.co.uk/2859/production/_88092301_radiated-tortoise-6-sml.jpg,File photograph of the stolen tortoise
http://news.bbcimg.co.uk/media/images/59957000/jpg/_59957637_013315002-2.jpg,Newborns showing withdrawal symptoms often require treatment to wean them off the drug
http://news.bbcimg.co.uk/media/images/58885000/jpg/_58885860_geologicalconservatorvicencarrioworkingonthefossils.jpg,Ribbo - artist's impression
http://news.bbcimg.co.uk/media/images/77403000/jpg/_77403435_tv023724185.jpg,Barack Obama and David Cameron
http://news.bbcimg.co.uk/media/images/79284000/jpg/_79284350_79284349.jpg,Armed police at Edinburgh Airport
http://news.bbcimg.co.uk/media/images/64033000/jpg/_64033356_154366915.jpg,Johnnie Walker whisky bottles
http://news.bbcimg.co.uk/media/images/80663000/jpg/_80663702_80663701.jpg,"Amazon's Prime service offers speedier deliveries, as well as access to music and videos online"
http://news.bbcimg.co.uk/media/images/57001000/jpg/_57001554_013410960-1.jpg,"A giant portrait of embattled Syrian President Bashar al-Assad hangs on a building in the capital Damascus, 28 November 2011."
http://news.bbcimg.co.uk/media/images/78692000/jpg/_78692319_78692318.jpg,Pragaret Singh's uncle has said the family was \
http://news.bbcimg.co.uk/media/images/62255000/jpg/_62255917_raillinepa.jpg,Commuters tell tales of rail fare woe
http://c.files.bbci.co.uk/6D90/production/_85484082_6ba4166a-8fdd-4130-8c4e-b392c65889f5.jpg,David Miller and Hannah Witheridge
http://news.bbcimg.co.uk/media/images/66532000/jpg/_66532970_foxxdjangoap.jpg,"Jamie Foxx, with Christoph Waltz, in a scene from Django Unchained"
http://news.bbcimg.co.uk/media/images/83402000/jpg/_83402569_83402567.jpg,David Cameron led tributes to the former Liberal Democrat leader
http://news.bbcimg.co.uk/media/images/63860000/jpg/_63860333_012579042-1.jpg,Hospital operation generic
http://news.bbcimg.co.uk/media/images/63834000/jpg/_63834347_63834345.jpg,Live coverage as the New York Stock Exchange reopens
http://c.files.bbci.co.uk/52D2/production/_88820212_1cctvaltcomp.jpg,CCTV footage of police chase of Clayton Williams
http://news.bbcimg.co.uk/media/images/49588000/jpg/_49588415_fahy.jpg,Mr Fahy speaks on workforce issues for the Association of Chief Police Officers
http://news.bbcimg.co.uk/media/images/52272000/jpg/_52272274_pallabghosh2.jpg,Skull of new species of human
http://news.bbcimg.co.uk/media/images/49639000/jpg/_49639791_ft.jpg,Pearson owns the Financial Times newspaper
http://news.bbcimg.co.uk/media/images/69202000/jpg/_69202221_vanad.jpg,Van showing the 'Go home' message
http://news.bbcimg.co.uk/media/images/75712000/jpg/_75712751_poetplaque32106.jpg,Germaine Greer unveils flagstone
http://news.bbcimg.co.uk/media/images/68454000/jpg/_68454942_68454939.jpg,President Obama in Pretoria
http://news.bbcimg.co.uk/media/images/62845000/jpg/_62845892_army2.jpg,"Mr Fenton sent home paintings, letters and photographs from his time in Burma"
http://news.bbcimg.co.uk/media/images/55858000/jpg/_55858579_011033532-1.jpg,Depp has played Captain Jack Sparrow in four Pirates of the Caribbean films
http://news.bbcimg.co.uk/media/images/50749000/jpg/_50749250_snowboarder_bbc_304.jpg,The Scottish government has highlighted the economic benefits of skiing
http://c.files.bbci.co.uk/1101C/production/_85006696_d2425056-9c11-4b80-baf8-051c9109c558.jpg,Labour leadership contenders
http://news.bbcimg.co.uk/media/images/52878000/jpg/_52878530_jex_1052563_de27-1.jpg,"The rebels used to be security guards, shopkeepers and engineers"
http://c.files.bbci.co.uk/0CD0/production/_88408230_88408229.jpg,Matthew Hamlen attending Winchester Crown Court
http://news.bbcimg.co.uk/media/images/61961000/jpg/_61961743_56180296.jpg,The Twin Sails Bridge has been beset by problems since it opened in April
http://newsimg.bbc.co.uk/media/images/61802000/jpg/_61802564_bina1.jpg,Nicole Huber (left) and Fiona Irvine
http://news.bbcimg.co.uk/media/images/71669000/jpg/_71669788_77743724.jpg,Children are measured in reception and year 6
http://news.bbcimg.co.uk/media/images/53750000/jpg/_53750017_jex_1091364_de27-1.jpg,Venezuela suspends summit over Hugo Chavez's illness
http://news.bbcimg.co.uk/media/images/76592000/jpg/_76592702_traffic_pollution-spl-1.jpg,"Government figures show exposure to air pollution contributed to more than 28,000 deaths across the UK"
http://c.files.bbci.co.uk/CC87/production/_88495325_88495324.jpg,Brie Larson and Leonardo DiCaprio
http://news.bbcimg.co.uk/media/images/60470000/jpg/_60470648_building.jpg,Industrial unit where the explosion happened
http://news.bbcimg.co.uk/media/images/69409000/jpg/_69409910_69409909.jpg,US soldier Bradley Manning is escorted into court to receive his sentence at Fort Meade in Maryland 21 August 2013
http://news.bbcimg.co.uk/media/images/63734000/jpg/_63734749_amelia.jpg,J J Abrams on the set of Star Wars
http://news.bbcimg.co.uk/media/images/70795000/jpg/_70795706_185635497.jpg,Energy prices have become a political battleground since the first rises in October
http://news.bbcimg.co.uk/media/images/63927000/jpg/_63927257_150117791.jpg,Two wrestlers during a bout
http://news.bbcimg.co.uk/media/images/58540000/jpg/_58540075_swindonnorthrotarianterrywilliams.jpg,Swindon North Rotarian Terry Williams in a ShelterBox emergency tent
http://news.bbcimg.co.uk/media/images/51140000/jpg/_51140523_kids.jpg,Pupils at Pimlico Academy in London tell of friends who have had revealing photos made public and give their views of the Ceop film.
http://news.bbcimg.co.uk/media/images/74221000/jpg/_74221242_74221241.jpg,"Rahul Gandhi with his sister Priyanka Gandhi in Amethi to file his nomination for the general elections in the northern Indian state of Uttar Pradesh, Saturday, April 12, 2014"
http://c.files.bbci.co.uk/10240/production/_84221166_chapel3.jpg,Capel Aberfan after the fire
http://news.bbcimg.co.uk/media/images/60214000/jpg/_60214425_60214424.jpg,More than 50% of the global crop comes from varieties bred at the James Hutton Institute
http://news.bbcimg.co.uk/media/images/75568000/jpg/_75568429_haptic_vest1024.jpg,Click's Spencer Kelly wears a haptic vest
http://news.bbcimg.co.uk/media/images/48930000/jpg/_48930173_48852032.jpg,President Barack Obama speaks about the economy at Osawatomie High School 6 December 2011
http://news.bbcimg.co.uk/media/images/62428000/jpg/_62428000_trams005.jpg,Tram on the test track at Gogar depot
http://news.bbcimg.co.uk/media/images/71715000/jpg/_71715285_gayprotests.jpg,An Indian gay rights activist holds up a placard during a protest after the country\
http://news.bbcimg.co.uk/media/images/68710000/jpg/_68710253_khatpicker2.jpg,"A khat picker in Meru, Kenya"
http://news.bbcimg.co.uk/media/images/69353000/jpg/_69353159_69353157.jpg,Denise Hammick reports on the wildfire sweeping Idaho
http://news.bbcimg.co.uk/media/images/71430000/jpg/_71430200_71428861.jpg,Ed Miliband says David Cameron has been \
http://news.bbcimg.co.uk/media/images/80121000/jpg/_80121023_80121021.jpg,Sir Alan Duncan criticised the length of email disclaimers sent by public bodies
http://c.files.bbci.co.uk/15CB2/production/_85666298_bus.jpg,The four buses on the 21a route will be on the road during university term time from October
http://c.files.bbci.co.uk/DA0F/production/_85732855_85732854.jpg,EU and UK flags flying next to each other
http://news.bbcimg.co.uk/media/images/71933000/jpg/_71933921_71933920.jpg,"File image shows part of the HealthCare.gov website in Washington, that notes to enrol by December 23 for coverage starting as soon as 1 January 2014, on 20 December 2013"
http://news.bbcimg.co.uk/media/images/56853000/jpg/_56853541_jex_1241147_de26-1.jpg,"Two pandas are heading to Edinburgh Zoo from China, as part of an international conservation effort"
http://news.bbcimg.co.uk/media/images/51591000/jpg/_51591690_mandella.jpg,Nelson Mandela at the opening of his Johannesburg law office in 1952.
http://news.bbcimg.co.uk/media/images/83307000/jpg/_83307216_zzzzzzzzzzzzzzzzzzzzzzzzzzzzzzzzzzzzzzzzzzzzzzzzzzzzzzzzzzzzzzzzzzzzzzzzzzzzzzzzzzzzzzzzzzzzzzzzzzzzzzzzzzzzzzzzzbrithdir.jpg,Brithdir Care home failings found proved
http://news.bbcimg.co.uk/media/images/49982000/jpg/_49982586_49981723.jpg,The apartment block has continued to smoulder throughout the night
http://news.bbcimg.co.uk/media/images/76234000/jpg/_76234099_76234098.jpg,"A charred car in Luhansk, Ukraine, 12 July"
http://c.files.bbci.co.uk/46C2/production/_83741181_donald_dewar.jpg,Scotland's first First Minister Donald Dewar
http://c.files.bbci.co.uk/16194/production/_87861509_duncansmithgetty.jpg,Iain Duncan Smith has been asked to reverse the cuts
http://news.bbcimg.co.uk/media/images/75292000/jpg/_75292906_67615370.jpg,A picture taken from a video distributed to some Nigerian journalists and obtained by AFP on 5 March 2013 showing hooded Boko Haram fighters in an undisclosed place
http://news.bbcimg.co.uk/media/images/50455000/jpg/_50455450_jex_902771_de27-1.jpg,Green energy drive to lift electricity bills‎
http://news.bbcimg.co.uk/media/images/68181000/jpg/_68181026_papa.jpg,"Justin Welby, Pope Francis"
http://news.bbcimg.co.uk/media/images/72416000/jpg/_72416894_pub.jpg,Drinker at UK first motorway service area pub
http://news.bbcimg.co.uk/media/images/52800000/jpg/_52800313_pauline_mclean304.jpg,"The new Riverside Museum, which houses Glasgow's transport collection, is to open to the public later this month."
http://news.bbcimg.co.uk/media/images/81313000/jpg/_81313815_dianejames_pa.jpg,Ms James's announcement came hours after she spoke at the UKIP party conference
http://news.bbcimg.co.uk/media/images/63628000/jpg/_63628774_63628773.jpg,"Gunmen in Tripoli, Lebanon (22 Oct 2012)"
http://news.bbcimg.co.uk/media/images/70992000/jpg/_70992367_celia112.jpg,"A protester burns a portrait of Japanese Prime Minister Shinzo Abe, with the Chinese characters \"
http://news.bbcimg.co.uk/media/images/51079000/jpg/_51079305_afp.jpg,"Fabienne Boulin-Burgeat, Robert Boulin's daughter, poses at her home with her book about his death, The Sleeper In The Valley, 25 January 2011"
http://news.bbcimg.co.uk/media/images/50569000/jpg/_50569352_creditcards.jpg,Changes to the way credit card lenders deal with customers comes after lengthy negotiation
http://c.files.bbci.co.uk/C9DC/production/_85267615_85267613.jpg,CCTV images of the family at London City Airport have been released
http://news.bbcimg.co.uk/media/images/57036000/jpg/_57036095_jex_1250614_de27.jpg,Nelson Mandela in July 2012
http://news.bbcimg.co.uk/media/images/69614000/jpg/_69614749_69614748.jpg,Jiang Jiemin once led China's state-owned oil and gas company
http://news.bbcimg.co.uk/media/images/65871000/jpg/_65871971_65871969.jpg,Chiller room in a slaughterhouse
http://news.bbcimg.co.uk/media/images/62590000/jpg/_62590620_62590618.jpg,"Republican presidential candidate, former Massachusetts Gov. Mitt Romney"
http://news.bbcimg.co.uk/media/images/83341000/jpg/_83341236_83341235.jpg,David Cameron speaking outside Downing Street
http://news.bbcimg.co.uk/media/images/59872000/jpg/_59872974_jamesallan_presser.jpg,James Allan was jailed for three years
http://news.bbcimg.co.uk/media/images/80449000/jpg/_80449202_robot2.jpg,BBC Click looks at some of the week's technology highlights
http://news.bbcimg.co.uk/media/images/49446000/jpg/_49446874_bus.464.jpg,The bus bombed in Tavistock Square
http://news.bbcimg.co.uk/media/images/74366000/jpg/_74366020_hi018590404-1.jpg,The BA flight passed through London Heathrow
http://news.bbcimg.co.uk/media/images/65986000/jpg/_65986830_spl016638116.jpg,One in five new cases of HIV in Northern Ireland are in men over the age of 45
http://news.bbcimg.co.uk/media/images/65715000/jpg/_65715929_65715928.jpg,John Gordon Sinclair and Clare Grogan outside Abronhill High
http://c.files.bbci.co.uk/29E9/production/_88792701_gettyimages-102996156.jpg,"A Hindu at a demonstration in support of the cow slaughter ban bill passed in the Karnataka state Legislative Assembly in Bangalore on July 20, 2010."
http://c.files.bbci.co.uk/11D72/production/_83847037_83847032.jpg,A New York State Police officer escorts suspended Clinton Correctional Facility guard Gene Palmer
http://c.files.bbci.co.uk/14E3D/production/_84256558_028160297-1.jpg,"Alan Morison, right, Australian editor of the website Phuketwan and his colleague Chutima Sidasathien speak to the media ahead of their appearance in court to face charges of violating Thailand's Computer Crime Act in Phuket, Thailand, Tuesday, 14 July 2015"
http://news.bbcimg.co.uk/media/images/65283000/jpg/_65283069_65283067.jpg,Complete Music Update's Chris Cooke
http://news.bbcimg.co.uk/media/images/74563000/jpg/_74563281_74498378.jpg,"Ann Maguire, 61, died from multiple stab wounds on Monday"
http://c.files.bbci.co.uk/35B7/production/_88215731_manifestotrackerindeximage.jpg,Manifesto scorecard final
http://news.bbcimg.co.uk/media/images/59593000/jpg/_59593984_014478854-2.jpg,Jose Antonio Ocampo is one of three candidates for World Bank president
http://news.bbcimg.co.uk/media/images/59781000/jpg/_59781692_kabul_truck.jpg,Truck containing explosives (Image: NDS)
http://news.bbcimg.co.uk/media/images/52809000/jpg/_52809614_culross.jpg,The dig has uncovered 17th Century foundations
http://news.bbcimg.co.uk/media/images/58967000/jpg/_58967397_58967396.jpg,Narendra Kumar Singh was trying to stop illegal mining
http://news.bbcimg.co.uk/media/images/52787000/jpg/_52787699_ksenia.jpg,The Dorton House Nursery is part of the Royal London Society for the Blind campus
http://news.bbcimg.co.uk/media/images/49454000/jpg/_49454210_010392030-1.jpg,Peter Connelly died from abuse despite 60 visits from authorities
http://news.bbcimg.co.uk/media/images/49735000/jpg/_49735140_jex_854627_de27-1.jpg,The big fashion houses such as Prada and Armani are finding a new market online.
http://news.bbcimg.co.uk/media/images/48158000/jpg/_48158392_009630910-1.jpg,"US President Barack Obama (L) announces the sacking of Gen Stanley McChrystal as Gen David Petraeus looks on, 23 June"
http://news.bbcimg.co.uk/media/images/60012000/jpg/_60012591_jex_1396664_de26-1.jpg,Weatherman John Hammond's forecast for election day polling
http://news.bbcimg.co.uk/media/images/63283000/jpg/_63283249_016153535-1.jpg,Virgin lost the west coast contract to FirstGroup in the summer
http://news.bbcimg.co.uk/media/images/75595000/jpg/_75595900_75595899.jpg,John Docherty and Elaine Doyle
http://news.bbcimg.co.uk/media/images/64509000/jpg/_64509456_2fceb219-6236-4b53-9a74-63c3f128fac3.jpg,Cpl Sam Garwood in Afghanistan and Zoey Peace
http://news.bbcimg.co.uk/media/images/49531000/jpg/_49531841_jex_839601_de02-1.jpg,Wall Street's $2m Monopoly set
http://news.bbcimg.co.uk/media/images/57067000/jpg/_57067573_012579029-1.jpg,The commission monitors hospitals and care homes
http://news.bbcimg.co.uk/media/images/70455000/jpg/_70455039_u3l8kg3v.jpg,Sir Richard bought the Caribbean island in 1979
http://news.bbcimg.co.uk/media/images/80023000/jpg/_80023312_80021914.jpg,Many golfing purists say the supersized hole makes the game too easy even for beginners
http://news.bbcimg.co.uk/media/images/78199000/jpg/_78199048_somalia.jpg,"Somali girls write during a class session in the UN High Commissioner for Refugees (UNHCR) camp in Kharaz, Yemen, on 25 April 2006"
http://news.bbcimg.co.uk/media/images/69680000/jpg/_69680313_bbc_thompson_bbc.jpg,"Mark Thompson, left, with Lord Patten"
http://news.bbcimg.co.uk/media/images/60927000/jpg/_60927464_jex_1436081_de27-1.jpg,"Virunga National Park director, Emmanuel de Morode"
http://news.bbcimg.co.uk/media/images/81260000/jpg/_81260279_beake.jpg,Lord Bramall calls for Met Police review
http://news.bbcimg.co.uk/media/images/62110000/jpg/_62110248_62110247.jpg,Plans to reduce the number of MPs are causing tension within the coalition.
http://news.bbcimg.co.uk/media/images/50503000/jpg/_50503463_008434411-1.jpg,Tobin is serving three life sentences for murder
http://news.bbcimg.co.uk/media/images/76526000/jpg/_76526074_benblakeley.jpg,Blakeley had been violent towards three other girlfriends before Jayden
http://news.bbcimg.co.uk/media/images/71504000/jpg/_71504286_71504285.jpg,File picture of Santiago train crash
http://c.files.bbci.co.uk/1314F/production/_86195187_86195185.jpg,Migrants arriving on a train in to Slovenia
http://news.bbcimg.co.uk/media/images/77381000/jpg/_77381995_77381994.jpg,ECB President Mario Draghi explained that there are some differences amongst council members
http://news.bbcimg.co.uk/media/images/56625000/jpg/_56625363_007363121-1.jpg,Protests in Soma with a list of names of the 301 who died. May 2015
http://news.bbcimg.co.uk/media/images/60057000/jpg/_60057877_60057876.jpg,Police accident sign - generic
http://news.bbcimg.co.uk/media/images/59393000/jpg/_59393351_kelsey.jpg,Richard from Chesterfield
http://news.bbcimg.co.uk/media/images/80726000/png/_80726179_jennyjohnsonsmall.png,The unit is low security for boys and girls aged 13 to 18
http://news.bbcimg.co.uk/media/images/57889000/jpg/_57889266_plankboat.jpg,Planks were sewn together with flexible yew stems
http://news.bbcimg.co.uk/media/images/76099000/jpg/_76099896_462101405.jpg,The two sides of the referendum debate disagree over whether Scotland would be able to negotiate its membership from within the EU or have to apply from the outside as a new member
http://c.files.bbci.co.uk/0E73/production/_88699630_11078064_818187664883263_7181232324249187315_o.jpg,"Anthony Warlow (R) who plays 'Ko-Ko' takes part in a rehearsal on August 26, 2009 for the Opera Australia production of 'The Mikado'"
http://news.bbcimg.co.uk/media/images/70508000/jpg/_70508652_twitter.jpg,A picture of the Twitter logo
http://news.bbcimg.co.uk/media/images/57659000/jpg/_57659440_irancurrency.jpg,The Iranian rial has fallen by 25% in one week
http://c.files.bbci.co.uk/54D5/production/_87271712_87272001.jpg,David Cameron and Angela Merkel
http://news.bbcimg.co.uk/media/images/80012000/jpg/_80012511_police_cordon.jpg,"Three men are dead after taking the drug ecstasy, as Lisa Hampele reports"
http://c.files.bbci.co.uk/E315/production/_88933185_shandra_976promo.jpg,Shandra and her colleagues at the Indonesian bank
http://c.files.bbci.co.uk/1108/production/_86706340_jimclarkscotborders.png,Impression of how the planned museum might look
http://news.bbcimg.co.uk/media/images/77533000/jpg/_77533744_pallab_ghosh_112x63.jpg,Maxime Aubert looking at cave art
http://news.bbcimg.co.uk/media/images/70014000/png/_70014201_vlcsnap-2013-09-20-08h38m34s84.png,A three-year-old girl from Denbighshire who suffers from a rare genetic condition has defied doctors' predictions and started to walk.
http://c.files.bbci.co.uk/81CD/production/_85592233_emoji.jpg,"Republican U.S. presidential candidate Dr. Ben Carson speaks during the second official Republican presidential candidates debate of the 2016 U.S. presidential campaign at the Ronald Reagan Presidential Library in Simi Valley, California, United States, September 16, 2015."
http://news.bbcimg.co.uk/media/images/56002000/jpg/_56002606_44717065.jpg,Fewer people are being detained for long periods in hospital
http://news.bbcimg.co.uk/media/images/53710000/jpg/_53710147_italy-hi012316240.jpg,"Tear gas wafts past an excavating machine confronted by protesters in Val di Susa, Italy, on 27 June"
http://news.bbcimg.co.uk/media/images/50593000/jpg/_50593025_fighting.jpg,The aim of the fighting festival is to air pent-up grievances ahead of the New Year
http://news.bbcimg.co.uk/media/images/65485000/jpg/_65485051_102624856.jpg,Daddy G of Massive Attack on stage
http://news.bbcimg.co.uk/media/images/62113000/jpg/_62113544_umpires_getty.jpg,Umpires study light meters
http://news.bbcimg.co.uk/media/images/79745000/jpg/_79745893_dogrescue_sb1512.jpg,Murray Lockhart caught the rescue on video.
http://news.bbcimg.co.uk/media/images/61474000/jpg/_61474134_farepak_getty.jpg,Farepak had run a Christmas club and hamper business since 1968 before its collapse in 2006
http://news.bbcimg.co.uk/media/images/56283000/jpg/_56283052_004361422-1.jpg,"If a deal is reached, would it be enough to restore confidence in the eurozone?"
http://c.files.bbci.co.uk/D908/production/_84506555_84506554.jpg,"Police officers look at protesting miners near a platinum mine in Marikana on August 16, 2012"
http://news.bbcimg.co.uk/media/images/65243000/jpg/_65243725_65243724.jpg,Kurdish demonstrations in Paris on Saturday
http://news.bbcimg.co.uk/media/images/55559000/jpg/_55559420_banktwo.jpg,There has been a week of volatility on the world's share markets
http://news.bbcimg.co.uk/media/images/79933000/jpg/_79933326_79933325.jpg,Shafqat Hussain's lawyers say he was a minor at the time of his conviction
http://news.bbcimg.co.uk/media/images/54495000/jpg/_54495827_tepco2.jpg,Protesters holding anti Tepco banners
http://news.bbcimg.co.uk/media/images/72829000/jpg/_72829771_toilet-495x558.jpg,Athletes sitting on toilets side by side
http://news.bbcimg.co.uk/media/images/56469000/jpg/_56469719_56469474.jpg,Tom Daley faces his waxwork self which is under construction at Madame Tussauds
http://news.bbcimg.co.uk/media/images/54821000/jpg/_54821988_003638482-1.jpg,Vice-President Dick Cheney in February 2007
http://www.elsiarrub.co.uk/wp-content/uploads/2013/09/6-Punta-Arenas-to-50-degrees-south25.jpg,The Elsi Arrub was west of Cape Horn when it was hit by extreme weather
http://news.bbcimg.co.uk/media/images/59902000/jpg/_59902927_tunnel.jpg,Bakerloo line empty tunnel
http://news.bbcimg.co.uk/media/images/50692000/jpg/_50692597_richard_gordon_newsline.jpg,Richard Gordon [Pic: Newsline Scotland]
http://news.bbcimg.co.uk/media/images/65979000/jpg/_65979406_junlin_lf_bbc_3.jpg,Liu Jun-Lin demonstrates one of her wails
http://news.bbcimg.co.uk/media/images/62567000/jpg/_62567471_62567470.jpg,This undated handout picture shows a diplomatic bag reading \
http://news.bbcimg.co.uk/media/images/64176000/jpg/_64176515_crossrail.jpg,Work on the Crossrail scheme in central London
http://c.files.bbci.co.uk/AB6B/production/_86938834_elwin2.png,Police said Elwin Cuffy was from Doncaster and had links to Leeds
http://news.bbcimg.co.uk/media/images/51096000/jpg/_51096815_india.jpg,"The soaring price of onions, a staple food, has pushed India's food price inflation 17%"
http://c.files.bbci.co.uk/14681/production/_87258538_thinkstockphotos-496025798.jpg,"109,000 children face Christmas homeless"
http://news.bbcimg.co.uk/media/images/77617000/jpg/_77617282_ca309f7f-6fbe-48be-96af-f4219b50f513.jpg,Former Interior Minister Rehman Malik had to find another way to get to Islamabad
http://news.bbcimg.co.uk/media/images/76716000/jpg/_76716820_76475767.jpg,"Coloured transmission electron micro graph of a single Ebola virus, the cause of Ebola fever"
http://news.bbcimg.co.uk/media/images/60431000/jpg/_60431967_jex_1414382_de40-1.jpg,PMQs: David Cameron says the Beecroft Report on employment rights has some ''excellent ideas'
http://news.bbcimg.co.uk/media/images/50515000/jpg/_50515437_010887340-1.jpg,"Russian President Dmitry Medvedev, left, and Indian Prime Minister Manmohan Singh in Delhi on 21 December 2010"
http://news.bbcimg.co.uk/media/images/77042000/jpg/_77042529_123.jpg,Administrators have made 70 staff redundant at Ferguson Shipbuilders in Port Glasgow
http://news.bbcimg.co.uk/media/images/80057000/jpg/_80057986_80057982.jpg,"This handout photograph released by The Indian Ministry of Defence on January 2, 2015, is said to show a burning vessel off the coast of the western Indian state of Gujarat in the Arabian Sea early on January 1, 2015."
http://news.bbcimg.co.uk/media/images/49387000/jpg/_49387349__46426176_2dd90ae4-61e3-406f-8221-12c2430265e2-1.jpg,Azelle Rodney was sitting in the back of a car when police opened fire
http://news.bbcimg.co.uk/media/images/57304000/jpg/_57304605_004506001-1.jpg,"17/09/2007 of customers queuing outside a Northern Rock branch in Bromley, Kent"
http://news.bbcimg.co.uk/media/images/53395000/jpg/_53395843_summer_1406.jpg,People sunbathing in a park
http://news.bbcimg.co.uk/media/images/48753000/jpg/_48753490__47818378_gordonmatheson226by282-1.jpg,Council leader Gordon Matheson
http://news.bbcimg.co.uk/media/images/68581000/jpg/_68581059_68581058.jpg,"Fighters with the MNLA (National Movement for the Liberation of Azawad) stands guard as members of the group met with the Malian army, the UN mission in Mali and French army officers, in Kidal June 23, 2013"
"http://news.bbcimg.co.uk/media/images/63322000/jpg/_63322772_c0119504-stroke,_conceptual_artwork.jpg","Clots block the flow of blood, starving the brain of oxygen"
"http://c.files.bbci.co.uk/798C/production/_85661113_theboscobelhouseroyaloak,shropshire.imagecreditenglishheritage.jpg","The Royal Oak, Boscobel House, Shropshire"
http://news.bbcimg.co.uk/media/images/69828000/jpg/_69828400_phone.jpg,"Scotland Yard say between January 2011 and December 2012, nearly £2.5m was defrauded using this method"
http://c.files.bbci.co.uk/102E2/production/_85147266_elizabethroberts1.jpg,Elizabeth Roberts took this image in 2007. Her husband David says: \
http://news.bbcimg.co.uk/media/images/48877000/jpg/_48877316_009984711-1.jpg,Ali Karimi is Iran's second most capped player of all time
http://news.bbcimg.co.uk/media/images/65654000/jpg/_65654888_65654887.jpg,"A security guard asks for help at the US embassy just minutes after a suicide bomber detonated an explosive device, in Ankara, 1 February"
http://news.bbcimg.co.uk/media/images/81550000/jpg/_81550373_026235998-1.jpg,Abrams tank in Riga (9 March)
http://news.bbcimg.co.uk/media/images/58146000/jpg/_58146534_comp.jpg,"Top, from left: Sergeant Simon Alexander Hamilton-Jewell; Corporal Russell Aston; Corporal Paul Graham Long. Bottom, from left: Corporal Simon Miller; Lance-Corporal Benjamin Hyde; Lance-Corporal Thomas Keys."
http://news.bbcimg.co.uk/media/images/72090000/jpg/_72090219_pxsymj1h.jpg,"African migrants in Rabin Square in Tel Aviv, 5 Jan"
http://news.bbcimg.co.uk/media/images/68342000/jpg/_68342855_64669789.jpg,Mist and pollution hang over the London skyline
http://c.files.bbci.co.uk/0A35/production/_87531620_picture.jpg,Mark Crabtree died in a crash on the A449
http://news.bbcimg.co.uk/media/images/72582000/jpg/_72582372_72582370.jpg,Monkeys in Oxfordshire lab
http://news.bbcimg.co.uk/media/images/74005000/jpg/_74005579_102933566.jpg,"Total oil platform at Amenem, near Port Harcourt in Niger Delta (file image)"
http://news.bbcimg.co.uk/media/images/57515000/jpg/_57515804_quinn.jpg,Sean Quinn was reputedly worth 4.72bn euros (£3.7bn) at one point
http://news.bbcimg.co.uk/media/images/53005000/jpg/_53005576_mladicserbiaeueuropeanunion.jpg,Car allegedly driving away General Ratko Mladic
http://news.bbcimg.co.uk/media/images/54840000/jpg/_54840000_keys.jpg,House prices have remained relatively stagnant in recent times
http://news.bbcimg.co.uk/media/images/68898000/jpg/_68898770_68898769.jpg,"Sant Kaur Bajwa, who is believed to be have been the oldest woman in the world, died on Friday"
http://news.bbcimg.co.uk/media/images/56368000/jpg/_56368359_013239717-1.jpg,Prime Minister David Cameron
http://news.bbcimg.co.uk/media/images/48542000/jpg/_48542001_daniel_smith.jpg,Daniel Smith was shot as he left a fast-food restaurant
http://news.bbcimg.co.uk/media/images/69026000/jpg/_69026977_milkoinnorthireland.jpg,Milko Van Gool during the swim
http://news.bbcimg.co.uk/media/images/83259000/jpg/_83259784_488539541.jpg,Screentendo is absolutely not an official Nintendo or Mario product. Just to be clear...
http://news.bbcimg.co.uk/media/images/51535000/jpg/_51535203_002275138-1.jpg,"ATMs, one with card skimmer (left)"
http://news.bbcimg.co.uk/media/images/56163000/jpg/_56163175_kosovoserbbarricade.jpg,Serb barricade in northern Kosovo
http://news.bbcimg.co.uk/media/images/65517000/jpg/_65517425_m3400138-elderly_man_taking_a_nap-spl.jpg,Close up hand holding iphone
http://c.files.bbci.co.uk/1483F/production/_88613048_dscf0531.jpg,Dipa Karmakar had to borrow her first gym costume
http://news.bbcimg.co.uk/media/images/68377000/jpg/_68377995_017935604-1.jpg,Children around the world
http://news.bbcimg.co.uk/media/images/54789000/jpg/_54789895_hmsastute_pa_464.jpg,HMS Astute was damaged in the operation to tow it into deeper water
http://news.bbcimg.co.uk/media/images/58192000/jpg/_58192364_011013048.jpg,Mohammed Badie in Cairo (5 July 2013)
http://news.bbcimg.co.uk/media/images/48721000/jpg/_48721649_007218196-1.jpg,German cars awaiting export
http://news.bbcimg.co.uk/media/images/52133000/jpg/_52133158_52133157.jpg,Polling officials carry electronic voting machines to a booth on the eve of elections in Madras (Chennai) on 12 April 2011
http://news.bbcimg.co.uk/media/images/58417000/jpg/_58417322_x32-12dasilva.jpg,Roberto Da Silva was a retired mechanical engineer
http://news.bbcimg.co.uk/media/images/50933000/jpg/_50933731_010946832-1.jpg,Rowan Williams is under pressure over the issues of gay bishops and same-sex couples
http://news.bbcimg.co.uk/media/images/52745000/jpg/_52745265_flybe_pa_464.jpg,The flights between Inverness and Schiphol will start in September
http://news.bbcimg.co.uk/media/images/52842000/jpg/_52842335_44953731.jpg,Northampton Borough Council
http://news.bbcimg.co.uk/media/images/80839000/jpg/_80839950_80839949.jpg,"National Security Adviser Susan Rice arrives to speak at the Brookings Institution to outline President Barack Obama’s foreign policy priorities, Friday, Feb. 6, 2015, in Washington"
http://news.bbcimg.co.uk/media/images/52410000/jpg/_52410109_beltane.jpg,Torches at Beltane Festival
http://news.bbcimg.co.uk/media/images/77397000/jpg/_77397554_mpfive.jpg,Li Ling (wife of missing passenger)
http://news.bbcimg.co.uk/media/images/50899000/jpg/_50899119_006942906-1.jpg,Airdrie Savings Bank loaned more than £36m last year
http://news.bbcimg.co.uk/media/images/73802000/jpg/_73802121_yesbadges.jpg,"Andy Miles, who used to be chief executive of the Scottish Liberal Democrats, said he will vote 'Yes' to independence."
http://news.bbcimg.co.uk/media/images/82494000/jpg/_82494641_lynda.jpg,Lynda La Plant's Prime Suspect is among the titles being handed out
http://news.bbcimg.co.uk/media/images/81304000/jpg/_81304045_466959701.jpg,"Shopping around could save some customers a significant amount, Ofgem says"
http://c.files.bbci.co.uk/FAF2/production/_83924246_83921444.jpg,"According to Plant Heritage, the City of Gloucester rose discovered in a garden hedge \"
http://news.bbcimg.co.uk/media/images/66605000/jpg/_66605305_017591608.jpg,Boris Berezovsky was granted political asylum in Britain in 2003
http://news.bbcimg.co.uk/media/images/78990000/jpg/_78990969_prayforrain.jpg,Some homeowners and businesses are letting lawns die off and having them painted green
http://news.bbcimg.co.uk/media/images/75340000/jpg/_75340706_75340705.jpg,"Sikh activists clash with members of the SGPC during commemorations for the 30th anniversary of Operation Blue Star at the Golden Temple in Amritsar on June 6, 2014"
http://news.bbcimg.co.uk/media/images/72512000/jpg/_72512683_jamie_reporting.jpg,Building and testing the revamped BBC Reporting Scotland studio in about 40 seconds
http://news.bbcimg.co.uk/media/images/69575000/jpg/_69575745_69575744.jpg,Nelson Mandela - photo 2005
http://news.bbcimg.co.uk/media/images/52237000/jpg/_52237087_neonat2.jpg,Doctors treat a premature baby
http://news.bbcimg.co.uk/media/images/59763000/jpg/_59763923_006336175-1.jpg,The soundbridge mimics the function of the ear canal
"http://news.bbcimg.co.uk/media/images/56673000/jpg/_56673036__48981560_blin,frank.jpg",Mr Blin has been with the firm for the past 38 years
http://news.bbcimg.co.uk/media/images/50713000/jpg/_50713654_010968245-1.jpg,Mr Pelata had his resignation as chief operating officer accepted by Renault
http://news.bbcimg.co.uk/media/images/58362000/jpg/_58362214_58362213.jpg,"Two of the dogs are both deerhound/lurcher crosses, one is dark grey and the other brown"
http://news.bbcimg.co.uk/media/images/49646000/jpg/_49646979_heli.jpg,Flying doctor service takes off in Scotland
http://news.bbcimg.co.uk/media/images/68666000/jpg/_68666246_barabhas.jpg,Tha an t-Urras air am brosnachadh gu mòr leis a' chunntas bheachd.
http://news.bbcimg.co.uk/media/images/67903000/jpg/_67903615_observatory.jpg,John Dillwyn Llewelyn's observatory in Penllergare Valley Woods
http://news.bbcimg.co.uk/media/images/71855000/jpg/_71855598_000067410-1.jpg,Golden eagle eggs are among the most at risk in Scotland from thieves
http://news.bbcimg.co.uk/media/images/63988000/jpg/_63988326_63988323.jpg,"Former senior civil servant Michael Bichard, Labour's Caroline Flint and Policing Minister Damian Green on elections for police and crime commissioners"
http://news.bbcimg.co.uk/media/images/63476000/jpg/_63476009_63476008.jpg,Twenty-five red balloons were released in his memory
http://news.bbcimg.co.uk/media/images/53930000/jpg/_53930947_012397250-1.jpg,Police carry the children to safety
http://news.bbcimg.co.uk/media/images/49635000/jpg/_49635470_jex_846811_de10-1.jpg,Muslim villagers rebuilding their community in their old hometown in northern Sri Lanka
http://news.bbcimg.co.uk/media/images/49362000/jpg/_49362141_slater_buschini_bbc.jpg,Hamish Slater and Victor Buschini
http://news.bbcimg.co.uk/media/images/48901000/jpg/_48901195_jex_792025_de27-1.jpg,The tiger cub was sent to a wildlife conservation centre to recover
http://news.bbcimg.co.uk/media/images/70963000/jpg/_70963972_instapill.jpg,Instagram used to 'sell' drugs
http://news.bbcimg.co.uk/media/images/64496000/jpg/_64496356_004398808-1.jpg,Salmon producers said sales to the Far East had increased more than 12-fold in three years
http://c.files.bbci.co.uk/73FF/production/_85159692_85159691.jpg,The ship was seized by Russia before being handed back to Greenpeace in June 2014
http://news.bbcimg.co.uk/media/images/59804000/jpg/_59804184_larsbevanger.jpg,Police officers with Anders Behring Breivik in the Oslo court room where he is being tried
http://news.bbcimg.co.uk/media/images/56344000/jpg/_56344713_56342337.jpg,Gareth Andrews has admitted a second charge of not displaying the appropriate licensing badge
http://news.bbcimg.co.uk/media/images/70581000/jpg/_70581655_70581654.jpg,The BBC's Christian Fraser says Mr Hollande's intervention is not enough to rescue his poll ratings
http://news.bbcimg.co.uk/media/images/73888000/jpg/_73888554_73888553.jpg,Elaine Doyle's body was found in a lane in Greenock just yards from her family home
http://news.bbcimg.co.uk/media/images/80519000/jpg/_80519859_getty.jpg,The survey suggested new export orders fell for the 10th time in 11 months
http://news.bbcimg.co.uk/media/images/63876000/jpg/_63876350_003230488-1.jpg,The boy was out guising when he was robbed
http://news.bbcimg.co.uk/media/images/54579000/jpg/_54579268_003837387-1.jpg,Mr Robinson presented Ask The Family
http://news.bbcimg.co.uk/media/images/58405000/jpg/_58405013_fa131c87-93e3-457f-8e5d-7c037497e899.jpg,Several European finance ministers - including then-Chancellor Gordon Brown - sold off some of their gold reserves at the turn of the last decade
http://news.bbcimg.co.uk/media/images/80719000/jpg/_80719772_73792469.jpg,"AG Barr's brands include Irn Bru, Rockstar, Strathmore, Orangina and Ka"
http://news.bbcimg.co.uk/media/images/48957000/jpg/_48957404_dsc_0296.jpg,Mini Countryman parked facing a classic Mini
http://news.bbcimg.co.uk/media/images/58203000/jpg/_58203625_79471476.jpg,The company last posted earnings of less than $7bn in the first quarter of 2010.
http://news.bbcimg.co.uk/media/images/48939000/jpg/_48939992_48939994.jpg,Soldiers on Azeri ceasefire line with Nagorno-Karabakh
http://news.bbcimg.co.uk/media/images/55608000/jpg/_55608138_000128999-1.jpg,"A man poses with a Kalashnikov rifle seized in Northern Ireland, 1999"
http://news.bbcimg.co.uk/media/images/49276000/jpg/_49276836_010287118-1.jpg,Labour leader Ed Miliband
http://news.bbcimg.co.uk/media/images/77955000/jpg/_77955780_452994700.jpg,Hong Kong's pro-democracy movement has been dubbed the \
http://news.bbcimg.co.uk/media/images/70944000/jpg/_70944588_70944587.jpg,England v Australia in the Rugby League World Cup
http://c.files.bbci.co.uk/AC55/production/_85671144_stonehamcomp.jpg,"Lindsey Stoneham, Cardiff Crown Court"
http://news.bbcimg.co.uk/media/images/48249000/jpg/_48249651_document1.pdf-adobereader.jpg,Keira Madden (taken about 10 months ago)
http://news.bbcimg.co.uk/media/images/67526000/jpg/_67526317_tectonic_brass.jpg,The festival was launched last year by Ilan Volkov of the BBC SSO
http://news.bbcimg.co.uk/media/images/58988000/jpg/_58988579_014215515-1.jpg,Police arrest protesters in Bratislava. 9 March 2012
http://c.files.bbci.co.uk/02E0/production/_88863700_hi032007953.jpg,The Name Our Ship website crashed on Sunday
http://c.files.bbci.co.uk/303E/production/_87705321_aberdeenbridgedeathbbcrop.jpg,An artist's impression of possible third Don crossing
http://news.bbcimg.co.uk/media/images/59119000/jpg/_59119472_ab5c8195-3485-49c1-8906-525c31170699.jpg,North Wales is associated with slate in the way South Wales is associated with coal
http://news.bbcimg.co.uk/media/images/62390000/jpg/_62390542_62390541.jpg,"Virgin Atlantic was founded by Sir Richard Branson, and is 49% owned by Singapore Airlines."
http://news.bbcimg.co.uk/media/images/67940000/jpg/_67940959_packedlunch.jpg,"Some 27,500 five-to-16-year-olds were questioned last month."
http://news.bbcimg.co.uk/media/images/56889000/jpg/_56889582_google.jpg,The Circles feature in Google+ allows members to categorise friends into groups
http://news.bbcimg.co.uk/media/images/76515000/jpg/_76515658_allotment.jpg,Campaigners outside the High Court in London
http://news.bbcimg.co.uk/media/images/75938000/jpg/_75938626_75938625.jpg,Banksy Spy Booth artwork in Cheltenham
http://news.bbcimg.co.uk/media/images/82609000/jpg/_82609027_026952285-1.jpg,"Lee Joon-seok, the captain of the sunken South Korean ferry Sewol, sits as he waits for his verdict, as the ship's crew members are charged with negligence and abandonment of passengers in the 16 April 2014 disaster, at Gwangju High Court in Gwangju, South Korea, 28 April 2015"
http://news.bbcimg.co.uk/media/images/53648000/jpg/_53648435_fredst-005.jpg,Schuh currently trades from more than 90 stores across the UK and Ireland
http://c.files.bbci.co.uk/11D40/production/_86242037_lse1_getty.jpg,Market trader (file picture)
http://news.bbcimg.co.uk/media/images/69764000/jpg/_69764962_house2.jpg,The new industrial design revolution
http://news.bbcimg.co.uk/media/images/75154000/jpg/_75154260_75154259.jpg,Craig Brazier patting the horse named Chatez
http://news.bbcimg.co.uk/media/images/78197000/jpg/_78197940_78191759.jpg,Khalid Mahfouz Bahah addresses parliament in Sanaa Yemen on 19 May 2014
http://news.bbcimg.co.uk/media/images/83300000/jpg/_83300552_loch_sween_rachel_davis.jpg,BBC Scotland weather presenter Christopher Blanchett explains why May has been such a dreich month and gives hope of better weather in June
http://news.bbcimg.co.uk/media/images/51507000/jpg/_51507745_deer_tullos_hill_bbc.jpg,Some roe deer could be culled under the council plan
http://news.bbcimg.co.uk/media/images/56866000/jpg/_56866522_christopher.jpg,Christopher Alder choked to death at Hull's Queen's Gardens police station in 1998
http://news.bbcimg.co.uk/media/images/60776000/jpg/_60776268_014978279-1.jpg,At least 18 people were killed in the bomb attack on a bus carrying government employess on the outskirts of Peshawar
http://news.bbcimg.co.uk/media/images/67176000/jpg/_67176215_67175810.jpg,The Chamber of the House of Lords
http://news.bbcimg.co.uk/media/images/49036000/jpg/_49036747_010137775-1.jpg,Barbara Windsor as Peggy Mitchell
http://news.bbcimg.co.uk/media/images/54509000/jpg/_54509726__40512059_heart_bbc_203-1.jpg,"About 800,000 people in the UK have irregular heart beats"
http://news.bbcimg.co.uk/media/images/53894000/jpg/_53894166_012318793-1.jpg,European Commission President Manuel Barroso
http://news.bbcimg.co.uk/media/images/54689000/jpg/_54689735_011065533-1.jpg,Sign pointing towards Whitehall
http://news.bbcimg.co.uk/media/images/83545000/jpg/_83545445_bag_iata.jpg,Largest bag under IATA guidelines
http://news.bbcimg.co.uk/media/images/77286000/jpg/_77286109_016651648-1.jpg,Radiotherapist watching a patient
http://news.bbcimg.co.uk/media/images/77463000/jpg/_77463840_77463839.jpg,Studio gallery of the Andrew Marr current affairs show
http://news.bbcimg.co.uk/media/images/72315000/jpg/_72315494_mikaeel.jpg,Mikaeel Kular was last seen going to bed on Wednesday evening
http://c.files.bbci.co.uk/179A2/production/_87047669_de39.jpg,Trying out plague 'super-foods'
http://news.bbcimg.co.uk/media/images/50952000/jpg/_50952631_jex_936219_de01.jpg,People clean Tahrir Square in Cairo.
http://news.bbcimg.co.uk/media/images/81351000/jpg/_81351273_pauldarrenjacksykes.jpg,Darren Sykes with his two sons Paul and Jack
http://news.bbcimg.co.uk/media/images/49932000/jpg/_49932892_tagrugby.jpg,The partnerships allow pupils to try new sports like tag rugby
http://c.files.bbci.co.uk/10BE1/production/_88977586_a2e4b6b8-38e1-4c15-895e-7f10483dce85.jpg,Pupils with jotter and coloured pencils
http://c.files.bbci.co.uk/17D36/production/_86409579_kezia_dugdale.jpg,BBC Scotland's political editor Brian Taylor puts your questions to Scottish Labour leader Kezia Dugdale ahead of the party's conference
http://news.bbcimg.co.uk/media/images/47924000/jpg/_47924640_berensonafp.jpg,Ms Berenson's affiliation with the MRTA has been disputed by her parents
http://news.bbcimg.co.uk/media/images/50839000/jpg/_50839214_f001906-friendship-spl-1.jpg,Two genes have been linked to the friends we choose in the new study
http://news.bbcimg.co.uk/media/images/58095000/jpg/_58095415_douglas.jpg,The BBC obtained a transcript of the judgement which imposed the ban
http://c.files.bbci.co.uk/13A90/production/_85882508_scams.jpg,Action Fraud recorded a 9% increase in fraud offences last year
http://news.bbcimg.co.uk/media/images/51984000/jpg/_51984350_jex_1007313_de27-1.jpg,The BBC's Orla Guerin reports from Libya
http://news.bbcimg.co.uk/media/images/69390000/jpg/_69390273_015031346-1.jpg,The charity said its survey showed the issue of bullying was at the forefront of children's minds
http://news.bbcimg.co.uk/media/images/78595000/jpg/_78595032_165158676(1).jpg,Rory Cellan-Jones shows how the new Samaritan Radar app works
http://news.bbcimg.co.uk/media/images/63775000/jpg/_63775768_og5qsic8.jpg,Norman Lamb Health Minister
http://news.bbcimg.co.uk/media/images/62068000/jpg/_62068043_015327459-1.jpg,Wolves are causing problems for sheep farmers who cannot afford dogs to protect flocks
http://news.bbcimg.co.uk/media/images/49301000/jpg/_49301848_49301844.jpg,A Nigerian woman (file image)
http://news.bbcimg.co.uk/media/images/53711000/jpg/_53711111_53711110.jpg,Parents and children born on 20 December 2004 sit outside the Olympic Stadium
http://news.bbcimg.co.uk/media/images/60799000/jpg/_60799658_013376159-1.jpg,Saif al-Islam has been held by militiamen in Libya since November 2011
http://news.bbcimg.co.uk/media/images/70601000/jpg/_70601239_70601238.jpg,A memorial ceremony on the site of the mass graves in Katyn. File photo
http://news.bbcimg.co.uk/media/images/52133000/jpg/_52133220_bahmanfarjar.jpg,Bahman Faraji was shot as he left the Belgrave pub in Aigburth
http://c.files.bbci.co.uk/5579/production/_83718812_easterngreykangaroo.jpg,The red-necked wallaby was one of three species found to be predominantly left-handed
http://news.bbcimg.co.uk/media/images/81354000/jpg/_81354980_ap-hi024859892.jpg,Tamir Rice was shot in the abdomen by a police officer in November
http://news.bbcimg.co.uk/media/images/78770000/jpg/_78770361_76428216.jpg,South Korean rescue workers surround the sinking ferry Sewol - 16 April 2014
http://news.bbcimg.co.uk/media/images/51520000/jpg/_51520191_puffin_sculpture_steve_gardner.jpg,Bronze puffin [Pic: Steve Gardner]
http://news.bbcimg.co.uk/media/images/56157000/jpg/_56157856_waitrosesign.jpg,Charlie Mayfield from John Lewis says fall is due to investment
http://news.bbcimg.co.uk/media/images/69576000/jpg/_69576213_llanberismrlandrover.jpg,The team has invested in two new vehicles
http://c.files.bbci.co.uk/D6DF/production/_88570055_gettyimages-513405550-1.jpg,Australia's most senior Catholic Cardinal George Pell
http://news.bbcimg.co.uk/media/images/66963000/jpg/_66963495_matilda2.jpg,Matilda the Musical written by Tim Minchin and Dennis Kelly received rave reviews from the American press after its opening night
http://news.bbcimg.co.uk/media/images/80291000/jpg/_80291408_babypygmyhippoindoorway.jpg,"Baby pygmy hippo, Whipsnade"
http://news.bbcimg.co.uk/media/images/60960000/jpg/_60960181_jex_1437401_de27-1.jpg,"George Papandreou, former Greek Prime Minister, warns that it is \"
http://news.bbcimg.co.uk/media/images/65189000/jpg/_65189652_65189651.jpg,Ed Miliband at Prime Minister's Questions
http://news.bbcimg.co.uk/media/images/51019000/jpg/_51019842_011148698-1.jpg,Like Crazy is Drake Doremus's sixth movie
http://news.bbcimg.co.uk/media/images/78851000/jpg/_78851572_derrycourt11082014pacemaker004.jpg,A bail application by Mr Bradley was refused by the judge at Londonderry Magistrates' Court on Saturday
http://news.bbcimg.co.uk/media/images/70131000/jpg/_70131337_70131333.jpg,Bill Gates favoured a one button alternative to Ctrl+Alt+Del
http://news.bbcimg.co.uk/media/images/63593000/jpg/_63593615_doug_allan2.jpg,Wildlife cameraman Doug Allan speaks of his career filming some of the most memorable scenes in the BBC's Frozen Planet series
http://news.bbcimg.co.uk/media/images/53046000/jpg/_53046242_combined.jpg,Mohamed Abdi Farah and Amin Ahmed Ismail
http://news.bbcimg.co.uk/media/images/54521000/jpg/_54521642_castle1.jpg,"Edinburgh Castle attracted 203,940 visitors in July, up 19% compared to the same period last year"
http://c.files.bbci.co.uk/1283/production/_88693740_88693739.jpg,Causeway Books in Hong Kong (file image)
http://news.bbcimg.co.uk/media/images/81575000/jpg/_81575552_zz31.jpg,Former Neath and Wales player Gareth Llewellyn said it is important clubs like Neath survive
http://news.bbcimg.co.uk/media/images/53255000/jpg/_53255837_012008257-1.jpg,Home Secretary Theresa May said universities had been unwilling to recognise what was happening on campus
http://news.bbcimg.co.uk/media/images/57404000/jpg/_57404456_57404455.jpg,"People sit around a fire during heavy fog on a chilly morning in New Delhi on December 19, 2011."
http://news.bbcimg.co.uk/media/images/61070000/jpg/_61070515_61068641.jpg,"Bus depot, photo taken by Richard Gough"
http://news.bbcimg.co.uk/media/images/56045000/jpg/_56045992_001941895-1.jpg,Official fuel poverty figures feature a significant time-lag
http://news.bbcimg.co.uk/media/images/70499000/jpg/_70499987_019219953-1.jpg,Council spending will fall from £4.648bn this year to £4.466bn next year
http://news.bbcimg.co.uk/media/images/54087000/jpg/_54087705_jayceesolicatbar.jpg,The Philippines now has more call centre workers than India
http://news.bbcimg.co.uk/media/images/73451000/jpg/_73451118_73451117.jpg,"An approaching tornado in Moore, Oklahoma on 20 May 2013"
http://c.files.bbci.co.uk/2F1B/production/_88095021_sbcgoogle.png,Scottish Borders Council HQ
http://news.bbcimg.co.uk/media/images/55923000/jpg/_55923864_prince.jpg,Prince Charles meets the public at the parde in Newcastle
http://news.bbcimg.co.uk/media/images/73098000/jpg/_73098444_maersk2.jpg,"Crew members are seen on the Maersk Alabama in Mombasa, Kenya, on 22 November 2009"
http://news.bbcimg.co.uk/media/images/48347000/jpg/_48347323_pearspl.jpg,"Being pear-shaped may hamper brain function, the researchers believe"
http://news.bbcimg.co.uk/media/images/80011000/jpg/_80011331_saundersfood_swim1.jpg,"More than 1,500 swimmers in fancy dress took part in the swim"
http://news.bbcimg.co.uk/media/images/73767000/jpg/_73767768_aberdeenexhibitionbbc.jpg,The exhibition has opened at Aberdeen Art Gallery
http://news.bbcimg.co.uk/media/images/68316000/jpg/_68316803_billclintonbusinessaward.jpg,The former US president Bill Clinton has urged both sides of the Scottish independence debate to weigh up the pros and cons respectfully.
http://c.files.bbci.co.uk/E1AD/production/_83937775_83937773.jpg,Ben Bland with a guide to the key numbers and issues surrounding the Greek crisis
http://news.bbcimg.co.uk/media/images/55939000/jpg/_55939266_013124308-1.jpg,Polish Prime Minister Donald Tusk has claimed victory in parliamentary polls after exit polls gave a clear lead to his Civic Platform party
http://news.bbcimg.co.uk/media/images/50892000/jpg/_50892123_011049647-1.jpg,The Trenta will be offered only for three drinks
http://news.bbcimg.co.uk/media/images/56485000/jpg/_56485393_yangguangwithbamboo.jpg,Yang Guang with bamboo Pic: Alison Maclean
http://news.bbcimg.co.uk/media/images/79923000/jpg/_79923885_79912516.jpg,Princess Road at the junction of Greenheys Lane in Hulme
http://c.files.bbci.co.uk/61C2/production/_84262052_army.jpg,Brigadier John Donnelly said the Army accepted it did not carefully manage the risks involved in the exercise
http://news.bbcimg.co.uk/media/images/61524000/jpg/_61524258_83a1fdf5-6116-4b85-b38b-a1890c1dacbd.jpg,Basking shark. Pic: Paul Naylor/SNH
http://news.bbcimg.co.uk/media/images/56992000/jpg/_56992821_jex_1248048_de27-1.jpg,CCTV catches the moment the Tallinn tree toppled in high winds
http://news.bbcimg.co.uk/media/images/60888000/jpg/_60888500_cauldron.jpg,Lesley Forrest lights the cauldron at Edinburgh Castle
http://news.bbcimg.co.uk/media/images/74048000/jpg/_74048962_cane_thinkstock624.jpg,"Azizul Raheem Awalludin, Shalwati Norshal and family"
http://news.bbcimg.co.uk/media/images/53508000/jpg/_53508540_downviewroadcrash.jpg,"Crash scene in Downview Road, Worthing"
http://news.bbcimg.co.uk/media/images/58053000/jpg/_58053660_stephenjamesmccann.jpg,"Stephen McCann died after being knocked down in Leslie, Fife"
http://news.bbcimg.co.uk/media/images/50034000/jpg/_50034266_harvestpacambs.jpg,Harvest in Cambridgeshire
http://news.bbcimg.co.uk/media/images/55052000/jpg/_55052217_55049190.jpg,Liam Hooper and Steve Coogan
http://news.bbcimg.co.uk/media/images/77298000/jpg/_77298128_77298127.jpg,"Indian PM Narendra Modi and Japan's PM Shinzo Abe shake hands before their talks at the state guest house in Tokyo Monday, Sept. 1, 2014"
http://news.bbcimg.co.uk/media/images/59706000/jpg/_59706175_59706174.jpg,Agim Hoxha was originally from Albania and had lived in the UK for 12 years
http://news.bbcimg.co.uk/media/images/63682000/jpg/_63682868_63682867.jpg,A Buddhist victim of the violence recovers in hospital
http://news.bbcimg.co.uk/media/images/53075000/jpg/_53075936_bushrove_getty.jpg,George W Bush and Karl Rove
http://news.bbcimg.co.uk/media/images/51215000/jpg/_51215519_jex_955376_de14-1.jpg,Islamic scholar and Egyptian TV presenter Moez Masoud: 'It's historic... Pharaoh has let his people go'
http://news.bbcimg.co.uk/media/images/53411000/jpg/_53411578_jex_1076511_de27-1.jpg,"Turkey says over 8,000 Syrians have sought refuge over the border, as Syrian tanks spread out around towns and villages near the border"
http://c.files.bbci.co.uk/16C0/production/_86242850_86242849.jpg,Tax discs have now disappeared for good
http://c.files.bbci.co.uk/E9B2/production/_87762895_gettyimages-479451840.jpg,Silhouette of a tennis player
http://news.bbcimg.co.uk/media/images/54247000/jpg/_54247762_hillary.jpg,Clinton sought to re-assure Hong Kong business leaders on US debt
http://news.bbcimg.co.uk/media/images/57176000/jpg/_57176396_000010759-1.jpg,"Former Shining Path leader, Abimael Guzman, in a high security jail in Lima, 08/10/1992"
http://c.files.bbci.co.uk/110A9/production/_83710896_stephenrussell.jpg,Stephen Russell was last seen on Tuesday
http://news.bbcimg.co.uk/media/images/65948000/jpg/_65948758_aaronswartz.jpg,Aaron Swartz in a library
http://news.bbcimg.co.uk/media/images/63724000/jpg/_63724160_63724159.jpg,Rooftops of homes in Eastbourne
http://news.bbcimg.co.uk/media/images/60703000/jpg/_60703484_sksuicide.jpg,"Memorial to South Korean actor Park Yong-ha, who committed suicide (June 2010)"
http://news.bbcimg.co.uk/media/images/56338000/jpg/_56338865_56338862.jpg,Chinese yuan next to the US currency
http://news.bbcimg.co.uk/media/images/50667000/jpg/_50667040_nextretailsalestradingupdate.jpg,"Next store, Westfield Centre, London"
http://news.bbcimg.co.uk/media/images/82087000/jpg/_82087212_mole-y-faen.jpg,It was 'extremely unusual' for all RAF Valley helicopters to be unservicable
http://c.files.bbci.co.uk/C301/production/_87712994_sandford.jpg,Daniel Sandford wedged in a hole
http://news.bbcimg.co.uk/media/images/48165000/jpg/_48165656_009319058-1.jpg,Communities Secretary Eric Pickles
http://news.bbcimg.co.uk/media/images/50552000/jpg/_50552176_010892159-1.jpg,South Korean soldiers train in Dangjin
http://news.bbcimg.co.uk/media/images/75317000/jpg/_75317773_rosyth.jpg,HMS Queen Elizabeth takes shape at Rosyth
http://news.bbcimg.co.uk/media/images/60896000/jpg/_60896576_noble_williamson_split_newsline.jpg,Paul Noble and Williamina Stewart [Pics: Newsline]
http://news.bbcimg.co.uk/media/images/49638000/jpg/_49638645_jex_847047_de27-1.jpg,Rare earths are used in a variety of products including LED lighting and laptops
http://news.bbcimg.co.uk/media/images/64027000/jpg/_64027399_leveson.jpg,Lord Justice Leveson at inquiry
http://news.bbcimg.co.uk/media/images/56238000/jpg/_56238273_013211301-1.jpg,Former Pakistani Prime Minister Benazir Bhutto (left) with her mother Begum Nusrat Bhutto (centre) at Islamabad airport (file picture 4 February 1997)
http://news.bbcimg.co.uk/media/images/68563000/jpg/_68563422_mailstrike.jpg,Staff sitting on grass outside sorting office
http://news.bbcimg.co.uk/media/images/77303000/jpg/_77303053_6c447a5e-bdfd-4f3a-8a9f-7aa78e4bb037.jpg,Blair Jenkins and Blair McDougall
http://news.bbcimg.co.uk/media/images/59329000/jpg/_59329504_014366642-1.jpg,Dominique Strauss-Kahn (file image from 2008)
http://news.bbcimg.co.uk/media/images/51926000/jpg/_51926842_debatepa.jpg,"Iain Gray, Alex Salmond, Tavish Scott and Annabel Goldie"
http://c.files.bbci.co.uk/250D/production/_88658490_88658489.jpg,Amazon is reported to be screening videos at some of its warehouses to deter thefts
http://news.bbcimg.co.uk/media/images/64551000/jpg/_64551185_64551184.jpg,Sophie Howard was hit by the tree branch while sitting on a bench in a park talking with friends
http://news.bbcimg.co.uk/media/images/50663000/jpg/_50663663_kingsnorthjp058.jpg,"Cancer patient Firoj, his wife Indira and son"
http://news.bbcimg.co.uk/media/images/60212000/jpg/_60212064_watson_afp.jpg,Founder of anti-whaling group Sea Shepherd Paul Watson (file)
http://news.bbcimg.co.uk/media/images/75868000/jpg/_75868809_75868808.jpg,Would double yellow parking help towns?
http://news.bbcimg.co.uk/media/images/59386000/jpg/_59386631_fotosvladi200.jpg,Susana Trimarco in front of pictures of her daughter known as Marita
http://news.bbcimg.co.uk/media/images/48440000/jpg/_48440029_48437525.jpg,Artist's impression of the Environment and Sustainability Institute
http://news.bbcimg.co.uk/media/images/53877000/jpg/_53877279_dounreay_pa_464.jpg,Dounreay in Caithness is being demolished in a £2.6bn project
http://news.bbcimg.co.uk/media/images/74971000/jpg/_74971300_llyfrgellgen.jpg,National Library of Wales
http://news.bbcimg.co.uk/media/images/52184000/jpg/_52184946_lackie.jpg,L/Cpl Darren Lackie had served with the Black Watch in Afghanistan
http://news.bbcimg.co.uk/media/images/55180000/jpg/_55180674_jex_1158543_de29-1.jpg,Consultant editor Elizabeth Carter: \
http://news.bbcimg.co.uk/media/images/60689000/jpg/_60689723_014940086-1.jpg,Lay judge Ernst Henning Eielsen (R) in court during the trial of Anders Behring Breivik in Oslo
http://news.bbcimg.co.uk/media/images/61327000/jpg/_61327565_marus.jpg,Maria de Villota joined Marussia as a test driver earlier this year
http://news.bbcimg.co.uk/media/images/59021000/jpg/_59021668_013347144-1.jpg,Game shares fell 38% after a profit warning
http://news.bbcimg.co.uk/media/images/57579000/jpg/_57579702_cruisemission464.jpg,Tom Cruise in Mission: Impossible - Ghost Protocol
http://news.bbcimg.co.uk/media/images/52158000/jpg/_52158364_hughes.jpg,"Dungannon murder victim, Eamon Hughes"
http://news.bbcimg.co.uk/media/images/48434000/jpg/_48434775_jex_757342_de27-1.jpg,24hr strike for French air traffic controllers
http://news.bbcimg.co.uk/media/images/71797000/jpg/_71797909_annaredwoodinafghanistan(87).jpg,Anna Redwood's desert rat sculpture
http://news.bbcimg.co.uk/media/images/82690000/jpg/_82690032_82690030.jpg,Calbuco volcano has erupted for the third time in eight days
http://news.bbcimg.co.uk/media/images/49036000/jpg/_49036668_010137372-1.jpg,"Spears is accused of making repeated, unwanted sexual advances towards Mr Flores"
http://c.files.bbci.co.uk/90A5/production/_88892073_88892071.jpg,Mike Ashley wears a Newcastle scarf at a club game
http://news.bbcimg.co.uk/media/images/52806000/jpg/_52806623_011964939-1.jpg,One woman's struggle to find work and Gerwyn Davies from the CIPD on why they are not optimistic about the jobs market
http://news.bbcimg.co.uk/media/images/81854000/jpg/_81854156_votersafp.jpg,"Voters in France, 22 Mar 15"
http://news.bbcimg.co.uk/media/images/49167000/jpg/_49167560_shooting.jpg,Police retained a presence at the petrol station on Monday morning
http://news.bbcimg.co.uk/media/images/65824000/png/_65824947_vlcsnap-2013-02-11-07h09m36s190.png,Fixed odds betting terminals in William Hill
http://news.bbcimg.co.uk/media/images/51425000/jpg/_51425854_plasmadoc3041.jpg,Plas Madoc Estate near Wrexham
http://news.bbcimg.co.uk/media/images/62489000/jpg/_62489233_62489232.jpg,"Felix, Brazil's 1970 goalkeeper"
http://news.bbcimg.co.uk/media/images/75779000/jpg/_75779790_022840296-1.jpg,Trader New York Stock Exchange
http://news.bbcimg.co.uk/media/images/64740000/jpg/_64740835_p1020217.jpg,Stories of rape have emerged at Tutwiler prison in Alabama (pic: Robin Nelson)
http://news.bbcimg.co.uk/media/images/68297000/jpg/_68297267_68297266.jpg,Mumbai building collapse on 21 June 2013
http://news.bbcimg.co.uk/media/images/49362000/jpg/_49362670_jex_826478_de27-1.jpg,Empty seats mar Delhi's Commonwealth Games
http://news.bbcimg.co.uk/media/images/53396000/jpg/_53396380_53396378.jpg,A view of a cloud of ash from Chile\
http://news.bbcimg.co.uk/media/images/74716000/jpg/_74716824_74716823.jpg,Flats at Linkwood Crescent
http://news.bbcimg.co.uk/media/images/82198000/jpg/_82198750_hang_seng.jpg,stones treatment in a spa
http://news.bbcimg.co.uk/media/images/54170000/jpg/_54170736_jex_10620_de27-1.jpg,"Andrew Rickwood was found with serious injuries in Basing Drive, Aldershot"
http://news.bbcimg.co.uk/media/images/57663000/jpg/_57663062_013621263-1.jpg,"A Fiat Stilo, the car in which the suspect fled with the victim, is removed by police"
http://news.bbcimg.co.uk/media/images/59725000/jpg/_59725382_59725381.jpg,Conservative leader of Leicestershire County Council David Parsons
http://news.bbcimg.co.uk/media/images/50096000/jpg/_50096520_eric.304.jpg,Cantona wants a 'real revolution'
http://news.bbcimg.co.uk/media/images/53112000/jpg/_53112553_d9585d45-a435-41cd-8463-d91d917b7977.jpg,Snow and ice has brought disruption to the UK in recent winters - and the varying Sun could be responsible
http://c.files.bbci.co.uk/144D0/production/_86825138_86825137.jpg,"Nola at the San Diego Zoo Safari Park, Dec 2014"
http://news.bbcimg.co.uk/media/images/71103000/jpg/_71103924_71103923.jpg,An Indian youth walks past a huge poster saluting cricketer Sachin Tendulkar on the facade of a shop in Mumbai on 13 November 2013
http://news.bbcimg.co.uk/media/images/54808000/jpg/_54808773_gcse_exam_bbc.jpg,Students starting 2012 will have to sit all their exams at the end of the course
http://news.bbcimg.co.uk/media/images/71333000/jpg/_71333441_71326928.jpg,Scientists looking at computers running NEIL
http://news.bbcimg.co.uk/media/images/83040000/jpg/_83040459_protest1.jpg,Protesters gather on Queen Street
http://c.files.bbci.co.uk/1DA4/production/_88588570_migrantslesboswaitafp.jpg,"Migrants waiting on Lesbos, 2 Mar 16"
http://news.bbcimg.co.uk/media/images/70941000/jpg/_70941478_70941477.jpg,Person passing a Jobcentre
http://news.bbcimg.co.uk/media/images/58513000/jpg/_58513051_rexfeatures_578333b.jpg,Colleagues described James Whitaker as the \
http://news.bbcimg.co.uk/media/images/55442000/jpg/_55442575_012937542-1.jpg,Poster of Nick Clegg outside the conference venue
http://news.bbcimg.co.uk/media/images/77927000/jpg/_77927973_still-red-cup.jpg,Solo cup with words Sexual Assault at College
http://c.files.bbci.co.uk/2617/production/_88515790_pa-23843035.jpg,Geoffrey Wellum in 2016 and in his early days in the RAF - fresh out of school
http://news.bbcimg.co.uk/media/images/77832000/jpg/_77832508_77832507.jpg,Protesters outside parliament in Jakarta (25 Sept 2014)
http://c.files.bbci.co.uk/14A28/production/_85702548_85702547.jpg,"Omagh, County Tyrone, where residents are said to be the happiest"
http://news.bbcimg.co.uk/media/images/80661000/jpg/_80661221_preview.jpg,A Russian Tu-95 Bear 'H' aircraft
http://news.bbcimg.co.uk/media/images/75611000/jpg/_75611236_75611228.jpg,Dappy outside Chelmsford Crown Court
http://news.bbcimg.co.uk/media/images/55144000/jpg/_55144545_55144353.jpg,David Cameron and his wife Samantha along with the Queen and Prince Philip at Braemar Gathering
http://news.bbcimg.co.uk/media/images/64542000/jpg/_64542095_016637716-1.jpg,"File photo: A soldier standing guard in front of a rocket sitting on a launch pad at the West Sea Satellite Launch Site, Pyongyang, 8 April 2012"
http://c.files.bbci.co.uk/0DD3/production/_84193530_hogweed.jpg,Reid Daley suffered burns after coming into repeated contact with giant hogweed in Bolton
http://news.bbcimg.co.uk/media/images/76051000/jpg/_76051935_caroline.jpg,Caroline Parry was shot dead in Seabreeze Avenue on 8 August 2013
http://c.files.bbci.co.uk/2AB4/production/_83823901_zz37.jpg,"The bendy buses, known as ftrMetro, were introduced in 2009"
http://news.bbcimg.co.uk/media/images/49237000/jpg/_49237294_010254163-1.jpg,Mark Saunders minutes before his death
http://news.bbcimg.co.uk/media/images/73831000/jpg/_73831975_boozefags.jpg,Man smoking and drinking alcohol
http://news.bbcimg.co.uk/media/images/68694000/jpg/_68694632_68694190.jpg,A group of veterans at the funeral service for Fusilier Lee Rigby
http://news.bbcimg.co.uk/media/images/48917000/jpg/_48917944_2.jpg,The Public cost £72m and opened in 2008
http://c.files.bbci.co.uk/11C00/production/_88140727_img_2416.jpg,Arts demonstration in Cardiff
http://news.bbcimg.co.uk/media/images/59141000/jpg/_59141224_grandslamslide4.jpg,Wales fan before kick-off
http://news.bbcimg.co.uk/media/images/71317000/jpg/_71317950_71317948.jpg,The relics have never been authenticated
http://news.bbcimg.co.uk/media/images/66645000/jpg/_66645748_66645747.jpg,Shadow Work and Pensions Secretary Liam Byrne: \
http://news.bbcimg.co.uk/media/images/56405000/jpg/_56405797_rogermoore.jpg,Sir Roger is also well known for his UNICEF work
http://news.bbcimg.co.uk/media/images/74680000/jpg/_74680770_74680768.jpg,Mr Marchionne has been praised for leading Chrysler through restructuring following its bankruptcy in 2009
http://news.bbcimg.co.uk/media/images/82691000/jpg/_82691231_82667130.jpg,Bassem Youssef's guide to the Middle East
http://news.bbcimg.co.uk/media/images/75891000/jpg/_75891231_highcourtnew624.jpg,"The court heard that McKenna had previous convictions for robbery, assault and carrying a knife"
http://news.bbcimg.co.uk/media/images/60318000/jpg/_60318508_westpac.jpg,"Westpac Group headquarters, 16 Feb 2012"
http://news.bbcimg.co.uk/media/images/73354000/jpg/_73354258_73354255.jpg,The group boarded the 18:15 service from Edinburgh to Glasgow at Linlithgow station
http://c.files.bbci.co.uk/03E9/production/_86910010_tabernaclangelnov2015.jpg,"The council could lose up to £35,000 a year by keeping the shop (right) empty"
http://news.bbcimg.co.uk/media/images/48608000/jpg/_48608429_central---pervez-choudhry.jpg,Councillor Pervez Choudhry
http://news.bbcimg.co.uk/media/images/49248000/jpg/_49248420_kendall_112.jpg,"Swedish corvette HMS Stockholm patrols Jungfrufjarden in the Stockholm archipelago, Sweden, 20 October 2014"
http://news.bbcimg.co.uk/media/images/69082000/jpg/_69082777_whotrio.jpg,"Peter Capaldi, Billie Piper and Chiwetel Ejiofor"
http://news.bbcimg.co.uk/media/images/73150000/jpg/_73150404_mississippi1.jpg,"The James Meredith statue is seen on the University of Mississippi campus in Oxford, Mississippi, on 17 February 2014"
http://c.files.bbci.co.uk/F863/production/_85778536_theresavilliers.jpg,Northern Ireland Secretary of State Theresa Villiers
http://news.bbcimg.co.uk/media/images/77063000/jpg/_77063482_metal-thefts-comp.jpg,"Umar and Vijay Chohan (top), Liam Murphy, Martyn Richards, Nathan James, Paul Condick and Stephen Phillip"
http://news.bbcimg.co.uk/media/images/60850000/jpg/_60850117_60850116.jpg,BMW's plug-in sportscar will go on sale next year
http://news.bbcimg.co.uk/media/images/53981000/jpg/_53981180_jex_1103410_de27-1.jpg,"Thousands of Somalis are crossing into Ethiopia, where even the newest camps are reaching capacity"
http://news.bbcimg.co.uk/media/images/75646000/jpg/_75646861_aidenjames(new).jpg,An aircrew with their Tornado GR4 at RAF Marham
http://news.bbcimg.co.uk/media/images/63233000/jpg/_63233174_deadzombie624.jpg,Zombie in The Walking Dead
http://c.files.bbci.co.uk/16E59/production/_88658739_amanambabazigetty.jpg,The break in comes ahead of Amama Mbabazi's lawyers challenging the election result in court
http://news.bbcimg.co.uk/media/images/57102000/jpg/_57102029__52990761_012066056-1-1.jpg,Michael Campbell was sentenced to 12 years in prison
http://news.bbcimg.co.uk/media/images/66731000/jpg/_66731140_reed.jpg,"From right to left - Stuart Wareham, Lee Wareham and Benjamin Walter"
http://news.bbcimg.co.uk/media/images/65352000/jpg/_65352460_williams2.jpg,Alex Williams during his time with Stenhousemuir
http://c.files.bbci.co.uk/B3D0/production/_83923064_m3900534-surgical_equipment-spl.jpg,The same type of models are used on Casualty and Holby City
http://news.bbcimg.co.uk/media/images/59350000/jpg/_59350156_aardman_getty.jpg,Aardman creator Nick Park
http://c.files.bbci.co.uk/7E9F/production/_88651423_judiththompson.jpg,Judith Thompson called for a \
http://news.bbcimg.co.uk/media/images/55524000/jpg/_55524915_55524914.jpg,The design may lead to shields that protect pacemaker wearers during MRI scans
http://news.bbcimg.co.uk/media/images/76051000/jpg/_76051200_abuse2.jpg,Des Mannion said the figures were \
http://news.bbcimg.co.uk/media/images/76576000/jpg/_76576985_wns_280714_joanna_michael_04.jpg,"Ms Michael's call should have been classed as an immediate response, the court heard"
http://c.files.bbci.co.uk/14767/production/_84351838_84351836.jpg,A partially complete walkway at Ciudad Real airport (July 2012)
http://news.bbcimg.co.uk/media/images/76981000/jpg/_76981856_bed_getty.jpg,Nurses pushing a bed in an hospital
http://news.bbcimg.co.uk/media/images/63906000/jpg/_63906479_dales.jpg,Visitors to the Yorkshire Dales are being asked to help halt the spread of the tree disease
http://news.bbcimg.co.uk/media/images/78447000/jpg/_78447683_78447680.jpg,TV presenter Loyd Grossman makes the case for a tax cut for the restoration and repairs of older buildings
http://news.bbcimg.co.uk/media/images/57376000/jpg/_57376973_beaver_bear_464ap_pa.jpg,Montage image (L) Beaver and (R) a polar bear
http://news.bbcimg.co.uk/media/images/62157000/jpg/_62157978_62157977.jpg,Trucks carrying tanks in al-Arish
http://news.bbcimg.co.uk/media/images/72449000/jpg/_72449620_osage1_624getty.jpg,Julia Roberts and Meryl Streep
http://news.bbcimg.co.uk/media/images/66281000/jpg/_66281187_jex_12844_de36-1.jpg,"Saga Group headquarters in Folkestone, Kent"
http://news.bbcimg.co.uk/media/images/47798000/jpg/_47798764_-1.jpg,Voters queue outside a polling station
http://news.bbcimg.co.uk/media/images/75815000/jpg/_75815897_75815895.jpg,LIVE: John Kerry news conference
http://news.bbcimg.co.uk/media/images/61130000/jpg/_61130846_qeenelizhosp2.jpg,Queen Elizabeth Hospital sign
http://news.bbcimg.co.uk/media/images/81403000/jpg/_81403232_hawks.jpg,Picture of one of the Harris Hawks
http://news.bbcimg.co.uk/media/images/65269000/jpg/_65269961_013663533-1.jpg,Aileen Clarke puts the spoof Scottish citizenship test to the test
http://news.bbcimg.co.uk/media/images/52206000/jpg/_52206878_011779873-1.jpg,Raul Castro addressing the Communist Party Congress in Havana
http://news.bbcimg.co.uk/media/images/69272000/jpg/_69272735_018956726.jpg,Whipps Cross University Hospital
http://news.bbcimg.co.uk/media/images/62969000/jpg/_62969306_62969302.jpg,Prime Minister David Cameron: \
http://news.bbcimg.co.uk/media/images/75286000/jpg/_75286466_mundeandmodi.jpg,Gopinath Munde (right) was appointed just last week to Prime Minister Narendra Modi's new government
http://news.bbcimg.co.uk/media/images/49120000/jpg/_49120518_jex_808895_de27-1.jpg,Industry figures discuss the future of British film
http://news.bbcimg.co.uk/media/images/64055000/jpg/_64055419_64055418.jpg,Pope Benedict XVI celebrates Mass at the Vatican (3 Nov 2012)
http://news.bbcimg.co.uk/media/images/57743000/jpg/_57743526_dsc_0190.jpg,"The Council House, Bristol"
http://news.bbcimg.co.uk/media/images/53322000/jpg/_53322292_davidkelly464in_getty.jpg,Dr Kelly was the source of a BBC report casting doubt on government claims about Iraq's weapons
http://c.files.bbci.co.uk/BAF0/production/_88665874_thinkstockphotos-453947423.jpg,Rich woman gets off private jet
http://news.bbcimg.co.uk/media/images/49051000/jpg/_49051364_40098000.jpg,Woodend Hospital provides mainly rehabilitation services and care for elderly patients
http://news.bbcimg.co.uk/media/images/67357000/jpg/_67357508_keym1io9.jpg,"Russian communist party activist during the traditional May Day rally in Moscow on May 1, 2013"
http://news.bbcimg.co.uk/media/images/63877000/jpg/_63877374_mac.jpg,Denis MacShane announced on Friday that he would stand down as an MP
http://news.bbcimg.co.uk/media/images/50101000/jpg/_50101699_joan.jpg,Joan Wakely with her husband Michael
http://news.bbcimg.co.uk/media/images/64636000/jpg/_64636271_64636270.jpg,"An electoral officer gives ballot papers to a voter upon his arrival at Bole polling station in Ghana's northern region on December 7, 2012."
http://news.bbcimg.co.uk/media/images/78476000/jpg/_78476316_garethwynjones.jpg,Gareth Wyn Jones has been sentenced to a minimum of 20 years in prison
http://news.bbcimg.co.uk/media/images/71779000/jpg/_71779777_019729976-1.jpg,"Children's centres are popular with parents, says a report from MPs"
http://news.bbcimg.co.uk/media/images/69577000/jpg/_69577281_python-crop.jpg,Boa constrictor (file image)
http://news.bbcimg.co.uk/media/images/70663000/jpg/_70663972_63556.jpg,The BBC's Rebecca Morelle: \
http://news.bbcimg.co.uk/media/images/51396000/jpg/_51396424_nick_servini.jpg,"Land near Lisvane, Cardiff"
http://news.bbcimg.co.uk/media/images/81790000/jpg/_81790613_81790612.jpg,Pierre Le Guennec and his wife Danielle are surrounded by the media
http://c.files.bbci.co.uk/1115F/production/_84338996_84338995.jpg,Documents stored in the National Archives
http://news.bbcimg.co.uk/media/images/77676000/jpg/_77676189_77676187.jpg,Founder of Alibaba Jack Ma is one of China's richest people
http://news.bbcimg.co.uk/media/images/63028000/jpg/_63028104_travellers1.jpg,Traveller caravans at Chilwell School
http://news.bbcimg.co.uk/media/images/48369000/jpg/_48369693_jex_751894_de28-1.jpg,Mr Newlove was beaten to death by three teenagers
http://c.files.bbci.co.uk/62F8/production/_87163352_untitled-1.jpg,John Sabine and Leigh Ann Sabine
http://news.bbcimg.co.uk/media/images/51560000/jpg/_51560450_jennifer_currie.jpg,Jennifer Currie and children
http://news.bbcimg.co.uk/media/images/50896000/jpg/_50896920_000579545-1.jpg,Kostas Kenteris and Katerina Thanou in 2001
http://news.bbcimg.co.uk/media/images/80994000/jpg/_80994951_80994950.jpg,"Willie Walsh, chief executive of IAG"
http://news.bbcimg.co.uk/media/images/57212000/jpg/_57212593_granapp_online.jpg,Avril Lethbridge's app started out as a card game and book
http://news.bbcimg.co.uk/media/images/72043000/jpg/_72043002_72034641.jpg,"Kumbuka, a male silverback gorilla, at London Zoo"
http://news.bbcimg.co.uk/media/images/64333000/jpg/_64333713_niall.jpg,Commons bosses said the change was made for procedural reasons
http://news.bbcimg.co.uk/media/images/76639000/jpg/_76639477_index31.jpg,Composite image of Express and i front pages
http://news.bbcimg.co.uk/media/images/75904000/jpg/_75904476_75904475.jpg,Pro-Russian rebel in Donetsk - 27 June
http://news.bbcimg.co.uk/media/images/78219000/jpg/_78219129_juju_comp_home_office_custody.jpg,Lizzy Idahosa and partner Jackson Omoruyi
http://news.bbcimg.co.uk/media/images/58014000/jpg/_58014343_ussguidedramaticafp52609510.jpg,A North Korean guide shows tourists around the USS Pueblo
http://news.bbcimg.co.uk/media/images/53552000/jpg/_53552829_1041905_b317571c-1.jpg,A second road bridge over the River Tweed in Peebles has been backed by residents
http://news.bbcimg.co.uk/media/images/54544000/jpg/_54544377_012282211-1.jpg,The consumer watchdog said sections of society miss out on online deals and services
http://c.files.bbci.co.uk/4BD1/production/_86990491_028440882-1.jpg,"Mullah Akhtar Mohammad Mansour, new leader of the Taliban militants, is seen in this undated handout photograph by the Taliban"
http://news.bbcimg.co.uk/media/images/71305000/jpg/_71305933_tardisnight.jpg,Tardis on castle battlements
http://news.bbcimg.co.uk/media/images/70512000/jpg/_70512176_higgs.jpg,Prof Higgs does not see himself as being comparable to Einstein
http://news.bbcimg.co.uk/media/images/76592000/jpg/_76592063_76592059.jpg,BlueBox Labs says that Android was not doing full enough checks on the IDs used to grant apps special privileges
http://news.bbcimg.co.uk/media/images/54077000/jpg/_54077881_005100497-1.jpg,Owner Carl Welch said he tried all he could to stop Cockadoodle from crowing
http://news.bbcimg.co.uk/media/images/48964000/jpg/_48964143_48964145.jpg,"General Abdul Fattah al-Sisi, addressing the nation on Egyptian State Television Wednesday, July 3, 2013"
http://news.bbcimg.co.uk/media/images/55484000/jpg/_55484033_000059507-1.jpg,Sani Abacha Nigerian President 1993-1998
http://news.bbcimg.co.uk/media/images/56657000/jpg/_56657983_50908086.jpg,The event will involve storytelling and music
http://news.bbcimg.co.uk/media/images/64084000/jpg/_64084980_64084979.jpg,Mahmoud Abbas speaks on the anniversary of the death of Yasser Arafat (11 November 2012)
http://news.bbcimg.co.uk/media/images/52071000/jpg/_52071145__49872923_ho-dgri-1.jpg,The man is said to be responding well to treatment in Dumfries Infirmary
http://news.bbcimg.co.uk/media/images/60564000/jpg/_60564779_014603398-1.jpg,Veteran politician George Reid believes \
http://c.files.bbci.co.uk/DDB1/production/_84935765_84935763.jpg,Crime scene and Stephen Gannon
http://news.bbcimg.co.uk/media/images/61919000/jpg/_61919072_australiapolice_drugs.jpg,"Australian Federal Police (AFP) guard crystal methamphetamine ('ice') and heroin after smashing am international drugs syndicate in Sydney on 31 July, 2012"
http://news.bbcimg.co.uk/media/images/52451000/jpg/_52451834_weavers.jpg,DC Dalgliesh weavers. Company photo
http://news.bbcimg.co.uk/media/images/70716000/jpg/_70716394_curry-624.jpg,Complete works of Shakespeare
http://news.bbcimg.co.uk/media/images/56945000/jpg/_56945011_leprosy.jpg,Hands of a Madagascan leprosy patient
http://c.files.bbci.co.uk/1163/production/_84615440_84615439.jpg,Migrant scaling fence in Coquelles
http://news.bbcimg.co.uk/media/images/75308000/jpg/_75308031_75308030.jpg,"Warcop Training Centre, near Appleby"
http://news.bbcimg.co.uk/media/images/77321000/jpg/_77321250_104511076.jpg,"Dollar General has 11,000 stores in 40 US states"
http://c.files.bbci.co.uk/10891/production/_87292776_singh.jpg,Sandeep Singh was jailed and banned from driving for 10 years
http://news.bbcimg.co.uk/media/images/77597000/jpg/_77597663_77586228.jpg,"Stefan Lofven, the leader of Sweden’s Social Democrats, speaks to supporters in Stockholm - 14 September 2014"
http://news.bbcimg.co.uk/media/images/81843000/jpg/_81843491_boyle1_bbc.jpg,Boyle is known for his appearances on the BBC's Mock the Week
http://news.bbcimg.co.uk/media/images/52882000/jpg/_52882602_pricepic.jpg,"Traders at Bankinter, Madrid, 20 Sep 12"
http://c.files.bbci.co.uk/175D2/production/_85289659_falkirksheriffcourt.png,"Falkirk Sheriff Court, where Adam Menzies was found guilty of two charges of breaching \"
http://c.files.bbci.co.uk/166E3/production/_84557819_powys.jpg,"The cuts aim to put the council on a 'sound financial footing' by 2019, when it is expecting to have to make further reductions"
http://news.bbcimg.co.uk/media/images/51633000/jpg/_51633972_011498378-1.jpg,Cars crushed during Japan earthquake
http://news.bbcimg.co.uk/media/images/64261000/jpg/_64261067_bog.jpg,Bog pools and conifer plantation at the Forsinard RSPB reserve
http://news.bbcimg.co.uk/media/images/48255000/jpg/_48255624_48260873.jpg,A pay rise for politicians at Croydon Town Hall has been postponed
http://news.bbcimg.co.uk/media/images/63961000/jpg/_63961707_bus.jpg,"Alexander Dennis Limited is to build almost 1,000 new buses over the next 18 months"
http://news.bbcimg.co.uk/media/images/78050000/jpg/_78050536_78050534.jpg,"In the video, Abdul-Rahman Kassig's parents urge his captors to \"
http://news.bbcimg.co.uk/media/images/77123000/jpg/_77123308_77123307.jpg,Twist and Pulse in Glasgow
http://c.files.bbci.co.uk/17FA0/production/_84480289_84480288.jpg,New Horizons has sped past Pluto and is continuing to image the dwarf planet to study its tenuous atmosphere backlit by the Sun
http://news.bbcimg.co.uk/media/images/68068000/jpg/_68068915_68068914.jpg,The government is guaranteeing annual rises in pensions of at least 2.5%
http://news.bbcimg.co.uk/media/images/57867000/jpg/_57867881_jex_1528_de27.jpg,Market Square at the start of the march
http://news.bbcimg.co.uk/media/images/65588000/jpg/_65588641_65545165.jpg,Scene where boy was stabbed
http://c.files.bbci.co.uk/C64F/production/_87476705_thinkstockphotos-501915448.jpg,Cybersecurity concerns will loom large in 2016 for many businesses
http://news.bbcimg.co.uk/media/images/54820000/jpg/_54820138_graduates226.jpg,"NUS Scotland has appealed for a minimal increase, with fee waivers for the least well-off students"
http://news.bbcimg.co.uk/media/images/67786000/jpg/_67786573_aledjames8.jpg,Aled said he enjoyed school and it had never occurred to him not to go in.
http://c.files.bbci.co.uk/16996/production/_85466529_nhhistoricscotlandcommemorativeplaquesscheme2.jpg,A plaque in memory of Jane Haining will be installed at Dunscore Parish Church in Dumfries and Galloway
http://news.bbcimg.co.uk/media/images/83517000/jpg/_83517259_83517257.jpg,A demonstrator holds a placard critical of Qatar's policies regarding the working conditions of migrant workers
http://news.bbcimg.co.uk/media/images/68231000/jpg/_68231252_comhairle_pic_0.jpg,Comhairle nan Eilean Siar
http://c.files.bbci.co.uk/8111/production/_86914033_thinkstockphotos-467356931.jpg,Close-up of a closed coffin and funeral flowers
http://news.bbcimg.co.uk/media/images/51731000/jpg/_51731443_011553044-1.jpg,Ferlin Husky has been credited with creating the template for the Nashville sound
http://news.bbcimg.co.uk/media/images/75618000/jpg/_75618594_sandymurray.jpg,A new website also offers advice to children and parents
http://news.bbcimg.co.uk/media/images/68386000/jpg/_68386559_blog_paper_internet_radio.jpg,A view over Queenstown in New Zealand
http://news.bbcimg.co.uk/media/images/60408000/jpg/_60408210_014496654-1.jpg,File photo: North Korea rocket
http://news.bbcimg.co.uk/media/images/74976000/jpg/_74976838_74976837.jpg,Strict infection control procedures have been introduced at the hospital in East Kilbride
http://news.bbcimg.co.uk/media/images/57176000/jpg/_57176507_market1.jpg,The results of a review into whether to close any Derby indoor market is due next month
http://news.bbcimg.co.uk/media/images/56392000/jpg/_56392413_nigelcassidy.jpg,Italian Finance Minister Giulio Tremonti
http://news.bbcimg.co.uk/media/images/48286000/jpg/_48286007__46953791_donorcard_bbc_226.jpg,The assembly government is pushing for an opt-out donor system in Wales
http://news.bbcimg.co.uk/media/images/79282000/jpg/_79282562_72834972.jpg,Bran Castle is the most famous in Transylvania thanks to its claimed connection with Dracula
http://news.bbcimg.co.uk/media/images/56555000/jpg/_56555885_gastric.jpg,Juliet and Katie Hill said they tried a series of diets before taking the ''drastic action''
http://news.bbcimg.co.uk/media/images/47772000/jpg/_47772371_greece_football_ap_226b.jpg,The Greeks celebrate by hoisting coach Otto Rehhagel aloft
http://news.bbcimg.co.uk/media/images/72896000/jpg/_72896343_snowsharon1.jpg,Snow fell on high ground at Bwlch-y-Garreg near Llanidloes in Powys overnight
http://news.bbcimg.co.uk/media/images/56838000/jpg/_56838919_013372180-1.jpg,Spain's Popular Party leader with his wife Elvira (20 Nov 2011)
http://c.files.bbci.co.uk/E5B0/production/_84500885_84500880.jpg,Soldier from the 1st Battalion Royal Regiment Fusiliers during a dawn foot patrol in Afghanistan
http://news.bbcimg.co.uk/media/images/70819000/jpg/_70819543_70819542.jpg,Robin Thicke's Blurred Lines has topped the charts around the world
http://news.bbcimg.co.uk/media/images/75619000/jpg/_75619456_angie_brown.jpg,Queensferry Crossing toilet
http://c.files.bbci.co.uk/6B00/production/_87929372_bikers1.jpg,There are more than 10 m (16 km) of biking trails
http://news.bbcimg.co.uk/media/images/71701000/jpg/_71701197_71701196.jpg,"Blizzard, creator of Diablo, said it did not call for the take-downs"
http://news.bbcimg.co.uk/media/images/58405000/jpg/_58405514_cfe1c881-5828-45ce-86ab-2ded1f73353e.jpg,The rock known as Jake Matijevic: Anything but dull
http://news.bbcimg.co.uk/media/images/65096000/jpg/_65096791_8uxuof1b.jpg,"Russian President Vladimir Putin (R) greets French actor Gerard Depardieu in Sochi, 5 January"
http://news.bbcimg.co.uk/media/images/62327000/jpg/_62327826_m541330-hospital_nurse-spl.jpg,The trusts were not subject to a formal investigation
http://news.bbcimg.co.uk/media/images/69390000/jpg/_69390798_69390797.jpg,"G K Chesterton lived in Beaconsfied, Buckinghamshire, which is part of the Roman Catholic Diocese of Northampton"
http://news.bbcimg.co.uk/media/images/60756000/jpg/_60756660_s33333333.jpg,Wolfson supplies a number of major technology customers such as Samsung
http://news.bbcimg.co.uk/media/images/81428000/jpg/_81428992_hi026158504.jpg,McLaren's new 650 S supercar borrows a lot of technology from its F1 sisters
http://news.bbcimg.co.uk/media/images/76791000/jpg/_76791113_76791112.jpg,Boy looks across destroyed neighbourhoods of Gaza City (6 August 2014)
http://c.files.bbci.co.uk/10417/production/_88338566_88338565.jpg,Romina says it has been difficult to meet men as her condition has become progressively worse
http://news.bbcimg.co.uk/media/images/66073000/jpg/_66073358_d9ef068d-62b9-405b-abdd-0926bc7e69ae.jpg,Dementia care home patient and daughter
http://c.files.bbci.co.uk/1345F/production/_84734987_niloy_neel_blogger_facebook_nocredit.jpg,Social media image of Niloy Neel
http://news.bbcimg.co.uk/media/images/53664000/jpg/_53664039_jex_1086786_de27-1.jpg,"Companies like Rover have been saved by Chinese investment, offering brand status in return"
http://news.bbcimg.co.uk/media/images/76283000/jpg/_76283684_whiterhinokenya.jpg,Drones could play a significant role in anti-poaching and wildlife conservation
http://news.bbcimg.co.uk/media/images/48146000/jpg/_48146773_009618539-1.jpg,The Queen at a garden party
http://news.bbcimg.co.uk/media/images/47991000/jpg/_47991865_swimmer_bbc_226.jpg,Eilidh Macdonald attempted the swim in aid of three charities
http://news.bbcimg.co.uk/media/images/57306000/jpg/_57306161_chips.jpg,It is claimed businesses could lose trade while waiting for further inspections
http://news.bbcimg.co.uk/media/images/55192000/jpg/_55192357_012827102-1.jpg,The shortlisted books for the Man Booker Prize 2011
http://news.bbcimg.co.uk/media/images/70719000/jpg/_70719607_70719606.jpg,David Cameron concludes a press conference after the EU summit
http://c.files.bbci.co.uk/16E2D/production/_87314739_030656129-1.jpg,"In this photo taken from a drone mounted camera, rescue workers search for survivors in the aftermath of a landslide in Shenzhen in southern China's Guangdong province Monday, 21 December 2015."
http://news.bbcimg.co.uk/media/images/53432000/jpg/_53432440_ambulance.jpg,Mr Corr has been assaulted at work four times in eight years
http://news.bbcimg.co.uk/media/images/49123000/jpg/_49123534__49070904_002355568-1-1.jpg,Removing hospital car park charges had been a Labour pledge
http://news.bbcimg.co.uk/media/images/82690000/jpg/_82690040_82689925.jpg,An International Red Cross spokesperson talks about the aid effort
http://news.bbcimg.co.uk/media/images/72922000/jpg/_72922226_hi021047053.jpg,The replacement ring and cross have been crafted from photos of the originals
http://news.bbcimg.co.uk/media/images/49630000/jpg/_49630578_swinney304x304.jpg,John Swinney with his new son Matthew
http://news.bbcimg.co.uk/media/images/74328000/jpg/_74328486_74328484.jpg,"As Tim Allman reports, cracks in walls show how powerful the earthquake was"
http://news.bbcimg.co.uk/media/images/59345000/jpg/_59345661_centscotfire-cjs-8.jpg,generic pic of firefighters
http://news.bbcimg.co.uk/media/images/78397000/jpg/_78397463_witness-ethiopiastill4.jpg,Dawit Giorgis in Ethiopia
http://news.bbcimg.co.uk/media/images/47559000/jpg/_47559263_ironorepricing.jpg,Miners are the powerhouse behind Australia's economy
http://news.bbcimg.co.uk/media/images/81788000/jpg/_81788474_011065157-1.jpg,generic pupils in classroom
http://news.bbcimg.co.uk/media/images/50567000/jpg/_50567292_jex_909693_de27-1.jpg,An Italian anarchist group said it was behind the Rome embassy blasts
http://news.bbcimg.co.uk/media/images/59748000/jpg/_59748749_59748748.jpg,One newspaper said Kempster's normal breakfast was four loaves and six eggs
http://news.bbcimg.co.uk/media/images/76290000/jpg/_76290889_bricsafp-modi.jpg,Brics leaders announced the creation of a new bank on Tuesday
http://news.bbcimg.co.uk/media/images/61664000/jpg/_61664005_legal.jpg,The survey suggested the gap between the best and worst performing law firms had widened further
http://news.bbcimg.co.uk/media/images/78729000/jpg/_78729547_78729544.jpg,Iain Duncan Smith is asked for an apology from Rachel Reeves over her not voting in an opposition day motion.
http://news.bbcimg.co.uk/media/images/76057000/jpg/_76057935_scalesofjustice_bbc.jpg,Khuram Shazad Iqbal will be sentenced in the next few weeks
http://news.bbcimg.co.uk/media/images/64727000/jpg/_64727803_joe.jpg,Joe Paraskeva with his sister Lauren
http://news.bbcimg.co.uk/media/images/54542000/jpg/_54542234_aberdeen_bypass_bigger.jpg,"The bypass is aimed at creating a fast link to the north, west and south of Aberdeen"
http://news.bbcimg.co.uk/media/images/51996000/jpg/_51996889_gerryadams.jpg,Gerry Adams was speaking at Sinn Fein's assembly election campaign launch
http://news.bbcimg.co.uk/media/images/62885000/jpg/_62885874_62885873.jpg,A 32-ounce soda is filled at a McDonalds on 13 September 2012 in New York City
http://c.files.bbci.co.uk/12782/production/_86805657_030228565-1.jpg,"Soldiers from the presidential patrol outside the Radisson Blu hotel in Bamako, Mali, Saturday, Nov. 21, 2015"
http://news.bbcimg.co.uk/media/images/76886000/jpg/_76886523_76886521.jpg,Robin Williams and his Oscar
http://news.bbcimg.co.uk/media/images/82099000/jpg/_82099492_82099491.jpg,Nigel Farage: “We’ve got to put our own people first”
http://c.files.bbci.co.uk/0FE2/production/_83766040_83766039.jpg,Greece and EU flags held aloft in front of the Greek parliament building
http://c.files.bbci.co.uk/6322/production/_86187352_029637796.jpg,"Election posters in Giza, Egypt. 16 Oct 2015"
http://news.bbcimg.co.uk/media/images/72566000/jpg/_72566974_72566973.jpg,Tony Abbott said the ABC should not \
http://news.bbcimg.co.uk/media/images/72308000/jpg/_72308224_index-large.jpg,Patricia Routledge as Hyacinth Bucket
http://news.bbcimg.co.uk/media/images/64799000/jpg/_64799616_64799614.jpg,"President Barack Obama addresses a vigil in Newtown, Connecticut"
http://news.bbcimg.co.uk/media/images/71952000/jpg/_71952368_mi7n4l2g.jpg,"Edward Snowden on Channel 4, 25 Dec"
http://news.bbcimg.co.uk/media/images/70212000/jpg/_70212535_157659058.jpg,benefits are changing poster
http://news.bbcimg.co.uk/media/images/76167000/jpg/_76167491_ozil.jpg,Mesut Ozil's tattoo reads \
http://news.bbcimg.co.uk/media/images/67834000/jpg/_67834418_sarahmclay_edited.jpg,Sarah McClay died at Royal Preston Hospital
http://news.bbcimg.co.uk/media/images/63180000/jpg/_63180315_emmerdale_40th_wedding.jpg,"Most of the village buildings are shells, with indoor scenes filmed in a studio"
http://news.bbcimg.co.uk/media/images/65076000/jpg/_65076424_65076423.jpg,Tregothnan Estate Manager Jonathon Jones plucking tea leaves
http://news.bbcimg.co.uk/media/images/78886000/jpg/_78886972_78886971.jpg,"Members of the Israeli Zaka emergency response team work at the scene of a stabbing in Tel Aviv. November 10, 2014"
http://news.bbcimg.co.uk/media/images/67037000/jpg/_67037012_72821e74-b1b7-486a-bc78-49a9bba0a20e.jpg,"Canal lock collapsed in Buckland, Bucks"
http://news.bbcimg.co.uk/media/images/71273000/jpg/_71273440_71273439.jpg,Tessa Jowell was one of Tony Blair's strongest supporters
http://news.bbcimg.co.uk/media/images/52666000/jpg/_52666685_eddie2.jpg,Eddie Kidd jumped the Great Wall of China in 1993
http://news.bbcimg.co.uk/media/images/68525000/jpg/_68525669_euandusflagsafp.jpg,EU and US flags in Brussels - file pic
http://news.bbcimg.co.uk/media/images/65615000/jpg/_65615394_israelisoldiersafp.jpg,Israeli soldiers on patrol the West Bank (24 November 2012)
http://news.bbcimg.co.uk/media/images/69509000/jpg/_69509707_rszks3xd.jpg,"An undated handout photograph released by CHC Helicopter on August 24, 2013 shows a Eurocopter AS332 Super Puma L2 variant. \"
http://c.files.bbci.co.uk/EC22/production/_88505406_swanseafire.jpg,"Ty Dewi Sant on Carmarthen Road, Fforestfach"
http://news.bbcimg.co.uk/media/images/72636000/jpg/_72636637_72635728.jpg,Vote results being read in the House of Commons
http://news.bbcimg.co.uk/media/images/57290000/jpg/_57290945__47274235_001489931-1-1.jpg,Aberdeen Exhibition and Conference Centre
http://news.bbcimg.co.uk/media/images/53299000/jpg/_53299432_byd.jpg,The carmaker has been aggressive in its quest to be a leader in the electric and hybrid car segment
http://news.bbcimg.co.uk/media/images/50725000/jpg/_50725987_ahoghill2.jpg,"The security alert at Ballynafie Road, Ahoghill, on Sunday"
http://news.bbcimg.co.uk/media/images/59348000/jpg/_59348687_bbc_iphone.jpg,Prices for using the mobile internet look set to fall
http://c.files.bbci.co.uk/14A07/production/_84278448_84278409.jpg,Picture of the presumed end of the tunnel
http://news.bbcimg.co.uk/media/images/71644000/jpg/_71644547_swt_e2yyy_089_simon_milne_fb_lim.jpg,Simon Milne is the 16th Regius Keeper of the botanic garden
http://c.files.bbci.co.uk/8EC3/production/_85274563_028785296-1.jpg,Boats passing the Tower of London
http://news.bbcimg.co.uk/media/images/77563000/jpg/_77563134_023860929.jpg,US Senator Jeff Flake (left) and Senator Martin Heinrich appeared on Eru island in August 2014
http://news.bbcimg.co.uk/media/images/59454000/jpg/_59454458_margotafp.jpg,"Margot Honecker, 19 Jul 08"
http://news.bbcimg.co.uk/media/images/67292000/jpg/_67292237_tigershot1.jpg,US Serviceman taking part in Exercise Tiger in 1943
http://news.bbcimg.co.uk/media/images/58762000/jpg/_58762017_hi007005940.jpg,Football resting against net
http://news.bbcimg.co.uk/media/images/57703000/jpg/_57703454_jex_1280111_de18-1.jpg,Aung San Suu Kyi said she trusted the Burmese president
http://news.bbcimg.co.uk/media/images/79511000/jpg/_79511450_79511447.jpg,What happened to Cameron pledges?
http://news.bbcimg.co.uk/media/images/66541000/jpg/_66541610_reynolds.jpg,Mr Reynolds left Aberdeen Royal Infirmary on Friday
http://news.bbcimg.co.uk/media/images/65363000/jpg/_65363835_india_straydogs_afp.jpg,Group of stay dogs lying in an empty street
http://news.bbcimg.co.uk/media/images/68269000/jpg/_68269849_g2800382-genetically_modified_maize_field_trial-spl.jpg,Monsanto will now look to import genetically modified crop varieties into Europe
http://news.bbcimg.co.uk/media/images/70603000/jpg/_70603443_70603442.jpg,Ben Needham went missing during a family holiday in Kos in 1991
http://news.bbcimg.co.uk/media/images/51006000/jpg/_51006187_jex_940279_de54-1.jpg,The BBC's Wyre Davies said the streets are now 'almost unrecognisable'
http://news.bbcimg.co.uk/media/images/83001000/jpg/_83001238_83001237.jpg,Former UDA leader Johnny Adair was the alleged target of a murder plot
http://news.bbcimg.co.uk/media/images/61595000/jpg/_61595322_61595320.jpg,Richard Rhodes is a former head teacher
http://news.bbcimg.co.uk/media/images/62551000/jpg/_62551701_pmaker_drumcree_5000th_day_of_protest_7.jpg,Band outside St Patricks Catholic church
http://news.bbcimg.co.uk/media/images/72216000/jpg/_72216808_72216807.jpg,Adam Brown said online gambling was ''disastrous'' for him
http://news.bbcimg.co.uk/media/images/76595000/jpg/_76595285_139794043.jpg,"Flipkart has 22 million registered users and handles over 150,000 shipments a day"
http://news.bbcimg.co.uk/media/images/60881000/jpg/_60881965_goldman.jpg,Goldman Sachs logo above trading screens
http://news.bbcimg.co.uk/media/images/48585000/jpg/_48585648_009912826-1.jpg,Jackie Selebi leaves court on 2 August 2010
http://news.bbcimg.co.uk/media/images/51054000/jpg/_51054278_towncentre001.jpg,Seagull on head of Robert Burns statue
http://news.bbcimg.co.uk/media/images/67324000/jpg/_67324902_67324899.jpg,"Carphone Warehouse Europe operates almost 2,400 stores across Europe"
http://news.bbcimg.co.uk/media/images/58405000/jpg/_58405017_f1bd0c80-6339-4caa-8f22-ca5d08cb89f9.jpg,Huseyin Ulucan's progress a few weeks after the transplant is \
http://news.bbcimg.co.uk/media/images/69212000/jpg/_69212382_69212381.jpg,File picture of former top Mexican drugs cartel boss Rafael Caro Quintero under armed guard at the Puente Grand\
http://news.bbcimg.co.uk/media/images/76436000/jpg/_76436446_e37a685d-b75b-4c3f-9eb6-7d6a17592a44.jpg,"The conflicts in Iraq and Syria have a parallel cyber-element, research suggests"
http://news.bbcimg.co.uk/media/images/70678000/jpg/_70678709_70678708.jpg,Angela Merkel speaks in parliament (29 January 2014)
http://news.bbcimg.co.uk/media/images/71493000/jpg/_71493636_dsc05626.jpg,Disputed graveyard site in Varanasi
http://news.bbcimg.co.uk/media/images/58373000/jpg/_58373578_lakshmansavadi.jpg,Mr savadi denied he was watching porn
http://news.bbcimg.co.uk/media/images/56718000/jpg/_56718015_nialliain_464.jpg,Niall Iain Macdonald was rowing from Barra to Lewis when the oar snapped
http://news.bbcimg.co.uk/media/images/48875000/jpg/_48875649_u2.jpg,U2 are staunch supporters of Amnesty International
http://news.bbcimg.co.uk/media/images/55654000/jpg/_55654061_012990006-1.jpg,AN FBI wanted poster for Sirajuddin Haqqani
http://news.bbcimg.co.uk/media/images/54564000/jpg/_54564141_7ab1fedb-849d-4cc2-8437-0cb35bf1cebb.jpg,"(From left) Haroon Jahan, Shazad Ali and Abdul Musavir"
http://news.bbcimg.co.uk/media/images/79061000/jpg/_79061184_newportroad.jpg,Flooding in Cardigan hit a number of homes earlier this month
http://news.bbcimg.co.uk/media/images/57369000/jpg/_57369047_013506488.jpg,"Ivory Coast's President Alassane Ouattara displays his inked stained finger after casting a ballot at a polling station in Cocody, December 11, 2011."
http://news.bbcimg.co.uk/media/images/51280000/jpg/_51280880_allenandovery.jpg,"Global law firm, Allen and Overy, has its headquarters in London"
http://news.bbcimg.co.uk/media/images/53409000/jpg/_53409471_peston-112x81.jpg,A funding shortfall of £1.5bn is under discussion
http://news.bbcimg.co.uk/media/images/63780000/jpg/_63780721_ninewellsvalvannet.jpg,Ninewells Hospital (pic courtesy of Val Vannet)
http://news.bbcimg.co.uk/media/images/81662000/jpg/_81662525_81591586.jpg,"Police examine helmet lying on ground after two officers were shot in Ferguson, Missouri, 12 March 2015"
http://news.bbcimg.co.uk/media/images/58169000/jpg/_58169661_staceymackie.jpg,Stacey Mackie died of 90% burns
http://news.bbcimg.co.uk/media/images/68963000/jpg/_68963039_hosp.jpg,University Hospital of Wales
http://news.bbcimg.co.uk/media/images/61335000/jpg/_61335856_wyvis.jpg,Dachaigh Chùraim Wyvis House
http://news.bbcimg.co.uk/media/images/58592000/jpg/_58592798_58592797.jpg,Members of the Italian navy are taken for interrogation by the Indian police in the southern state of Kerala on 19 February 2012
http://news.bbcimg.co.uk/media/images/59140000/jpg/_59140418_59140417.jpg,The former Portugal Under-21 international joined Oldham Athletic in 2010
http://news.bbcimg.co.uk/media/images/61194000/jpg/_61194297_x111006528083.jpg,Riot police take position on a street of north Belfast
http://news.bbcimg.co.uk/media/images/54686000/jpg/_54686406_54686405.jpg,"Gemma and Ian Redmond had married at Dalton, Lancashire, 10 days before the attack"
http://news.bbcimg.co.uk/media/images/49700000/jpg/_49700366_jex_851934_de27-1.jpg,The poverty and squalor in the slums around Haiti's capital
http://news.bbcimg.co.uk/media/images/61117000/jpg/_61117805_diesel.jpg,Diesel the cat had been stuck up a tree for several days before being rescued
http://news.bbcimg.co.uk/media/images/68386000/jpg/_68386554_68386553.jpg,A view of the screen on the outside of the station
http://news.bbcimg.co.uk/media/images/83596000/jpg/_83596194_creditjoecmoreno.final.jpg,Brenda Myers-Powell as a young woman
http://news.bbcimg.co.uk/media/images/61268000/jpg/_61268772_salmanbutt_rtr.jpg,"Former Pakistan cricket captain Salman Butt speaks at a news conference in Lahore, Pakistan, on 29 June 2012"
http://news.bbcimg.co.uk/media/images/51859000/jpg/_51859354_011630661-1.jpg,Miss O'Callaghan's body was found near Uffington in Oxfordshire
http://news.bbcimg.co.uk/media/images/56568000/jpg/_56568418_012936787-1.jpg,"A woman leaves a bank as riot police guard the entrance of the Finance Minister during a protest by garbage collectors in Athens, on Tuesday, 27 September 2011"
http://c.files.bbci.co.uk/A47B/production/_85170124_85170123.jpg,Bewildered Chinese investor
http://news.bbcimg.co.uk/media/images/55129000/jpg/_55129754_garden_tent.jpg,A tent was erected in the back garden of the house
http://news.bbcimg.co.uk/media/images/69129000/png/_69129594_bibig.png,Bigshot's creator hopes children will learn from first building his camera and then sharing photos
http://news.bbcimg.co.uk/media/images/48851000/jpg/_48851620_kingstonebyline.jpg,"Rick Santorum at his victory speech, 13 March 2012"
http://news.bbcimg.co.uk/media/images/61381000/jpg/_61381086_pilots.jpg,"Airmen (from left) Sqd Ldr Samuel Bailey, Flt Lt Hywel Poole and Flt Lt Adam Sanders"
http://news.bbcimg.co.uk/media/images/49035000/jpg/_49035749_jex_802455_de29-1.jpg,Turkey to vote on controversial constitution change
http://news.bbcimg.co.uk/media/images/79583000/jpg/_79583167_0876e591-28bc-431d-89e0-734afcb2ecba.jpg,FSA fighters in Damascus (file photo)
http://news.bbcimg.co.uk/media/images/82492000/jpg/_82492836_82492834.jpg,"A police vehicle is parked outside the student residence where an It student, suspected of planning a church attack in France, lived in Paris on April 22, 2015"
http://c.files.bbci.co.uk/F7ED/production/_87796436_a3f7a44b-0239-4252-b072-68678683867e.jpg,Ramzan Kadyrov holds back Caucasian shepherd dog
http://news.bbcimg.co.uk/media/images/51626000/jpg/_51626785_protest.jpg,Bags of cocoa being ripped open during protest
http://news.bbcimg.co.uk/media/images/58346000/jpg/_58346118_58346117.jpg,"Phillip Leonard, Burnham-on-Sea"
http://news.bbcimg.co.uk/media/images/71290000/jpg/_71290414_71275798.jpg,A circular hat with slit detail by British designer Philip Treacy during a press preview for the Isabella Blow show
http://news.bbcimg.co.uk/media/images/76330000/jpg/_76330818_76330816.jpg,The trench has been recreated with historical accuracy
http://news.bbcimg.co.uk/media/images/75546000/jpg/_75546453_75546452.jpg,The new business would have its headquarters in the Republic of Ireland
http://news.bbcimg.co.uk/media/images/60667000/jpg/_60667251_5e2d8b34-53db-4aa0-b2f3-f30fde1b526c.jpg,"Adolfo Calero, left, with US President Ronald Reagan and Oliver North. Image: Ronald Reagan Library"
http://news.bbcimg.co.uk/media/images/58269000/jpg/_58269115_010905574-1.jpg,Generic image of boy reading book
http://c.files.bbci.co.uk/0EF1/production/_86152830_hi029632772.jpg,"Aung San Suu Kyi arrives in Thandwe city in Rakhine, Myanmar (16 Oct 2015)"
http://news.bbcimg.co.uk/media/images/61294000/jpg/_61294473_bwani_junction.jpg,Bwani Junction on the Forth Rail Bridge
http://news.bbcimg.co.uk/media/images/60456000/jpg/_60456994_kilkregganpier-50-1.jpg,The ferry service links Gourock to Kilcreggan
http://news.bbcimg.co.uk/media/images/61606000/jpg/_61606606_015325215.jpg,USNS Rappahannock (file image)
http://news.bbcimg.co.uk/media/images/66560000/jpg/_66560101_couple.jpg,"Wall painting of the baker Terentius Neo and his wife. From the House of Terentius Neo, Pompeii. 50 to 79AD. Copyright Soprintendenza Speciale per i Beni Archeologici di Napoli e Pompei / Trustees of the British Museum"
http://news.bbcimg.co.uk/media/images/50864000/jpg/_50864844_lofthouse.jpg,Nat Lofthouse's funeral will take place at Bolton Parish Church
http://news.bbcimg.co.uk/media/images/81756000/jpg/_81756619_466692624.jpg,Security forces outside the Bardo Museum
http://news.bbcimg.co.uk/media/images/81869000/jpg/_81869205__76358970_f0039179-embryo_selection_for_ivf_light_micrograph-spl-1.jpg,New IVF criteria was introduced in Scotland in 2013
http://news.bbcimg.co.uk/media/images/51134000/jpg/_51134728_jex_949230_de27-1.jpg,Thousands remain on the streets in Cairo
http://news.bbcimg.co.uk/media/images/81873000/jpg/_81873225_m6250444-antibiotic_drug_amoxycillin_250mg_capsules-spl.jpg,At least half of human faeces is made up of bacteria shed from the gut
http://c.files.bbci.co.uk/6766/production/_85507462_penglais.jpg,Penglais Farm student residence artist impression
http://news.bbcimg.co.uk/media/images/63092000/jpg/_63092728_gatehouse.jpg,Woman votes in Misrata local election
http://news.bbcimg.co.uk/media/images/68620000/jpg/_68620489_68620488.jpg,A man holds up a bloodied shirt at a pro-Morsi rally in Cairo. Photo: 8 July 2013
http://news.bbcimg.co.uk/media/images/65986000/jpg/_65986239_65986238.jpg,Al-Wathba players after the mortar fire incident (picture from Sana)
http://news.bbcimg.co.uk/media/images/74615000/jpg/_74615172_strike1.jpg,Commuters wait for the Jubilee line at Waterloo underground station
http://news.bbcimg.co.uk/media/images/58405000/jpg/_58405505_7206dcc3-8739-47e9-870c-ae02affa38e1.jpg,There are big questions about the role Britain will play - if any - in a more integrated EU
http://news.bbcimg.co.uk/media/images/73198000/jpg/_73198775_73198774.jpg,Ladbrokes has been hit by costs related to an upgrade of its online offering.
http://c.files.bbci.co.uk/B521/production/_85496364_hamster1.jpg,"Honey the Hamster, Sudbury"
http://news.bbcimg.co.uk/media/images/52285000/jpg/_52285088_52284834.jpg,"Firefighters battle blaze at Villawood detention centre in Sydney, Australia - 21 April 2011"
http://news.bbcimg.co.uk/media/images/67419000/jpg/_67419207_cattle.jpg,Australian cows being exported to Indonesia (June 2011)
http://news.bbcimg.co.uk/media/images/55584000/jpg/_55584520_marysmeal.jpg,Anas Sarwar has been an MP since May 2010
http://news.bbcimg.co.uk/media/images/59583000/jpg/_59583293_59583292.jpg,John Doyle. Pic: Devon and Cornwall Police
http://news.bbcimg.co.uk/media/images/49303000/jpg/_49303582_tv010132917.jpg,A US-made Patriot missile launches in Taiwan
http://news.bbcimg.co.uk/media/images/56706000/jpg/_56706674_009197833-1.jpg,"David Cameron, Nick Clegg and Gordon Brown in the last of 2010's prime ministerial debates"
http://news.bbcimg.co.uk/media/images/79872000/jpg/_79872155_clarke1920.jpg,"Ken Clarke is known to some for his choices of shoes and a love of jazz, but also a raft of government jobs under several Conservative party leaders"
http://news.bbcimg.co.uk/media/images/83037000/jpg/_83037693_lexi.jpg,Lexi Rose joined the party because she wanted to help
http://news.bbcimg.co.uk/media/images/78431000/jpg/_78431963_chloepa.jpg,Chloe Jasmine explains being \
http://c.files.bbci.co.uk/2834/production/_85929201_85929198.jpg,Big Wes at the City Ground
http://news.bbcimg.co.uk/media/images/62124000/jpg/_62124710_jex_5040_de27.jpg,Police were called to a neighbour dispute in Onibury Road in the Handsworth area
http://news.bbcimg.co.uk/media/images/64196000/jpg/_64196048_c0087499-concentrating_solar_power_plant-spl.jpg,California concentrating solar power
http://news.bbcimg.co.uk/media/images/82156000/jpg/_82156119_barra.jpg,Concerns have been raised about the affect the industrial action will have on trade and tourism
http://news.bbcimg.co.uk/media/images/63557000/jpg/_63557301_gowing.jpg,"Catherine Gowing was last seen on Friday, and police fear she has come to 'significant harm'"
http://news.bbcimg.co.uk/media/images/63422000/jpg/_63422749_kate_swann_1900_a.jpg,Kate Swann previously worked at Homebase and Argos
http://c.files.bbci.co.uk/8A0D/production/_86914353_030324096-1.jpg,Justice Lowell Goddard: \
http://news.bbcimg.co.uk/media/images/71817000/jpg/_71817382_protest.jpg,"protest outside war crimes trial, Bangladesh"
http://news.bbcimg.co.uk/media/images/62020000/jpg/_62020459_airlift_getty.jpg,"Ugandans arrive at Stansted Airport, UK"
http://news.bbcimg.co.uk/media/images/63855000/jpg/_63855234_000163650-1.jpg,The company said the extra jobs had been \
http://news.bbcimg.co.uk/media/images/71905000/jpg/_71905739_ambulance.jpg,Ambulance crews matched last year's average response time to life-threatening incidents
http://news.bbcimg.co.uk/media/images/70918000/jpg/_70918251_70918250.jpg,BMW has seen profit drop in its key car division
http://news.bbcimg.co.uk/media/images/67850000/jpg/_67850657_watkin_snowdon.jpg,There will be 13 of the stone pillars in total
http://news.bbcimg.co.uk/media/images/49126000/jpg/_49126972_donald_trump_pa_226282.jpg,Donald Trump wants to create the \
http://news.bbcimg.co.uk/media/images/73344000/jpg/_73344656_muruga_7_promobig.jpg,Aranachulam Muruganantham
http://news.bbcimg.co.uk/media/images/73833000/jpg/_73833362_hospitalward.jpg,Weekday and weekend staffing was compared
http://news.bbcimg.co.uk/media/images/56246000/jpg/_56246882_adeleandtinie.jpg,Adele's latest album has been certified platinum 10 times in the UK.
http://news.bbcimg.co.uk/media/images/69440000/jpg/_69440892_019040033-1.jpg,Ben Affleck at GQ Men of the Year Party on 13 November 2012
http://news.bbcimg.co.uk/media/images/69879000/jpg/_69879424_boyreading.jpg,"Reading is most popular among eight to 11-year-olds, the survey suggests"
http://news.bbcimg.co.uk/media/images/68734000/jpg/_68734063_68734062.jpg,"Italian Minister for Integration Cecile Kyenge poses for a photographer at the end of a news conference in Rome June 19, 2013"
http://news.bbcimg.co.uk/media/images/49583000/jpg/_49583442_georgeosborne.jpg,Protests outside Parliament
http://news.bbcimg.co.uk/media/images/50039000/jpg/_50039216_tiger3.jpg,A tiger charging its prey
http://news.bbcimg.co.uk/media/images/56377000/jpg/_56377490_sheffshoot.jpg,Police were called to the scene of the shooting at Spital Hill in the early hours of Sunday morning
http://news.bbcimg.co.uk/media/images/68708000/jpg/_68708540_dalek.jpg,"A 1,000 ft (304m) long maze in the shape of a Dalek opens near York to celebrate the 50th anniversary of Dr Who."
http://news.bbcimg.co.uk/media/images/61723000/jpg/_61723240_tde94fg4.jpg,Santiago skyline (file photo from 2008)
http://news.bbcimg.co.uk/media/images/82672000/jpg/_82672055_roger_pinney.jpg,"Cpl James Dunsby, L/Cpl Edward Maher and L/Cpl Craig Roberts died in July 2013"
http://news.bbcimg.co.uk/media/images/64250000/jpg/_64250575_64250573.jpg,"Bendy, plastic electronics on show"
http://news.bbcimg.co.uk/media/images/59229000/jpg/_59229951_cigarlady-cc.jpg,"Cigar Lady, by Chip Cooper"
http://news.bbcimg.co.uk/media/images/50210000/jpg/_50210563_000199087-1.jpg,What will it take before the eurozone's debt crisis is resolved?
http://c.files.bbci.co.uk/FE55/production/_87190156_87189633.jpg,The BBC's Hugh Schofield said it was \
http://news.bbcimg.co.uk/media/images/50723000/jpg/_50723058_davidwilliams304.jpg,David Williams was sleeping on the streets of Swansea
http://news.bbcimg.co.uk/media/images/63548000/jpg/_63548058_960x768.jpg,SNP conference 2012: Keynote speech by Alex Salmond
http://news.bbcimg.co.uk/media/images/49094000/jpg/_49094740_49094520.jpg,The report said car use was not a matter of choice for many but was forced on them by lack of options
http://news.bbcimg.co.uk/media/images/64292000/jpg/_64292489_cyber3.jpg,Twelve cameras capture the gait of individual subjects as they walk down the biometric tunnel at the University of Southampton.
http://news.bbcimg.co.uk/media/images/76683000/jpg/_76683501_76683499.jpg,"Christina Kelley leads the US team in the opening ceremony of 2014 Wrestling World Cup in Tehran, Iran."
http://news.bbcimg.co.uk/media/images/59113000/jpg/_59113937_014014452-1.jpg,Archbishop of Canterbury Dr Rowan Williams
http://news.bbcimg.co.uk/media/images/71551000/jpg/_71551850_71551849.jpg,BTP Chief Constable Andrew Trotter and Emily McLeod
http://news.bbcimg.co.uk/media/images/48058000/jpg/_48058796_006685441-2.jpg,The image was among the official portraits to mark the christening of Prince George
http://news.bbcimg.co.uk/media/images/59701000/jpg/_59701525_010396307-1.jpg,"Unemployment in Scotland fell by 12,000 in the three months to February"
http://news.bbcimg.co.uk/media/images/76639000/jpg/_76639813_womaninblack.jpg,Lauren Arrington and Zach Jud
http://news.bbcimg.co.uk/media/images/57307000/jpg/_57307497_b8f39edb-9583-4466-b6f4-771dc2da4cb8.jpg,A man with a binoculars at the bird park in Sierra Leone (December 2011)
http://news.bbcimg.co.uk/media/images/76211000/jpg/_76211542_i4agbh0a.jpg,US embassy in Berlin with German parliament behind (file pic)
http://news.bbcimg.co.uk/media/images/70885000/jpg/_70885409_5aafbe53-4b6a-4bee-93af-8d54bf74695c.jpg,"The US firm Opower - which encourages its customers to save energy - is expanding its business into Asia, reports the BBC's Ali Moore"
http://news.bbcimg.co.uk/media/images/48829000/jpg/_48829581_jex_786611_de27-1.jpg,Feisal Abdul Rauf said the project would undermine anti-American radicals
http://news.bbcimg.co.uk/media/images/69771000/jpg/_69771306_69771305.jpg,Jeremy Bowen reports from a central Damascus cafe
http://news.bbcimg.co.uk/media/images/80931000/png/_80931819_carolinewyatt_144x104.png,"Lord Sacks talks to Caroline Wyatt about how to deal with so-called Islamic State, and the state of Judaism in the UK"
http://news.bbcimg.co.uk/media/images/83449000/jpg/_83449952_thinkstockphotos-176589250.jpg,Somerset's children's services were rated \
http://news.bbcimg.co.uk/media/images/60991000/jpg/_60991854_jex_1438954_de02-1.jpg,Chinese media making US impact
http://news.bbcimg.co.uk/media/images/67862000/jpg/_67862813_georgia_williams.jpg,Jamie Reynolds appeared before Telford magistrates
http://c.files.bbci.co.uk/0AF1/production/_86210820_2377853_ec73277e-1.jpg,"The Belvedere tower, in Sketty, Swansea"
http://news.bbcimg.co.uk/media/images/53704000/jpg/_53704855_004547924-1.jpg,Doctor writing prescription
http://c.files.bbci.co.uk/2E83/production/_86470911_024079933-1.jpg,"Armed British RAF Tornado combat aircraft, fighter plane in flight, 2011"
http://news.bbcimg.co.uk/media/images/58342000/jpg/_58342057_jex_1313077_de27-1.jpg,Thousands of pet owners have been told that they will not have their insurance policies renewed by Lloyds TSB and Halifax.
http://news.bbcimg.co.uk/media/images/63771000/jpg/_63771702_prop_bbc.jpg,Ashaig airstrip. Pic: John Allan/Geograph
http://news.bbcimg.co.uk/media/images/61477000/jpg/_61477364_trump_getty.jpg,Mr Trump's golf course opens in July
http://c.files.bbci.co.uk/1557E/production/_86822478_celsa.jpg,"Family handouts of Mark Sim, left, and Peter O'Brien"
http://news.bbcimg.co.uk/media/images/61020000/jpg/_61020339_000164458-1.jpg,The council has just agreed a new policy for information handling
http://news.bbcimg.co.uk/media/images/66825000/jpg/_66825434_passport.jpg,Universities sponsor students from abroad to come to the UK to learn
http://news.bbcimg.co.uk/media/images/49034000/jpg/_49034473_mdr87-10rio-mcfarlane-1.jpg,Rio McFarlane had trials with Arsenal and Blackpool
http://news.bbcimg.co.uk/media/images/63890000/jpg/_63890849_153454216.jpg,Sign advertising jobs in a cafe in New York
http://news.bbcimg.co.uk/media/images/47949000/jpg/_47949409_000240474-1.jpg,The fourth carriage on the platform
http://news.bbcimg.co.uk/media/images/58062000/jpg/_58062443_self.jpg,Boris Becker lifting his first Wimbledon trophy in 1985
http://news.bbcimg.co.uk/media/images/61853000/jpg/_61853873_61852066.jpg,The track where the placenta was found
http://news.bbcimg.co.uk/media/images/52712000/jpg/_52712350_passwoman_131.jpg,Kay Mellor in A Passionate Woman
http://news.bbcimg.co.uk/media/images/75638000/jpg/_75638883_containers_getty.jpg,National Statistics quality mark
http://news.bbcimg.co.uk/media/images/60683000/jpg/_60683374_014938548-1.jpg,Japan Prime Minister Yoshihiko Noda
http://news.bbcimg.co.uk/media/images/77371000/jpg/_77371672_77371668.jpg,The Dyson 360 Eye is due for release 14 years after the company first revealed plans for a robot vacuum
http://news.bbcimg.co.uk/media/images/61610000/jpg/_61610056_jex_1467775_de35-1.jpg,Can art help heal a city battered by conflict?
http://news.bbcimg.co.uk/media/images/70346000/jpg/_70346486_servini112x63.jpg,Land sold by the Welsh government
http://news.bbcimg.co.uk/media/images/65535000/jpg/_65535841_richard-dawkins-and-rowan-007.jpg,Richard Dawkins and Rowan Williams
http://news.bbcimg.co.uk/media/images/60413000/jpg/_60413039_elizabeth_466.jpg,A wax cast of Mary was the first part of the process
http://news.bbcimg.co.uk/media/images/65063000/jpg/_65063666_daniellecooke.jpg,A post-mortem examination revealed Ms Cooke died from head injuries consistent with a fall
http://news.bbcimg.co.uk/media/images/82841000/jpg/_82841836_65848198-94cc-46a4-ad41-1d0a2d386550.jpg,FBI crime scene investigators document evidence outside the Curtis Culwell Center
http://news.bbcimg.co.uk/media/images/68447000/jpg/_68447039_68447038.jpg,"As an unknown quantity in the UK, Mr Carney will be under intense scrutiny"
http://c.files.bbci.co.uk/A666/production/_86189524_029668246-1.jpg,Children wade through floodwaters in the Philippines
http://news.bbcimg.co.uk/media/images/80902000/jpg/_80902087_80118461.jpg,A pregnant woman with a glass of wine
http://news.bbcimg.co.uk/media/images/64610000/jpg/_64610914_64610913.jpg,George Osborne said he was trying to help people \
http://news.bbcimg.co.uk/media/images/75410000/png/_75410395_e3halo2remix.png,Halo: The Master Chief Collection
http://news.bbcimg.co.uk/media/images/78817000/jpg/_78817083_pavaspray.jpg,PAVA replaced CS spray and is said to be safer and more effective than the original
http://news.bbcimg.co.uk/media/images/57883000/jpg/_57883999_57883998.jpg,Rauf Denktash - April 2004 photo
http://c.files.bbci.co.uk/12D4B/production/_88513177_88509299.jpg,Watch: The Pocket FM transmitters are designed to be portable
http://news.bbcimg.co.uk/media/images/48802000/jpg/_48802198_jex_784622_de47-1.jpg,Police try to identify 20 railway bodies
http://news.bbcimg.co.uk/media/images/65736000/jpg/_65736449_chloe.jpg,Chloe Waddell was aiming to represent Britain in the next Olympics
http://c.files.bbci.co.uk/FD92/production/_88541946_88541945.jpg,Amazon's recall is limited to its Fire tablet customers in the UK and Ireland
http://news.bbcimg.co.uk/media/images/63306000/jpg/_63306382_taxadvice.jpg,Public Accounts Committee chairman Margaret Hodge: \
http://c.files.bbci.co.uk/BCFC/production/_88408384_paisley-skyline.jpg,Paisley skyline against a sunset
http://news.bbcimg.co.uk/media/images/74445000/jpg/_74445506_74445505.jpg,Nigel Farage says Andre Lampitt \
http://news.bbcimg.co.uk/media/images/49936000/jpg/_49936399_010647635-1.jpg,Paul and Rachel Chandler look outwardly reasonably healthy after a year as hostages
http://c.files.bbci.co.uk/37BB/production/_85676241_85676238.jpg,"Nepalese policemen chase protesters after they burnt a copy of the new constitution during the protest organized by splinter of the Maoist party, alliance of ethnic group and Madhesi party, in Kathmandu, Nepal, Monday, Sept. 21,2015"
http://news.bbcimg.co.uk/media/images/54447000/jpg/_54447869_jex_1128685_de27-1.jpg,There are more than 2000 working comedians in Britain and many entertain at the Edinburgh Fringe festival
http://c.files.bbci.co.uk/11FF4/production/_85661737_85661736.jpg,Woman holding older person's hand
http://news.bbcimg.co.uk/media/images/48940000/jpg/_48940120_ferry_undiscoveredscot.jpg,Ferry. Pic: Undiscovered Scotland
http://news.bbcimg.co.uk/media/images/73046000/jpg/_73046391_73046089.jpg,"Man surveys flood damage at his Chertsey home, which backs on to the Thames"
http://news.bbcimg.co.uk/media/images/51951000/jpg/_51951737_l57-11thusha-1.jpg,Thusha Kamaleswaran was shot in the chest in the attack and remains in a serious but stable condition
http://news.bbcimg.co.uk/media/images/49514000/jpg/_49514867_000093065-1.jpg,Dengue is spread by mosquitoes
http://news.bbcimg.co.uk/media/images/63566000/jpg/_63566431_63566414.jpg,Shoppers on Oxford Street
http://news.bbcimg.co.uk/media/images/76041000/jpg/_76041020_manhunt.jpg,Derrel Weaver with two dogs
http://news.bbcimg.co.uk/media/images/79107000/jpg/_79107848_robbins.jpg,"World leaders observed a minute's silence for the Paris attacks, at the G20 summit"
http://news.bbcimg.co.uk/media/images/52102000/jpg/_52102917_jex_891197_de27-1.jpg,Sexualised clothing aimed at children
http://news.bbcimg.co.uk/media/images/60638000/jpg/_60638946_006528552-1.jpg,Fighters loyal to the interim authorities advance into southern Sirte
http://news.bbcimg.co.uk/media/images/74166000/jpg/_74166578_richard1.jpg,Turning coal into gas is not as environmentally friendly as it sounds
http://news.bbcimg.co.uk/media/images/51672000/jpg/_51672622_011498586-1.jpg,Homes in Sendai destroyed by the tsunami
http://news.bbcimg.co.uk/media/images/58409000/jpg/_58409437_460d3d15-2d13-43ce-88fd-59e2f72d8658.jpg,"US President Barack Obama speaks during a town hall style debate at Hofstra University in Hempstead, New York 16 October 2012"
http://news.bbcimg.co.uk/media/images/73740000/jpg/_73740295_de27-2.jpg,A police officer at Farmbox Meats
http://news.bbcimg.co.uk/media/images/69865000/jpg/_69865294_69865293.jpg,"Egyptian priest Samuel Zaki views the damaged main church inside the Virgin Mary and St. Abraam Monastery that was looted and burned by Islamists, in Dalga, Minya province, Egypt (3 Sept. 2013)"
http://c.files.bbci.co.uk/DBEA/production/_87689265_vic-and-bob-pa.jpg,Vic Reeves (left) and Bob Mortimer
http://c.files.bbci.co.uk/01D1/production/_83756400_83756398.jpg,Labour leadership hustings
http://news.bbcimg.co.uk/media/images/74295000/jpg/_74295444_police.jpg,Stephen Phillips and Jason Evans
http://news.bbcimg.co.uk/media/images/67998000/png/_67998296_cctv.png,Police trying to stop Tvrdon's van
http://news.bbcimg.co.uk/media/images/48952000/jpg/_48952926_assembly.jpg,"Welsh assembly at night, Cardiff Bay"
http://news.bbcimg.co.uk/media/images/54379000/jpg/_54379852_012578802-1.jpg,Anders Behring Breivik (25 July 2011)
http://news.bbcimg.co.uk/media/images/47730000/jpg/_47730070_sonny_dear_two.jpg,Sonny Dear was found guilty of murdering Brian Johnstone
http://c.files.bbci.co.uk/ACD3/production/_86634244_de32-1.jpg,Gordon Brown interview with James Landale
http://news.bbcimg.co.uk/media/images/65667000/jpg/_65667507_strathclydepolicepipeband.jpg,Strathclyde Police Pipe Band
http://news.bbcimg.co.uk/media/images/59631000/jpg/_59631422_stonewall.jpg,The adverts were reportedly booked for two weeks
http://news.bbcimg.co.uk/media/images/51678000/jpg/_51678916_51678912.jpg,A Nissan Leaf on the production line
http://news.bbcimg.co.uk/media/images/69282000/jpg/_69282239_newpics017.jpg,Prosecutors accepted that Hills was suffering from a mental disorder at the time of the attack
http://c.files.bbci.co.uk/5035/production/_87133502_87133501.jpg,Shipping containers in Tilbury
http://news.bbcimg.co.uk/media/images/74074000/jpg/_74074883_470577681.jpg,A worker in a factory in China
http://news.bbcimg.co.uk/media/images/52908000/jpg/_52908535_bn-448x252.jpg,Wounded fighters treated at Sabha hospital. 26 March 2012
http://news.bbcimg.co.uk/media/images/67037000/jpg/_67037132_157670998.jpg,Fresh & Easy store in Hollywood
http://news.bbcimg.co.uk/media/images/49069000/jpg/_49069794_007902718-1.jpg,Protesters deface a poster of Col Gaddafi
http://c.files.bbci.co.uk/493C/production/_85784781_029336141-1.jpg,"Unidentified injured people are evacuated after a blast on the Maldives President Yameen Abdul Gayoom speedboat in Male, Maldives Monday, 28 Sept 2015"
http://news.bbcimg.co.uk/media/images/53845000/jpg/_53845071_family.jpg,"Families have seen prices rise for many essential items, the report says"
http://news.bbcimg.co.uk/media/images/63401000/jpg/_63401582_nigg_welder.jpg,Dh'fhaodadh an obair a bhithl luach £4.5bn thar còig bliadhna.
http://news.bbcimg.co.uk/media/images/78586000/jpg/_78586161_schoolpa.jpg,Child playing with letters
http://news.bbcimg.co.uk/media/images/54831000/jpg/_54831494_justiciartr.jpg,A man holds a sign demanding justice outside a military base in El Salvador on 24 August 2011
http://c.files.bbci.co.uk/E36D/production/_87712285_de29.jpg,More tourists are staying overnight in Wales according to a recent survey
http://news.bbcimg.co.uk/media/images/57545000/jpg/_57545782_v2w.jpg,UK unions have warned that VW-style email restrictions might not suit other companies
http://news.bbcimg.co.uk/media/images/58403000/jpg/_58403466_28303738-a74b-4fa2-8b9b-7fdb8892bfda.jpg,"Charles Clarke, former Labour MP for Norwich South"
http://news.bbcimg.co.uk/media/images/67028000/jpg/_67028625_road.jpg,Highland Council simulation of Option Six
http://news.bbcimg.co.uk/media/images/55253000/jpg/_55253597_000211109.jpg,BBC Scotland political correspondent Glenn Campbell recalls how he found himself at Ground Zero shortly after the 9/11 terror attacks
http://news.bbcimg.co.uk/media/images/51235000/jpg/_51235294_011267476-1.jpg,Lady Gaga at the Grammy Awards 2011
http://news.bbcimg.co.uk/media/images/80143000/jpg/_80143697_80143695.jpg,Dr Robert Harrison from the Liverpool School of Tropical Medicine explains how milking the venom from deadly snakes could save lives
http://c.files.bbci.co.uk/142EA/production/_88966628_2b8df1c9-b887-48e7-86d9-c8f32ec3f74a.jpg,"Indian Bollywood actor Amitabh Bachchan attends an event organised by the Rotary Club of Bombay in Mumbai on February 1, 2015."
http://news.bbcimg.co.uk/media/images/63333000/jpg/_63333711_murder.jpg,Police at Polo Gardens - pic by Brian Innes
http://news.bbcimg.co.uk/media/images/75835000/jpg/_75835171_q9c7xgib.jpg,Jimmy Savile in November 1973
http://news.bbcimg.co.uk/media/images/55465000/jpg/_55465732_012579041-1.jpg,A shortage of senior doctors is said to be at the heart of the problem
http://c.files.bbci.co.uk/1600E/production/_88162109_bossschool.jpg,businessman on laptop on pile of books
http://news.bbcimg.co.uk/media/images/62867000/jpg/_62867063_62867061.jpg,File photo of Jorge Eduardo Costilla Sanchez on the FBI website
http://news.bbcimg.co.uk/media/images/78105000/jpg/_78105519_78102730.jpg,GoPro Inc's founder and chief executive Nick Woodman holds a GoPro camera at the Nasdaq Market
http://c.files.bbci.co.uk/1660A/production/_86085619_img_3698.jpg,The judge at Winchester Crown Court said blackmail was regarded as an \
http://news.bbcimg.co.uk/media/images/52279000/jpg/_52279034_52279033.jpg,"A fire at the offshore oil rig Deepwater Horizon in the Gulf of Mexico on 22 April, 2010"
http://news.bbcimg.co.uk/media/images/73222000/jpg/_73222237_resized_q_54601.jpg,Members of the Women's Land Army operate a horse-drawn plough during World War One.
http://news.bbcimg.co.uk/media/images/47073000/jpg/_47073243_yourmoney2.jpg,Your Money: tax credits and child trusts
http://news.bbcimg.co.uk/media/images/83088000/jpg/_83088273_philip_sim.jpg,Lord Matthews and Lady Paton will now consider the submissions they have heard
http://news.bbcimg.co.uk/media/images/66383000/jpg/_66383401_mcareaveys.jpg,John and Michaela McAreavey on their wedding day
http://news.bbcimg.co.uk/media/images/57215000/jpg/_57215562_cliveanderson1.jpg,Clive Anderson said short stories \
http://news.bbcimg.co.uk/media/images/81866000/jpg/_81866801_dsc_7526.jpg,The break-in took place at a house on Dundee's Finmore Place
http://news.bbcimg.co.uk/media/images/49976000/jpg/_49976354_49976351.jpg,"Dante Gabriel Rossetti (1828-1882) study of Jane Morris for Mnemosyne, 1876 Pastel on paper © Private collection c/o Christie's Images Ltd, 2010"
http://news.bbcimg.co.uk/media/images/71909000/jpg/_71909164_bowel_cancer_cells_spl.jpg,Bowel cancer cells dividing
http://news.bbcimg.co.uk/media/images/56557000/jpg/_56557605_007153254-1.jpg,Production line at Aston Martin's factory in Warwickshire
http://news.bbcimg.co.uk/media/images/75142000/jpg/_75142021_rio_ariel_riotur.jpg,A view of the coastline of Rio de Janeiro
http://news.bbcimg.co.uk/media/images/48104000/jpg/_48104558_treesgreenwall226.jpg,Tree saplings from the website Great Green Wall website
http://news.bbcimg.co.uk/media/images/50240000/jpg/_50240627_009813289-1.jpg,Zoe Nelson's body was discovered in Wishaw last May
http://news.bbcimg.co.uk/media/images/50863000/jpg/_50863240_50861464.jpg,Live from Studio Five hosts Jayne Middlemiss and Kate Walsh
http://news.bbcimg.co.uk/media/images/62394000/jpg/_62394707_62394706.jpg,"Phyllis Diller at the Leonard H Goldenson Theatre in North Hollywood, California 6 October 2008"
http://news.bbcimg.co.uk/media/images/76243000/jpg/_76243834_harrogatebunting2.jpg,"More than 23,500 hand-knitted jumpers were put up across the Harrogate district to celebrate the Tour"
http://news.bbcimg.co.uk/media/images/72295000/jpg/_72295464_20140115_134802.jpg,UK-registered web addresses found to include sex-crime terms will be suspended
http://c.files.bbci.co.uk/1549A/production/_84549178_84543934.jpg,A smartphone displays the \
http://news.bbcimg.co.uk/media/images/58402000/jpg/_58402271_32ff547b-27ca-4c7f-aa2f-7f1ec6a6960b.jpg,"Oscar Pistorius on trial in Pretoria, South Africa, 1 July"
http://news.bbcimg.co.uk/media/images/58403000/jpg/_58403027_d8b46215-9e1f-40aa-9f80-b2a05fe7ad70.jpg,Scotland's Finance Secretary John Swinney has been in London to talk about the fiscal framework
http://news.bbcimg.co.uk/media/images/71815000/jpg/_71815028_71783094.jpg,Det Ch Supt Andy Murray: \
http://news.bbcimg.co.uk/media/images/74026000/jpg/_74026586_relatives-ap.jpg,Relatives are eagerly waiting for information about the missing MH370 flight
http://news.bbcimg.co.uk/media/images/56953000/jpg/_56953845__56810661_013342129-1-1.jpg,First Minister Peter Robinson will give his keynote speech at the DUP conference on Saturday.
http://news.bbcimg.co.uk/media/images/49436000/jpg/_49436291_010378275-1.jpg,"Truck driver watches as fuel tankers burn after they were set ablaze at Sibi, in the Balochistan area of Pakistan"
http://news.bbcimg.co.uk/media/images/61087000/jpg/_61087081_015131176-1.jpg,"Palestinians carry the body of Basel Ahmed during his funeral in al-Bureij refugee camp in the central Gaza Strip June 22, 2012."
http://news.bbcimg.co.uk/media/images/71706000/jpg/_71706805_firefighterjacket.jpg,Firefighters on picket line in September
http://news.bbcimg.co.uk/media/images/51463000/jpg/_51463553_jex_971819_de38-1.jpg,Newsnight's Paul Mason looks at the factors involved in a modern-day revolution
http://news.bbcimg.co.uk/media/images/60880000/jpg/_60880037_gorazde2.jpg,One of the plaques is rededicated during a special ceremony in Gorazde in Bosnia
http://news.bbcimg.co.uk/media/images/77772000/jpg/_77772493_77772492.jpg,Ed Miliband at Labour conference
http://news.bbcimg.co.uk/media/images/66485000/jpg/_66485483_66476123.jpg,Part of Edinburgh's George Street will be closed again for the Festival Fringe this August
http://news.bbcimg.co.uk/media/images/65813000/jpg/_65813086_003476221-1.jpg,"File image of British soldiers in the Kajaki area of Helmand province, Afghanistan, in January 2007"
http://news.bbcimg.co.uk/media/images/65822000/jpg/_65822553_likhjvk8.jpg,British troops in Afghanistan
http://news.bbcimg.co.uk/media/images/56869000/jpg/_56869772_013193436-1.jpg,The Bank of England carries out its Systemic Risk Survey twice a year
http://news.bbcimg.co.uk/media/images/65607000/jpg/_65607740_65607739.jpg,Valentina Savelyeva finds the name of her soldier father on the Stalingrad memorial in Volograd
http://c.files.bbci.co.uk/1BE0/production/_87563170_dsc_4116.jpg,"North Inch Community Campus, Perth"
http://news.bbcimg.co.uk/media/images/61218000/jpg/_61218661_brave_disneypixar.jpg,A team from Pixar visited Callanish while researching Scottish scenes and settings for Brave
http://news.bbcimg.co.uk/media/images/49823000/jpg/_49823816_strike.jpg,The BBC and NUJ on the industrial action
http://news.bbcimg.co.uk/media/images/67563000/jpg/_67563095_benwilshaw_pa.jpg,Ben Whishaw with his Bafta for leading actor
http://news.bbcimg.co.uk/media/images/73918000/jpg/_73918883_102103744.jpg,"The South Korean national flag flies from a boat on Baengnyeong Island on 15 June, 2010"
http://c.files.bbci.co.uk/1785D/production/_85294369_85294368.jpg,A dashboard being fitted on a manufacturing line.
http://news.bbcimg.co.uk/media/images/74514000/jpg/_74514016_74514013.jpg,Just what is it about Vladimir Putin?
http://news.bbcimg.co.uk/media/images/81222000/jpg/_81222802_tokyostockmarketdown.jpg,Asian shares mixed despite US gains
http://news.bbcimg.co.uk/media/images/52657000/jpg/_52657349_h_00203725.jpg,Mrs Thatcher at 1984 Brighton conference
http://news.bbcimg.co.uk/media/images/65011000/jpg/_65011187_65011186.jpg,An Egyptian trader at the Cairo stock exchange watches market movements
http://news.bbcimg.co.uk/media/images/68216000/jpg/_68216076_68216074.jpg,Tony Blair and word leaders
http://news.bbcimg.co.uk/media/images/54309000/jpg/_54309732_jex_1120450_de27-1.jpg,First UN aid drop to help thousands affected by drought
http://news.bbcimg.co.uk/media/images/50727000/jpg/_50727772_orangebafta_464.jpg,Bafta Rising Star award nominees
http://news.bbcimg.co.uk/media/images/67789000/jpg/_67789679_009229163-1.jpg,Sir Quentin Blake spoke to Huw Thomas at the Hay Festival in Powys
http://news.bbcimg.co.uk/media/images/63416000/jpg/_63416834_yolande.jpg,"Supporters of Yesh Atid centre-left party, Tel Aviv (22 January)"
http://news.bbcimg.co.uk/media/images/67469000/jpg/_67469995_67469994.jpg,Communities Secretary Eric Pickles has said the commission was \
http://c.files.bbci.co.uk/D9F4/production/_84169755_wolfpromo_alamy.jpg,Leonardo DiCaprio holding Quaaludes in Wolf of Wall Street
http://news.bbcimg.co.uk/media/images/61892000/jpg/_61892323_as.jpg,Apple graphic submitted as evidence
http://news.bbcimg.co.uk/media/images/82796000/jpg/_82796441_82796436.jpg,Lieser was convicted of murder in 2004
http://news.bbcimg.co.uk/media/images/55521000/jpg/_55521321_sundial_northfacingsidewithpackstone.jpg,The lecturers said single standing stones were rare in the Peak District
http://news.bbcimg.co.uk/media/images/53409000/jpg/_53409341_mardell-112x81.jpg,"Man walks past palm trees in Key West, Florida"
http://c.files.bbci.co.uk/16CD6/production/_86289339__83238140_027279908-1.jpg,The fox was found with extensive trauma to the legs and abdomen
http://news.bbcimg.co.uk/media/images/78237000/jpg/_78237022_firingrange.jpg,The new range near Dounreay
http://c.files.bbci.co.uk/17D7C/production/_89006679_08.jpg,If the mini-paintings were laid end to end they would stretch 2.87km (1.78miles)
http://news.bbcimg.co.uk/media/images/66213000/jpg/_66213838_002573689-1.jpg,Members of the Royal Scots parade through Edinburgh City Centre
http://news.bbcimg.co.uk/media/images/77312000/jpg/_77312436_77312434.jpg,"The Swiss Federal Palace in Bern, Switzerland - 12 February 2014"
"http://c.files.bbci.co.uk/0DD5/production/_85214530_4thyearmedicalstudent,bhuttomedicaluniversity,islamabad1.jpg","A fourth year medical student, Bhutto Medical University, Islamabad"
http://news.bbcimg.co.uk/media/images/81125000/jpg/_81125540_81125538.jpg,Canadian MP Pat Martin blamed tight underpants for his exit from parliament on 19 February 2015
http://news.bbcimg.co.uk/media/images/72578000/jpg/_72578208_72578207.jpg,Orgreave clashes durng miner's strike
http://news.bbcimg.co.uk/media/images/70447000/jpg/_70447732_019625702-1.jpg,World Bank Managing Director Sri Mulyani Indrawati (L) with IMF head Christine Lagarde
http://news.bbcimg.co.uk/media/images/59804000/jpg/_59804593_44778441.jpg,Nat Fraser and Arlene Fraser
http://news.bbcimg.co.uk/media/images/52782000/jpg/_52782556_52782555.jpg,Watch: Alex Riley sees Apple staff 'whipped up into an evangelical frenzy'
http://news.bbcimg.co.uk/media/images/63657000/jpg/_63657926_savilegetty.jpg,Savile presented BBC shows including Top of the Pops and Jim'll Fix It
http://news.bbcimg.co.uk/media/images/78070000/jpg/_78070514_78070513.jpg,The zoo offers a new way to see animals
http://news.bbcimg.co.uk/media/images/72142000/jpg/_72142116_72142114.jpg,Live: This year's Bafta nominations are being announced by Helen McCrory and Luke Evans
http://news.bbcimg.co.uk/media/images/79914000/jpg/_79914227_79914226.jpg,The Bank of England has now been dragged in to the forex investigation
http://news.bbcimg.co.uk/media/images/50854000/jpg/_50854662_wns_cardiff_motorway_death_05.jpg,"Louise Evans, Thomas Padden and Logan Padden"
http://news.bbcimg.co.uk/media/images/71676000/jpg/_71676947_71676946.jpg,Students trying to break in a building
http://c.files.bbci.co.uk/97B3/production/_84253883_colonel_charles_halt_compo_.jpg,Col Charles Halt saw an unidentified flying object over a Suffolk airbase in 1980
http://news.bbcimg.co.uk/media/images/63060000/jpg/_63060049_63060045.jpg,Danny Alexander says extra staffing for the affluence unit is a 'fair and right step to take'
http://c.files.bbci.co.uk/9C31/production/_85258993_b70cec38-5bb0-47d8-9bbb-1479e351baaf.jpg,Drugs in shampoo at Creamfields
http://news.bbcimg.co.uk/media/images/77465000/jpg/_77465528_77465341.jpg,Illegal logging has pushed many indigenous people out of their ancestral land
http://news.bbcimg.co.uk/media/images/69899000/jpg/_69899547_69899545.jpg,Home Secretary Theresa May
http://news.bbcimg.co.uk/media/images/60937000/jpg/_60937837_60936123.jpg,"The man was based at the Commando Training Centre at Lympstone, Devon"
http://news.bbcimg.co.uk/media/images/80020000/jpg/_80020739_624-brown.jpg,Mrs Brown's Boys starring Brendan O'Carroll was the most-watched for a second year
http://news.bbcimg.co.uk/media/images/60292000/jpg/_60292304_airindia_ap.jpg,Tails of Air India aircraft
http://news.bbcimg.co.uk/media/images/54485000/jpg/_54485589_jex_1130255_de28-1.jpg,"One year on, Pakistan's women and children are still coming to terms with the devastating floods"
http://news.bbcimg.co.uk/media/images/79620000/jpg/_79620567_79616750.jpg,"A guards sits in a tower overlooking Guantanamo detention camp at Guantanamo Bay US Naval Base, Cuba, Tuesday, May 15, 2007"
http://news.bbcimg.co.uk/media/images/66549000/jpg/_66549112_bf01bb23-eecc-40ac-b2d0-94b1a20b81c6.jpg,"Philip Barton, deputy head of mission at the British Embassy in Washington, visiting Austin and holding the Perryman Group report on expected job and economic growth in Texas after an EU-US free trade deal"
http://news.bbcimg.co.uk/media/images/71816000/jpg/_71816378_hours_main.jpg,David Jason in Still Open All Hours
http://news.bbcimg.co.uk/media/images/51511000/jpg/_51511876_river_trees_still.jpg,Installing Christmas trees in the Bollin
http://news.bbcimg.co.uk/media/images/59296000/jpg/_59296424_014327109-1.jpg,Cowell's TV series Britain's Got Talent returned to ITV1 earlier on Saturday evening
http://news.bbcimg.co.uk/media/images/68611000/jpg/_68611342_billwalker.jpg,Bill Walker at Edinburgh Sheriff Court
http://news.bbcimg.co.uk/media/images/74539000/jpg/_74539739_inex30.jpg,Composite image of Times and Telegraph front pages
http://news.bbcimg.co.uk/media/images/56762000/jpg/_56762312_sister_walsa.jpg,Sister Valsa John went to Jharkand to work with tribal people
http://news.bbcimg.co.uk/media/images/78381000/jpg/_78381269_78381153.jpg,Jose Manuel Barroso on the Marr show
http://news.bbcimg.co.uk/media/images/60371000/jpg/_60371921_014681035-1.jpg,Ex-IMF head Dominique Strauss-Kahn (6 May 2012)
http://news.bbcimg.co.uk/media/images/59985000/jpg/_59985202_rover.jpg,"Trustees have written to former directors, the Phoenix Four, to ask for donations to the trust fund"
http://news.bbcimg.co.uk/media/images/71774000/jpg/_71774283_piggybankpa.jpg,"Father of two, Chris Nyland: \"
http://news.bbcimg.co.uk/media/images/55516000/jpg/_55516800_012165125-1.jpg,Sally Magnusson is one of many writers attending this year's festival in Wigtown
http://news.bbcimg.co.uk/media/images/50803000/jpg/_50803846_011005480-1.jpg,Indian police passing-out parade at near Srinagar on 13 January 2010
http://news.bbcimg.co.uk/media/images/46750000/jpg/_46750689_spl_depressed.jpg,Girl with head in her hands
http://news.bbcimg.co.uk/media/images/65897000/jpg/_65897515_dougparker2.jpg,"Doug Parker, CEO merged American Airlines"
http://news.bbcimg.co.uk/media/images/48285000/jpg/_48285608_009630430-2.jpg,A Palestinian tunnel worker on the Egypt-Gaza border (June 2010)
http://news.bbcimg.co.uk/media/images/81097000/jpg/_81097846_024009345-1.jpg,"The pilots' strike has brought disruption to France's airports, with many flights cancelled"
http://news.bbcimg.co.uk/media/images/81793000/jpg/_81793548_impotence.jpg,Police said the man had taken the tablets and an 'unusual level' of arsenic had been found in his system
http://news.bbcimg.co.uk/media/images/77170000/jpg/_77170914_roadsign.jpg,The bungled sign in Oxford city centre has been called a \
http://news.bbcimg.co.uk/media/images/61956000/jpg/_61956797_kieran_maxwell.jpg,Kieran Maxwell says the new prosthetic leg will allow him 'to do anything'
http://c.files.bbci.co.uk/13DB7/production/_85053318_donkey2.jpg,The donkey was said to be \
http://news.bbcimg.co.uk/media/images/58415000/jpg/_58415816_15dc5af7-580d-4d06-9673-44ef29346eb4.jpg,Sheffield Forgemasters steelworks
http://news.bbcimg.co.uk/media/images/78406000/jpg/_78406406_icesheet2564.jpg,"From Murray Fredericks' 'Topophilia' series: Icesheet #2564, late sun with 22˚ halo - 2013"
http://news.bbcimg.co.uk/media/images/72437000/jpg/_72437985_acornspicone.jpg,The shoebox of photographs was handed in to the Castle Bromwich branch of Acorns Children's Hospice
http://news.bbcimg.co.uk/media/images/66396000/jpg/_66396758_ubs1.jpg,UBS is in the process of cutting jobs
http://news.bbcimg.co.uk/media/images/51485000/jpg/_51485175_51485174.jpg,"Watch: Mathew Horsman, Mediatique 'This is purely a cyclical recovery'"
http://news.bbcimg.co.uk/media/images/57566000/jpg/_57566864_98402709(2).jpg,"Jordan Romero in Kathmandu, 11 April 2010"
http://news.bbcimg.co.uk/media/images/63934000/jpg/_63934624_155551906.jpg,Ed Miliband delivering a speech on the living wage
http://c.files.bbci.co.uk/10AFA/production/_84064386_leannewood_roof.jpg,Leanne Wood will also fight the Rhondda constituency in the assembly election
http://news.bbcimg.co.uk/media/images/66633000/jpg/_66633458_banana2.jpg,Scientist looking at test tubes
http://news.bbcimg.co.uk/media/images/62413000/jpg/_62413586_fire2-allan-huse.jpg,Smoke was seen billowing near Heathrow - footage filmed by Asad Rabbani
http://news.bbcimg.co.uk/media/images/61993000/jpg/_61993207_megabus.jpg,Megabus crash in Illinois
http://news.bbcimg.co.uk/media/images/48942000/jpg/_48942860_reef1.jpg,Lord Howe Island (Woodroffe)
http://c.files.bbci.co.uk/17323/production/_86211059_hi029642601.jpg,US President Barack Obama
http://news.bbcimg.co.uk/media/images/60981000/jpg/_60981619_brave_still.jpg,A scene from Brave (Pic: Disney/Pixar)
http://news.bbcimg.co.uk/media/images/51464000/jpg/_51464645_twins_two.jpg,Twins Nick and Emma Lane differ greatly in the amount of car insurance they each pay
http://news.bbcimg.co.uk/media/images/58634000/jpg/_58634262_nationalgallery_veritywilde.jpg,Police set up a cordon outside the main entrance of the National Gallery
http://news.bbcimg.co.uk/media/images/69271000/jpg/_69271459_69271457.jpg,Amateur video shown on Indian television showed a large fireball illuminating the sky
http://news.bbcimg.co.uk/media/images/79932000/jpg/_79932454_79931992.jpg,"U.S. soldiers from the 3rd Cavalry Regiment pose for a photograph while eating a Christmas day lunch at forward operating base Gamberi in the Laghman province of Afghanistan December 25, 2014"
http://news.bbcimg.co.uk/media/images/64817000/jpg/_64817558_koizumi_fish624.jpg,"Shinjiro Koizumi, with fish"
http://news.bbcimg.co.uk/media/images/54291000/jpg/_54291635_005556031-1.jpg,The Post Office card says it has \
http://c.files.bbci.co.uk/86E4/production/_88123543_neville.jpg,Gary Neville and the Manchester Stock Exchange
http://news.bbcimg.co.uk/media/images/52458000/jpg/_52458459_011890225-1.jpg,"Consumer spending is likely to fall this year and next, Deloitte says"
http://news.bbcimg.co.uk/media/images/64646000/jpg/_64646620_therocket.jpg,Mr Forbes was attacked outside The Rocket pub two weeks ago
http://news.bbcimg.co.uk/media/images/48172000/jpg/_48172872_009320898-1.jpg,A third of its sites did not comply with the government's own net standards.
http://news.bbcimg.co.uk/media/images/50468000/jpg/_50468502_collie.jpg,Dog looking at Yarrow valley
http://news.bbcimg.co.uk/media/images/58695000/jpg/_58695015_jex_1331144_de27-1.jpg,Chris Moore from Adecco says \
http://news.bbcimg.co.uk/media/images/67225000/jpg/_67225593_amy.jpg,Amy Harvey (left) has the MMR jab
http://news.bbcimg.co.uk/media/images/69904000/jpg/_69904112_169690858(3).jpg,A model of a luxury property development in Beijing
http://news.bbcimg.co.uk/media/images/72491000/jpg/_72491705_peso_ap.jpg,"a man searches for coins in his pocket to buy groceries in Buenos Aires, Argentina (file photo)"
http://c.files.bbci.co.uk/14A8F/production/_85432648_hi028920436.jpg,"Quentin Devine with his portrait of Queen Elizabeth II, made up of exactly 1,952 coins"
http://news.bbcimg.co.uk/media/images/62048000/jpg/_62048961_62048960.jpg,"Footage from Al Arabiya shows 48 Iranians kidnapped in Syria on Saturday, as the BBC's Jim Muir reports"
http://c.files.bbci.co.uk/17914/production/_88023569_hi031209275.jpg,British pilot Roger Gower
http://news.bbcimg.co.uk/media/images/63081000/jpg/_63081860_landale-144x104-gray.jpg,Barack Obama and David Cameron
http://news.bbcimg.co.uk/media/images/74412000/png/_74412020_3correspondentindexpromo.png,The Labour Party has had a relationship with the Co-op Bank dating back almost 100 years
http://news.bbcimg.co.uk/media/images/81756000/jpg/_81756220_026389456-1.jpg,Chancellor of the Exchequer George Osborne
http://news.bbcimg.co.uk/media/images/81786000/jpg/_81786122_pti3_20_2015_000030b.jpg,India train crash on 20 March 2015
http://news.bbcimg.co.uk/media/images/51966000/jpg/_51966838_northpier_pa.jpg,The new owners are planning to restore the pier's train
http://news.bbcimg.co.uk/media/images/61408000/jpg/_61408670_planelanding.jpg,Jonathan Beale had exclusive access to a programme that may open UK airspace for pilotless planes
http://news.bbcimg.co.uk/media/images/50149000/jpg/_50149701_linda-bakewell.jpg,Linda Bakewell was found dead in the boot of a hire car in Widnes
http://news.bbcimg.co.uk/media/images/78513000/jpg/_78513311_024454810-1.jpg,Chemical and biological experts prepare to intervene on 24 October 2014 at the French Consulate in Istanbul
http://c.files.bbci.co.uk/EA79/production/_84752006_84752005.jpg,The car pinned the chain ferry worker to the bridge's metal ramp
http://c.files.bbci.co.uk/935D/production/_88952773_88952739.jpg,Giant panda taking a bath
http://news.bbcimg.co.uk/media/images/52271000/jpg/_52271808_006084288-1.jpg,"There were more than 250,000 complaints to Barclays in the first six month of the year"
http://news.bbcimg.co.uk/media/images/50910000/jpg/_50910536_jex_933382_de27-1.jpg,Protesters - some draped in Tunisian flags - joined the rally despite official warnings
http://news.bbcimg.co.uk/media/images/68032000/jpg/_68032229_warchildap.jpg,A boy plays with a gun at a refugee camp in Jordan
http://news.bbcimg.co.uk/media/images/65554000/jpg/_65554715_hs2.jpg,Farmer Bryan Mason showing the preffered route to his staff
http://news.bbcimg.co.uk/media/images/75222000/jpg/_75222421_75222420.jpg,Police car near scene of the incident
http://news.bbcimg.co.uk/media/images/73537000/jpg/_73537527_valeriewatts1.jpg,Valerie Watts left Derry City Council to take up her new post in Aberdeen
http://news.bbcimg.co.uk/media/images/79582000/jpg/_79582088_whisky.jpg,An economic report shows that growth in Scotland's economy slowed in November and warns of a challenging year ahead
http://news.bbcimg.co.uk/media/images/51021000/jpg/_51021933_51021980.jpg,Foreign Secretary William Hague: \
http://c.files.bbci.co.uk/15453/production/_84632178_network_rail_cumnock.jpg,Train services between Glasgow and Dumfries will be disrupted for at least a fortnight after two trains carrying ballast collided near Cumnock in East Ayrshire.
http://news.bbcimg.co.uk/media/images/66727000/jpg/_66727782_spaprinap.jpg,Princess Cristina - file pic
http://news.bbcimg.co.uk/media/images/61993000/jpg/_61993112_rnli-video-020812.jpg,People stranded on an upturned catamaran (Pic: RNLI)
http://news.bbcimg.co.uk/media/images/75417000/jpg/_75417168_75417166.jpg,Jolie makes a plea for refugees
http://news.bbcimg.co.uk/media/images/63024000/jpg/_63024744_63024743.jpg,Ms Harman's spokesperson said the remarks signalled a change of tone in relation to the Liberal Democrats
http://news.bbcimg.co.uk/media/images/69144000/jpg/_69144937_68916265.jpg,The BBC's Panorama examines the evidence surrounding Anni Dewani's murder
http://news.bbcimg.co.uk/media/images/54756000/jpg/_54756501_jex_3606_de54-1.jpg,Footage from YouTube of shop being attacked
http://news.bbcimg.co.uk/media/images/51113000/jpg/_51113409_011185287-2.jpg,A child plays football in an icebound park in Ciudad Juarez
http://news.bbcimg.co.uk/media/images/79309000/jpg/_79309377_79309376.jpg,"A Border Force officer checking passports at Terminal 2, Heathrow Airport in June"
http://news.bbcimg.co.uk/media/images/73175000/jpg/_73175255_hi021287567.jpg,Visitors are silhouetted against thick smog on the top of Jingshan Park near the Forbidden City in Beijing on 24 February 2014
http://c.files.bbci.co.uk/13645/production/_88092497_thinkstockphotos-471505032.jpg,Children being handed school lunches
http://news.bbcimg.co.uk/media/images/82073000/jpg/_82073233_afp-hi026585825.jpg,Senator Menendez on 11 March 2015
http://news.bbcimg.co.uk/media/images/68177000/jpg/_68177542_tablet1.jpg,Woman in the Tablet Cafe in Dakar
http://news.bbcimg.co.uk/media/images/60265000/jpg/_60265835_c36e5yxa.jpg,Unemployment is rising more sharply for women than for men
http://news.bbcimg.co.uk/media/images/58951000/jpg/_58951454_001506588-1.jpg,Site owners can take up to a 10% cut of the sale price for caravans
http://news.bbcimg.co.uk/media/images/50937000/jpg/_50937128_jex_935278_de20-1.jpg,Chancellor George Osborne
http://news.bbcimg.co.uk/media/images/63438000/jpg/_63438017_aydemir.jpg,"The fake bomb was sent from a branch of UPS in Camden, north London"
http://news.bbcimg.co.uk/media/images/64351000/jpg/_64351493_hempfarmerap624.jpg,"Farmer Wilfried Arndt meassures the length of his hemp plants, Thursday, July 18, 1996 on his field near Uetz, about 30 kilometers north of Berlin"
http://news.bbcimg.co.uk/media/images/65210000/jpg/_65210942_michele_paduano_body_200x276.jpg,Santokh Singh Loyal and Amrit Kaur Loyal
http://news.bbcimg.co.uk/media/images/59715000/jpg/_59715680_013363298-1.jpg,Many analysts expect more stimulus measures in the coming months
http://news.bbcimg.co.uk/media/images/67517000/jpg/_67517635_yueh144x104-gray.jpg,"The port of Long Beach, California is undergoing expansion"
http://news.bbcimg.co.uk/media/images/57789000/jpg/_57789614_cdih7w7f.jpg,"The three activists aboard the Steve Irwin, picture from Sea Shepherd released 8 January, 2012"
http://news.bbcimg.co.uk/media/images/63138000/jpg/_63138994_romneyfactoryforindex.jpg,Romney at a New Hampshire factory
http://news.bbcimg.co.uk/media/images/80799000/jpg/_80799951_dsc_2589.jpg,Apartment building on Sule Pagoda Rd
http://c.files.bbci.co.uk/970F/production/_85217683_gettyimages-460707702.jpg,China's Bai Faquan competing in a triathlon
http://news.bbcimg.co.uk/media/images/60583000/jpg/_60583161_128-1.jpg,William Ruto at The Hague (14 May 2013)
http://news.bbcimg.co.uk/media/images/76549000/jpg/_76549935_76549934.jpg,Kate Hartwright from Didcot said it looked like the towers \
http://news.bbcimg.co.uk/media/images/60545000/jpg/_60545887_010440951-1.jpg,Ken Clarke: 'We need spies in these dangerous times'
http://news.bbcimg.co.uk/media/images/79497000/jpg/_79497721_tenners.jpg,Mark Carney speaking in Singapore
http://c.files.bbci.co.uk/4333/production/_83730271_027529225-1.jpg,Two women embrace under pictures of victims of gender violence during a demonstration demanding policies to prevent femicides in Buenos Aires
http://news.bbcimg.co.uk/media/images/48964000/jpg/_48964192_jex_797057_de28-1.jpg,"Brigid Simmonds, chief executive of the BBPA"
http://news.bbcimg.co.uk/media/images/65256000/jpg/_65256398_65256397.jpg,This image released by NBC shows Ben Affleck with his award for best director for \
http://news.bbcimg.co.uk/media/images/55809000/jpg/_55809302_graphene.jpg,The BBC's Susan Watts reports on the development of graphene
http://c.files.bbci.co.uk/1554F/production/_87757378_87757293.jpg,The Mitchells were a force to be reckoned with in Albert Square
http://news.bbcimg.co.uk/media/images/63897000/jpg/_63897487_63897486.jpg,"A man climbs through the ruins of his parents' house in Staten Island, NY (2 Nov 2012)"
http://news.bbcimg.co.uk/media/images/58511000/jpg/_58511500_lotto_winners_bbc.jpg,Duncan and Sheila Davidson
http://news.bbcimg.co.uk/media/images/65403000/jpg/_65403550_016983416.jpg,"A train travels through countryside covered in snow at Crowhurst near Hastings, south-east England, on 20 January"
http://news.bbcimg.co.uk/media/images/77982000/jpg/_77982914_77982913.jpg,"A Red Cross vehicle is parked near the damaged offices of the ICRC in Donetsk, 2 October"
http://news.bbcimg.co.uk/media/images/65975000/jpg/_65975909_collummine.jpg,Collum coal mine is based south of Lusaka
http://c.files.bbci.co.uk/89A8/production/_88204253_88204252.jpg,Idi Amin (1978 file image)
http://news.bbcimg.co.uk/media/images/69428000/jpg/_69428818__68232575_leigh_griffiths-1.jpg,Griffiths admitted shouting and swearing and struggling with staff
http://news.bbcimg.co.uk/media/images/51776000/jpg/_51776400_011306971-1.jpg,Plans for a cull were revived earlier this month
http://c.files.bbci.co.uk/B4C8/production/_88908264_ubp3xtq0.jpg,Monopoly house piece on cash
http://news.bbcimg.co.uk/media/images/62406000/jpg/_62406982_jex_1496616_de28-1.jpg,West Midlands Police car insurance sticker
http://news.bbcimg.co.uk/media/images/60018000/jpg/_60018655_africadavid.jpg,Mr Simpson was arrested after reporting the discovery of mutilated bodies to officials
http://news.bbcimg.co.uk/media/images/70967000/jpg/_70967123_hmssevern2.jpg,The current ship is the ninth to bear the name HMS Severn
http://news.bbcimg.co.uk/media/images/71303000/jpg/_71303914_020101930.jpg,"Flats in Brixton, south London, as police are conducting house-to-house inquires in the area"
http://c.files.bbci.co.uk/117C7/production/_86532617_86532616.jpg,'It's like Shazam but for places'
http://news.bbcimg.co.uk/media/images/48315000/jpg/_48315236_009777715-1.jpg,"President Mahinda Rajapaksa with Housing Minister Wimal Weerawansa, 10 July"
http://news.bbcimg.co.uk/media/images/48738000/jpg/_48738869_004475160-1.jpg,Brian Hanrahan reported from across the world for nearly 30 years
http://c.files.bbci.co.uk/15197/production/_84932468_thinkstockphotos-484296884.jpg,The net's DNS system acts like a switchboard to route your data correctly
http://news.bbcimg.co.uk/media/images/70311000/jpg/_70311947_3wqcktk3.jpg,"Vladimir Putin handles the Olympic torch, 6 Oct"
http://news.bbcimg.co.uk/media/images/67032000/jpg/_67032214_homecoming003.jpg,Soldiers loading up a truck
http://news.bbcimg.co.uk/media/images/47679000/jpg/_47679673_nissancube.jpg,The Nissan Cube is targeted at the North American market
http://news.bbcimg.co.uk/media/images/57533000/jpg/_57533810_sanseplocro_getty464.jpg,Resurrection at Sansepolcro
http://news.bbcimg.co.uk/media/images/58983000/jpg/_58983822_garlic.jpg,The court heard the import duty on garlic was \
http://news.bbcimg.co.uk/media/images/51534000/jpg/_51534011_coffin.jpg,Shahbaz Bhatti is laid to rest in Pakistan
http://c.files.bbci.co.uk/0322/production/_85920800_two510.jpg,Esme Clayson and Andreas Haber
http://c.files.bbci.co.uk/A1E1/production/_86314414_jennypalmer.jpg,Former DUP councillor Jenny Palmer joined the Ulster Unionist Party last month
http://news.bbcimg.co.uk/media/images/48773000/jpg/_48773284_009891977-1.jpg,Companies have had six weeks to make a formal bid for the Olympic Stadium site
http://news.bbcimg.co.uk/media/images/50693000/jpg/_50693811_ross.jpg,Trident nuclear submarine at Faslane naval base
http://news.bbcimg.co.uk/media/images/62399000/jpg/_62399155_015749859-1.jpg,Julian Assange has been at the embassy since June in a bid to avoid extradition to Sweden
http://news.bbcimg.co.uk/media/images/60844000/jpg/_60844726__51232315_007662729-1-1.jpg,BAA was ordered to sell either Glasgow or Edinburgh by the Competition Commission
http://news.bbcimg.co.uk/media/images/54996000/jpg/_54996155_012751456-1.jpg,"Hugo Chavez, left, in hospital in Caracas"
http://news.bbcimg.co.uk/media/images/67236000/jpg/_67236656_idsmall.jpg,Does the UK need to reprioritise where it spends its aid budget?
http://news.bbcimg.co.uk/media/images/56557000/jpg/_56557437_013299431-1.jpg,"The Chancellor of the Exchequer, George Osborne, was at the meeting in Brussels - and on the way back to London he spoke to our Political Editor Nick Robinson."
http://news.bbcimg.co.uk/media/images/73249000/jpg/_73249313_de52.jpg,"Hospitals in China are suffering an average of one violent attack every two weeks, according to state media"
http://news.bbcimg.co.uk/media/images/62240000/jpg/_62240237_62240234.jpg,Police believe a man who was seriously injured after falling through a garage roof was also involved in a disturbance at a nearby pub
http://news.bbcimg.co.uk/media/images/74900000/jpg/_74900281_gnomesmore.jpg,Anyone who thinks one of the gnomes is theirs can contact Police Scotland
http://news.bbcimg.co.uk/media/images/66979000/jpg/_66979555_a18crash.jpg,"The crash happened at 12:30 BST on the A18 in Laceby, near Grimsby"
http://news.bbcimg.co.uk/media/images/54591000/jpg/_54591377_cubatwo.jpg,Wendy Iriepa and Ignacio Estrada were declared ''legally united in matrimony''
http://news.bbcimg.co.uk/media/images/58906000/jpg/_58906645_c4dad9b9-3a67-4174-a1fc-a5fab9b96a62.jpg,David Shukman said 2014 had been ''a year of extremes''
http://news.bbcimg.co.uk/media/images/80343000/jpg/_80343131_haidari_interpol.jpg,Mohammad Yaqub Haidari - Interpol
http://news.bbcimg.co.uk/media/images/61139000/jpg/_61139846_de27-1.jpg,MI5 is working to counter \
http://news.bbcimg.co.uk/media/images/63292000/jpg/_63292314_63292311.jpg,Harriet Harman closes the party conference as she reveals that Ed Miliband used to write her political speeches
http://news.bbcimg.co.uk/media/images/70216000/jpg/_70216625_8ug92eca.jpg,Katie Russell from Rape Crisis said sexual violence happened \
http://news.bbcimg.co.uk/media/images/48672000/jpg/_48672675_009950756-2.jpg,Sheikh Hassan Nasrallah speaks via video link - 9 August 2010
http://news.bbcimg.co.uk/media/images/50146000/jpg/_50146774_foulkes.jpg,The 22-year-old had just started a job at the Guardian
http://news.bbcimg.co.uk/media/images/81207000/png/_81207912_katayaadler_144x104.png,A boat packed with refugees tries to cross the Mediterranean
http://news.bbcimg.co.uk/media/images/49704000/jpg/_49704324_stonehaven_crash.jpg,The lorry collisions happened in Stonehaven's Evan Street
http://news.bbcimg.co.uk/media/images/78771000/jpg/_78771321_78771320.jpg,'Yes' sign in shop window
http://c.files.bbci.co.uk/9321/production/_86956673_zhang1.jpg,Zhang performed at the BBC Proms in July 2015 with the BBC NOW
http://news.bbcimg.co.uk/media/images/54450000/jpg/_54450901_penrhos0811.jpg,"The incident happened near Penrhos, known locally as \"
http://news.bbcimg.co.uk/media/images/47960000/jpg/_47960843_bikes.jpg,Four motorcyclists were seriously injured in East Sussex last weekend
http://news.bbcimg.co.uk/media/images/82951000/jpg/_82951303_82951302.jpg,Mitie has been accused of not paying carers the minimum wage
http://c.files.bbci.co.uk/1314B/production/_87055187_hi030429545.jpg,Repair work means the bridge will be closed until the new year
http://news.bbcimg.co.uk/media/images/74681000/jpg/_74681112_74680796.jpg,John Maguire finds out what the offices of the future could be like
http://news.bbcimg.co.uk/media/images/76568000/jpg/_76568971_chgr65t7.jpg,"Venice Beach, Los Angeles, 27 July"
http://news.bbcimg.co.uk/media/images/58020000/jpg/_58020950_jex_1296766_de21-1.jpg,The BBC's Mark Doyle describes the scene at the morgue in Kano
http://c.files.bbci.co.uk/117A0/production/_85948517_85948516.jpg,The former England player is accused of sending abusive messages to his former girlfriend
http://news.bbcimg.co.uk/media/images/54130000/jpg/_54130265_kordofan.jpg,A terrified mother looks out of a cave as she takes shelter from an aircraft flying over the hills surrounding Lwere in Sudan's Nuba mountains on 1 July 2011 as hundreds of families have fled their villages in South Kordofan following recent bombing by the Sudanese armed forces
http://news.bbcimg.co.uk/media/images/74182000/jpg/_74182974_teachbackthinkst.jpg,ATL general secretary Mary Bousted said education professionals did more unpaid overtime than any other group
http://c.files.bbci.co.uk/133CD/production/_83979787_khaneats.jpg,Amir Khan breaks his Ramadan fast
http://news.bbcimg.co.uk/media/images/82689000/jpg/_82689089_torrensreturn.jpg,Barry Torrens at Belfast City Airport on Thursday night
http://news.bbcimg.co.uk/media/images/76792000/jpg/_76792461_trevithickengine.jpg,The monument to Richard Trevithick is topped by a replica of the Penydarren locomotive
http://news.bbcimg.co.uk/media/images/77753000/jpg/_77753688_77736712.jpg,Image of Ankor Wat using lidar
http://news.bbcimg.co.uk/media/images/74042000/jpg/_74042984_finishedcorrespondentpiecebylinecopy.jpg,Oil platforms in the North Sea
http://news.bbcimg.co.uk/media/images/59961000/jpg/_59961031_014317734-1.jpg,The proportion of taxpayers paying at the highest rates has risen to 14% from 10% a decade ago.
http://news.bbcimg.co.uk/media/images/69352000/jpg/_69352412_69352410.jpg,"Smoke rises after an eruption of Mount Sakurajima in Kagoshima, southwestern Japan, in this handout photo taken and released by Kagoshima Local Meteorological Observatory August 18, 2013"
http://news.bbcimg.co.uk/media/images/77905000/jpg/_77905700_hi021580871.jpg,High rise block being built
http://news.bbcimg.co.uk/media/images/68563000/jpg/_68563297_portcoelap.jpg,Portuguese PM Pedro Passos Coelho
http://news.bbcimg.co.uk/media/images/48017000/jpg/_48017042_newbuilding226.jpg,The construction industry says scrapping new schools will cost jobs
http://c.files.bbci.co.uk/EEEE/production/_87866116_87866114.jpg,"Israeli security forces outside the West Bank Anatot settlement where a Palestinian was shot dead following an attempted stabbing, 23 January 2016"
http://news.bbcimg.co.uk/media/images/65025000/jpg/_65025777_65025776.jpg,Rescue crews at a bus crash in Oregon
http://news.bbcimg.co.uk/media/images/59500000/jpg/_59500153_satya_landmine_cambodia.jpg,Man with amputated leg lies in hospital bed
http://news.bbcimg.co.uk/media/images/75122000/jpg/_75122382_irnbrug2014.jpg,AG Barr said it is reaping the benefits of its marketing campaign during the Commonwealth Games
http://news.bbcimg.co.uk/media/images/56174000/jpg/_56174663_stgilesx-450.jpg,St Giles Cathedral in Edinburgh
http://news.bbcimg.co.uk/media/images/74376000/jpg/_74376091_campus_athena.jpg,"University of Wales Trinity Saint David Townhill Campus, Swansea"
http://news.bbcimg.co.uk/media/images/59662000/jpg/_59662309_jex_1378677_de26-1.jpg,Almost one in four adults in the UK is considered obese
http://news.bbcimg.co.uk/media/images/48065000/jpg/_48065752_westgate_bbc_203.jpg,Westgate Tower Museum was facing closure due to a lack of visitors
http://news.bbcimg.co.uk/media/images/60264000/jpg/_60264466_freechurch.jpg,Suachainteas na h-Eaglaise Saoire
http://news.bbcimg.co.uk/media/images/82019000/jpg/_82019751_468163960.jpg,Music artists at Tidal re-launch
http://c.files.bbci.co.uk/15154/production/_87765368_87765367.jpg,The many faces of David Bowie
http://news.bbcimg.co.uk/media/images/50564000/jpg/_50564627_montage-bbc.jpg,"Montage of Christmas workers, BBC"
http://news.bbcimg.co.uk/media/images/61723000/jpg/_61723383_hi015327802.jpg,Tower Bridge with Olympic rings
http://news.bbcimg.co.uk/media/images/56437000/jpg/_56437280_nma3.jpg,Helena treasures her photos of Cyrus
http://news.bbcimg.co.uk/media/images/69875000/jpg/_69875882__58817616_penguins-1.jpg,"Romain Pizzi has performed 22 operations in four years on birds that have swallowed stones, coins, gloves, lollipop sticks and children's socks"
http://news.bbcimg.co.uk/media/images/78586000/jpg/_78586061_487270931.jpg,Digital hearing aids use sound compression to isolate speech but this can distort music.
http://c.files.bbci.co.uk/4080/production/_88521561_de27.jpg,Comedian Simon Brodkin disrupts VW speech at Geneva motor show
http://news.bbcimg.co.uk/media/images/65733000/jpg/_65733786_65727287.jpg,Stafford Hospital victims
http://news.bbcimg.co.uk/media/images/48201000/jpg/_48201947_torrecantuafp.jpg,Rodolfo Torre Cantu with a supporter at a campaign event on 12 April 2010
http://c.files.bbci.co.uk/50A9/production/_86294602_leannewood231015.jpg,Leanne Wood says Wales is embarking on its 'greatest contest yet'
http://news.bbcimg.co.uk/media/images/57600000/jpg/_57600181_013597259-1.jpg,"An injured person is carried from the blast scene in Rangoon, Burma (29 Dec 2011)"
http://news.bbcimg.co.uk/media/images/48391000/jpg/_48391008_009687424-1.jpg,Home Secretary Theresa May
http://news.bbcimg.co.uk/media/images/59928000/jpg/_59928111_jex_1392080_de27-1.jpg,"David Cameron acknowledged the figures were ''very, very disappointing''"
http://news.bbcimg.co.uk/media/images/69777000/jpg/_69777877_69777876.jpg,Apple looks to China with new phone
http://news.bbcimg.co.uk/media/images/48525000/jpg/_48525170_asbo_280710_gla_1830bm.jpg,The stereo in the resident's common room at Ash Grove
http://news.bbcimg.co.uk/media/images/47999000/jpg/_47999589_colin_montgomerie_getty.jpg,Colin Montgomerie was playing in the Wales Open
http://c.files.bbci.co.uk/5CB5/production/_85233732_60c11ac2-a10b-49a8-910c-51770854feaf.jpg,"President Barack Obama delivers remarks at the Andrew P Sanchez Community Center in New Orleans, 27 August for the 10th anniversary since the devastation of Hurricane Katrina."
http://news.bbcimg.co.uk/media/images/48741000/jpg/_48741368_005995666-1.jpg,There are five companies licensed to provide water in Scotland
http://news.bbcimg.co.uk/media/images/83579000/jpg/_83579855_thinkstockphotos-178552775.jpg,Scotland introduced same-sex marriage in 2014
http://news.bbcimg.co.uk/media/images/50540000/jpg/_50540944_010892547-1.jpg,A man clears snow and ice from the road
http://news.bbcimg.co.uk/media/images/54416000/jpg/_54416751_bomb2.jpg,Derby County players wearing T-shirts in support of train maker Bombardier
http://news.bbcimg.co.uk/media/images/60191000/jpg/_60191279_plane.jpg,Lt Daniel Latham takes to the air in an F-18 Hornet
http://c.files.bbci.co.uk/13F7E/production/_88009718_img_3045.jpg,The crash happened on the M9 in West Lothian
http://news.bbcimg.co.uk/media/images/82726000/jpg/_82726886_breathalyser.jpg,Security staff at venues in Cambridge have been given breathalysers
http://news.bbcimg.co.uk/media/images/47065000/jpg/_47065820_yuan_afp.jpg,100 yuan notes - file photo
http://news.bbcimg.co.uk/media/images/57410000/jpg/_57410688_013556629-2.jpg,IMF head Christine Lagarde (R) and Nigerian President Goodluck Jonathan
http://news.bbcimg.co.uk/media/images/59435000/jpg/_59435657__58562858_012889771-1.jpg,Amnesty reports highlights lack of sites for Scottish gypsy travellers
http://news.bbcimg.co.uk/media/images/78759000/jpg/_78759635_khan.jpg,Mr Khan is one of Labour leader Ed Miliband's closest allies
http://news.bbcimg.co.uk/media/images/71509000/jpg/_71509165_eritreaambassador.jpg,Eritrean ambassador Tesfamichael Gehratu: It is a sheer lie
http://news.bbcimg.co.uk/media/images/48043000/jpg/_48043647_matryoshka.jpg,Russian matryoshka dolls depicting current Russian President Dmitry Medvedev and former President and current Prime Minister Vladimir Putin
http://news.bbcimg.co.uk/media/images/60778000/jpg/_60778926_dental_implant.jpg,Upper jaw of a patient showing the position of an implant (centre)
http://news.bbcimg.co.uk/media/images/78466000/jpg/_78466151_78466150.jpg,"Lloyds operates more than 2,000 branches through its Lloyds Bank, Halifax and Bank of Scotland brands"
http://news.bbcimg.co.uk/media/images/77886000/jpg/_77886903_84120557.jpg,elderly couple walk down path
http://news.bbcimg.co.uk/media/images/54045000/jpg/_54045596_012429254-1.jpg,Italian shares had a volatile day of trading on Tuesday
http://news.bbcimg.co.uk/media/images/66345000/jpg/_66345134_neilgaiman.jpg,"Neverwhere cast: (L-R) Islington (BENEDICT CUMBERBATCH), Richard (JAMES MCAVOY), Door (NATALIE DORMER), Hunter (SOPHIE OKONEDO), Marquis (DAVID HAREWOOD)"
http://news.bbcimg.co.uk/media/images/48276000/jpg/_48276646_computers2.jpg,The cuts are likely to mean fewer support services for students
http://news.bbcimg.co.uk/media/images/71441000/jpg/_71441513_2worthingmagscourt-love.jpg,Tina Love assaulted the woman during a performance of Jack and the Beanstalk
http://news.bbcimg.co.uk/media/images/62126000/jpg/_62126151_62126150.jpg,"Civilian casualties have fallen, although Afghans are not celebrating, as Karen Allen reports"
http://news.bbcimg.co.uk/media/images/51296000/jpg/_51296777_011292281-1.jpg,Household bins in Newcastle under Lyme
http://news.bbcimg.co.uk/media/images/66663000/jpg/_66663172_rubbishburglar2.jpg,Man tries to smash a window
http://news.bbcimg.co.uk/media/images/79287000/jpg/_79287839_79287838.jpg,Wallaby in Cambridgeshire
http://news.bbcimg.co.uk/media/images/53749000/jpg/_53749406_012302993-1.jpg,Horses racing in a race sponsored by Betfair
http://news.bbcimg.co.uk/media/images/53021000/jpg/_53021030_011887292-1.jpg,"Dama y Zorro (Lady and Fox), on display at the Estacion Indianilla museum in Mexico City"
http://news.bbcimg.co.uk/media/images/56810000/jpg/_56810663_013342129-1.jpg,Peter Robinson said the Union between NI and GB could depend on nationalist votes
http://news.bbcimg.co.uk/media/images/78366000/jpg/_78366839_78366837.jpg,Protesters in Acapulco march along the sea front Oct 17 2014
http://news.bbcimg.co.uk/media/images/72582000/jpg/_72582469_cycling_horse_three.jpg,The ASA accepted drivers must give cyclists the correct amount of space whether they are wearing a helmet or not
http://news.bbcimg.co.uk/media/images/62532000/jpg/_62532041_flooding3.jpg,Fire crews fought for about nine hours to bring the flood waters under to control
http://news.bbcimg.co.uk/media/images/71694000/jpg/_71694597_71694595.jpg,George Osborne says the next government will have to find \
http://news.bbcimg.co.uk/media/images/73761000/jpg/_73761587_de05-1.jpg,Rachel Mahon playing at Truro Cathedral
http://news.bbcimg.co.uk/media/images/65977000/jpg/_65977971_017158471-1.jpg,Penn State University is among the latest to join online university projects
http://c.files.bbci.co.uk/1D10/production/_88304470_hi031139678.jpg,Canadian Indigenous Affairs Minister Carolyn Bennett and Justice Minister Jody Wilson-Raybould
http://news.bbcimg.co.uk/media/images/50428000/jpg/_50428442_50428441.jpg,The rally is an annual show of force for Hamas
http://news.bbcimg.co.uk/media/images/56122000/jpg/_56122616_000311396-1.jpg,Cockles emptied into bucket
http://news.bbcimg.co.uk/media/images/63121000/jpg/_63121118_63121117.jpg,Julius Malema waving in court
http://news.bbcimg.co.uk/media/images/49157000/jpg/_49157982_010216886-1.jpg,President Sebastian Pinera arrives at a mass to mark Chile's bicentenary accompanied by a military escort.
http://news.bbcimg.co.uk/media/images/58162000/jpg/_58162986_013855909-1.jpg,UN Secretary General Ban Ki-moon in Addis Ababa on 29 January 2012
http://news.bbcimg.co.uk/media/images/55494000/jpg/_55494096_012918579-1.jpg,David Cameron will meet Barack Obama and other world leaders during his trip
http://news.bbcimg.co.uk/media/images/53390000/jpg/_53390874_tv000016340.jpg,Stafford General Hospital
http://news.bbcimg.co.uk/media/images/53409000/jpg/_53409340_hewitt-112x81.jpg,SVP celebrates Swiss vote (9 Feb)
http://news.bbcimg.co.uk/media/images/49118000/jpg/_49118835_m5750084-spl.jpg,Extending the life of a graft would help address the shortage issue
http://news.bbcimg.co.uk/media/images/54419000/jpg/_54419247_012584643-1.jpg,The women are thought to have been targeted for their high-value Asian gold.
http://news.bbcimg.co.uk/media/images/81646000/jpg/_81646410_81646409.jpg,Kurds and family gather in Syria to pay respects to Konstandinos Erik Scurfield
http://news.bbcimg.co.uk/media/images/81693000/jpg/_81693909_nikkei_today.jpg,Oil platforms in the North Sea
http://news.bbcimg.co.uk/media/images/62935000/jpg/_62935932_jex_1514550_de27-1.jpg,Veteran F1 engineer Pat Symonds on the importance of IT in modern racing
http://news.bbcimg.co.uk/media/images/71321000/jpg/_71321707_buddythedog.jpg,"Jack Russell, named Buddy, and his family"
http://news.bbcimg.co.uk/media/images/77364000/jpg/_77364538_023693825epa.jpg,Australian PM Tony Abbott in file image from 31 August 2014
http://news.bbcimg.co.uk/media/images/71928000/jpg/_71928061_71928060.jpg,Ollie the Westiepoo is less than a year old
http://news.bbcimg.co.uk/media/images/57902000/jpg/_57902571_013563986-1.jpg,Lin Zulian shot to fame as the leader of the protesters in the Chinese village of Wukan.
http://news.bbcimg.co.uk/media/images/74752000/jpg/_74752646_74752645.jpg,CCTV images of man police want to trace
http://news.bbcimg.co.uk/media/images/74632000/jpg/_74632280_14z1i9lc.jpg,Margaret Curran said Labour would recognise Wales' 'claim to extra resources'
http://news.bbcimg.co.uk/media/images/51446000/jpg/_51446121_jex_970527_de27-1.jpg,Ben Brown reports on chaotic scenes at the Libya-Tunisia border
http://news.bbcimg.co.uk/media/images/60851000/jpg/_60851423_47a95a61-ddd4-443c-b1bc-b76d1b4caf0a.jpg,"Plymouth University's humanoid ninja-style robot. Pic: Phil Culverhouse, University of Plymouth"
http://news.bbcimg.co.uk/media/images/78579000/jpg/_78579142_angus3.jpg,Dr Morrison is minister at Orwell and Portmoak Church in Perthshire
http://news.bbcimg.co.uk/media/images/77217000/jpg/_77217932_153997249.jpg,Lufthansa aircraft on the tarmac at Frankfurt airport (July 2013)
http://c.files.bbci.co.uk/7AC2/production/_86762413_sharp_tv.jpg,"Sharp announced in May that it was cutting 10% of its global workforce, including 3,500 jobs in Japan"
http://news.bbcimg.co.uk/media/images/57804000/jpg/_57804904_001703715-1.jpg,Mr Romanov's investment company bought a number of commercial properties at the height of the boom
http://news.bbcimg.co.uk/media/images/63253000/jpg/_63253617_chrishoyridesinthevelodromeinglasgow.jpg,Chris Hoy rides in the velodrome in Glasgow
http://news.bbcimg.co.uk/media/images/75109000/jpg/_75109890_75109889.jpg,"Defeated MEP for the East of England, Andrew Duff, who has represented the region since 1999."
http://news.bbcimg.co.uk/media/images/72581000/jpg/_72581940_huwlewis.jpg,Education minister Huw Lewis says the report sets out priorities for Wales
http://news.bbcimg.co.uk/media/images/55671000/jpg/_55671679_hazlehead_protest.jpg,School children were among those on the march
http://news.bbcimg.co.uk/media/images/79621000/jpg/_79621245_hi024268995.jpg,How BBC Urdu gave Malala a platform
http://news.bbcimg.co.uk/media/images/55964000/jpg/_55964963_lords.jpg,Earl Howe opens the NHS bill debate
http://news.bbcimg.co.uk/media/images/80384000/jpg/_80384965_80384961.jpg,"A constitution assembly member of an opposition party throws a chair during a meeting inside the Constitution Assembly building in Kathmandu January 20, 2015."
http://news.bbcimg.co.uk/media/images/55742000/jpg/_55742648_bins464in_pa.jpg,Communities Secretary Eric Pickles on the 'right' to weekly collections
http://c.files.bbci.co.uk/16F1B/production/_87397939_87397937.jpg,Overturned lorry in the snow
http://news.bbcimg.co.uk/media/images/63822000/jpg/_63822584_016031457-1.jpg,Chief executive Michael O'Leary says the company hopes to carry an extra one million passengers
http://c.files.bbci.co.uk/15143/production/_86593368_86593367.jpg,Shipping containers in a Chinese port
http://news.bbcimg.co.uk/media/images/51111000/jpg/_51111505_jex_947735_de26-1.jpg,Burma's ex-Prime Minster Thein Sein named new president
http://news.bbcimg.co.uk/media/images/48718000/jpg/_48718812_jex_778005_de27-1.jpg,Shopping with picky eater Rhonda West: 'The list of what I can't eat is so long'
http://news.bbcimg.co.uk/media/images/82113000/jpg/_82113582_com.jpg,Picture of seven party leader
http://news.bbcimg.co.uk/media/images/81113000/jpg/_81113755_redaction.jpg,Document with parts blanked out
http://c.files.bbci.co.uk/5A79/production/_87316132_87316131.jpg,Gareth Bale's Christmas tree
http://news.bbcimg.co.uk/media/images/60166000/jpg/_60166538_taxi.jpg,"Paul Archer, Johno Ellison and Leigh Purnell in their black cab"
http://c.files.bbci.co.uk/8BD1/production/_88439753_zikababy.jpg,Healthcare staff caring for Ebola patients
http://news.bbcimg.co.uk/media/images/52585000/jpg/_52585201_52585200.jpg,A cargo ship being loaded at a port in eastern Chinz
http://news.bbcimg.co.uk/media/images/56444000/jpg/_56444241_007877307-1.jpg,Robert Vaughn was nominated for an Academy Award in 1960 for The City Jungle
http://news.bbcimg.co.uk/media/images/83925000/jpg/_83925623_daveleepdc_6354.jpg,Google cars have clocked up over one million miles on public roads
http://c.files.bbci.co.uk/1EE6/production/_87701970_elderlycare_bbc.jpg,Elderly person with carers
http://news.bbcimg.co.uk/media/images/54805000/jpg/_54805605_jex_1147073_de19-1.jpg,The BBC's Matthew Price on life in Rixos hotel: \
http://news.bbcimg.co.uk/media/images/49579000/jpg/_49579617_tomtomnavigation.jpg,TomTom said the market for personal navigation devices would shrink this year
http://news.bbcimg.co.uk/media/images/50959000/jpg/_50959688_jex_936918_de27-1.jpg,William Hague: 'The World Service is not immune to public sector cuts and a reassessment of its priorities'
http://news.bbcimg.co.uk/media/images/66580000/jpg/_66580402_017585312-1.jpg,John Swinney spoke at the SNP's spring conference
http://news.bbcimg.co.uk/media/images/64658000/jpg/_64658169_tankers.jpg,The cost of fuel is one of the factors putting pressure on businesses
http://news.bbcimg.co.uk/media/images/78037000/jpg/_78037829_stkildatwo.jpg,Boat arriving at St Kilda
http://news.bbcimg.co.uk/media/images/48756000/jpg/_48756077_jex_780739_de27-1.jpg,Astronauts on a spacewalk to continue repairs to the ISS's cooling system - with Nasa commentary
http://news.bbcimg.co.uk/media/images/48598000/jpg/_48598608_009893691-1.jpg,"Mexican soldiers in Guadalajara, July 30 2010"
http://news.bbcimg.co.uk/media/images/75288000/jpg/_75288863_184054591.jpg,Police said groups of more than 50 young people had been meeting up to drink in rural areas
http://news.bbcimg.co.uk/media/images/64885000/jpg/_64885135_banks.jpg,The government is moving ahead with legislation to ring-fence banks' retail and investment arms
http://news.bbcimg.co.uk/media/images/55191000/jpg/_55191456_55191455.jpg,Joe Busby wearing his CV T-Shirt
http://c.files.bbci.co.uk/A537/production/_85059224_85055632.jpg,Vladimir Putin explored the depths of the Black Sea near Sevastopol in a research bathyscaphe
http://news.bbcimg.co.uk/media/images/60068000/jpg/_60068575_014685888-1.jpg,"Francois Hollande giving his victory speech in Tulle, 6 May"
http://news.bbcimg.co.uk/media/images/66453000/jpg/_66453262_66453261.jpg,Cody Churchill at 18 months
http://news.bbcimg.co.uk/media/images/68706000/jpg/_68706150_68706149.jpg,No passengers were on board at the time of the fire
http://news.bbcimg.co.uk/media/images/48485000/jpg/_48485066_olympicbridge_getty304.jpg,"The Olympic, Union Jack and Paralympic flags fly in front of Tower Bridge in London"
http://news.bbcimg.co.uk/media/images/55378000/jpg/_55378587_canterbury.jpg,"Kent Police were called to Broad Street, Canterbury, after the device was found"
http://c.files.bbci.co.uk/B614/production/_86721664_p1110578.jpg,Ida Tin wants her business to help empower more women
http://c.files.bbci.co.uk/1813D/production/_89012689_mosquequettabombingaftermathbbc.jpg,Hazif Abdul Hamid and Sabir Ali
http://news.bbcimg.co.uk/media/images/62479000/jpg/_62479577_footballers2.jpg,Footballers on the forest pitch
http://news.bbcimg.co.uk/media/images/67408000/jpg/_67408097_webcast_cochrane_nicoll.jpg,Allan Cochrane and Andrew Nicholl
http://news.bbcimg.co.uk/media/images/74600000/jpg/_74600425_74599536.jpg,"Sentencing Clifford, Judge Anthony Leonard said he had groomed and degraded his victims."
http://news.bbcimg.co.uk/media/images/62648000/jpg/_62648580_ararat_bbc.jpg,Bha Dòmhnall MacCoinnich a' feuchainn ri lorg fhaighinn air an làraich air Beinn Ararat san Tuirc.
http://news.bbcimg.co.uk/media/images/81399000/jpg/_81399521_46424c89-cca3-4cc8-a83f-f9a04657a9d6.jpg,High court of Justiciary sign
http://news.bbcimg.co.uk/media/images/58415000/jpg/_58415591_bddd23a3-cbf9-43c8-a92e-79370009496a.jpg,Man's hands with smartphone
http://news.bbcimg.co.uk/media/images/70649000/jpg/_70649187_70649186.jpg,"An Indian villager shows shells, that locals say are being fired from the Pakistan, at a village in Samba sector, about 75km (47 miles) from Jammu on October 21, 2013"
http://c.files.bbci.co.uk/0CFF/production/_88472330_lamassu976.jpg,Drawing of Nineveh Lamassu by Austen Henry Layard
http://news.bbcimg.co.uk/media/images/55639000/jpg/_55639156_m5600263-open_heart_surgery-spl.jpg,Departing staff include nurses and senior managers
http://news.bbcimg.co.uk/media/images/51249000/jpg/_51249726_tank_640a.jpg,"Shaun Mitchell explains why he likes to buy and restore old tanks, which he drives around the streets of Norfolk"
http://news.bbcimg.co.uk/media/images/81453000/jpg/_81453586_147643871.jpg,Woman soaping her back in shower
http://news.bbcimg.co.uk/media/images/68915000/jpg/_68915450_tiananmen_getty_getty106281857.jpg,Tiananmen Square in Beijing
http://news.bbcimg.co.uk/media/images/44825000/jpg/_44825115_fannie_getty226b.jpg,Fannie Mae plays a key role in the US housing sector
http://news.bbcimg.co.uk/media/images/67180000/jpg/_67180661_queenvicpa.jpg,Glentanar was one of two case studies for the research
http://news.bbcimg.co.uk/media/images/53112000/jpg/_53112551_525888c7-a762-4034-9285-426d75f45c3c.jpg,"Eric Daniels, the third bank boss to announce recently that he is stepping down"
http://news.bbcimg.co.uk/media/images/71491000/jpg/_71491379_victims624x351.jpg,The floral tributes are due to be moved to a new location on Tuesday
http://news.bbcimg.co.uk/media/images/52125000/jpg/_52125623_carroll_car_damage.jpg,The damage to Andy Carroll's car
http://news.bbcimg.co.uk/media/images/71561000/png/_71561160_screenshot2013-12-05at4.50.45pm.png,Intern revolt: The young workers fighting against unpaid work
http://news.bbcimg.co.uk/media/images/74104000/jpg/_74104549_hi021598785.jpg,Image of the screen at Celtic Park
http://c.files.bbci.co.uk/196D/production/_84590560_84558496.jpg,Lt Clay Higgins is known to call out the criminals directly on camera
http://news.bbcimg.co.uk/media/images/81886000/jpg/_81886992_81886988.jpg,BT's announcement comes a decade after it pulled out of the UK's mobile phone market
http://news.bbcimg.co.uk/media/images/81940000/jpg/_81940516_460832988.jpg,"As Rupert Wingfield-Hayes reports, 70 percent of Japanese women give up work when they get pregnant"
http://news.bbcimg.co.uk/media/images/50227000/jpg/_50227748_newcstle.jpg,How people are coping all over the UK in the wintry weather
http://news.bbcimg.co.uk/media/images/49980000/jpg/_49980072_gavinhewitt.jpg,Greek PM George Papandreou addresses parliament in Athens (19 June)
http://news.bbcimg.co.uk/media/images/79176000/jpg/_79176117_79176116.jpg,Officers from the National Crime Agency carried out the raids on suspected computer hijackers
http://news.bbcimg.co.uk/media/images/53874000/jpg/_53874375_012223470-1.jpg,The new league tables are based on last year's exams
http://news.bbcimg.co.uk/media/images/63648000/jpg/_63648978_zzzzsrilankapkg.jpg,Sri Lanka economic challenge
http://c.files.bbci.co.uk/11825/production/_88571717_e2109630-3e79-458b-912a-b3ce2e0021ba.jpg,"Kanhaiya Kumar (C), the students\"
http://news.bbcimg.co.uk/media/images/51519000/jpg/_51519648_jex_976016_de28-1.jpg,"Deputy Prime Minister Nick Clegg: 'No contest for non-Labour candidates,'"
http://news.bbcimg.co.uk/media/images/63848000/jpg/_63848228_40xy9zhi.jpg,Jeremy Browne says users of \
http://news.bbcimg.co.uk/media/images/59479000/jpg/_59479194_winfarmprotest.jpg,Protesters argue the proposed wind farm development is too big
http://news.bbcimg.co.uk/media/images/60456000/jpg/_60456141_60456140.jpg,Official stamps a passport
http://c.files.bbci.co.uk/171E0/production/_86988649_86988648.jpg,The men took the car keys from the victim's house
http://news.bbcimg.co.uk/media/images/54284000/jpg/_54284691_007213235-1.jpg,Fiat has cut production to meet falling demand across the European Union
http://news.bbcimg.co.uk/media/images/80554000/jpg/_80554700_m1090204-asthmatic_woman-spl-1.jpg,"The first diagnostic test doctors should use is spirometry, recommend the draft guidelines"
http://news.bbcimg.co.uk/media/images/76512000/jpg/_76512542_76512541.jpg,The little girl giant and Xolo the dog
http://news.bbcimg.co.uk/media/images/73583000/jpg/_73583972_73563639.jpg,The man was found at the side of the A66 in the early hours
http://news.bbcimg.co.uk/media/images/61993000/jpg/_61993214_21ezk7h3.jpg,"After a nailbiting finish, the GB team collected their silver medals"
http://news.bbcimg.co.uk/media/images/77389000/jpg/_77389692_77389689.jpg,"Koli was found guilty of kidnapping, murder and attempted rape in multiple cases"
http://news.bbcimg.co.uk/media/images/49247000/jpg/_49247514_ardoynebombs.jpg,The scene of the security alert in Ardoyne in north Belfast
http://news.bbcimg.co.uk/media/images/57834000/jpg/_57834145_013679006-1.jpg,Wreck of blown up car in Tehran. 11 Jan 2012
http://news.bbcimg.co.uk/media/images/48081000/jpg/_48081297_brazilagriculture.jpg,Brazil's vast agriculture industry is forecast to boom over the next decade
http://c.files.bbci.co.uk/11DEF/production/_87599137_87599136.jpg,South Korean girl group Apink perform in Gyeongju (Oct 2013)
http://news.bbcimg.co.uk/media/images/68995000/jpg/_68995247_zq9ha80c.jpg,Hong Lei: China regards good relations with the West as 'essential'
http://news.bbcimg.co.uk/media/images/67969000/jpg/_67969126_67969125.jpg,Calder worked for East Dunbartonshire Council until his retirement
http://news.bbcimg.co.uk/media/images/55834000/jpg/_55834466_letter.jpg,Jim Martin says complaints systems were often cumbersome and bureaucratic
http://news.bbcimg.co.uk/media/images/68689000/jpg/_68689813_68689809.jpg,Jeremy Howell reports on the fall in gold prices
http://news.bbcimg.co.uk/media/images/48008000/jpg/_48008624_48008619.jpg,Image purporting to show remnants of cruise missile in Yemen
http://c.files.bbci.co.uk/1F7C/production/_87006080_carwynjones_syria.jpg,"Carwyn Jones says MPs views should be respected, not abused"
http://news.bbcimg.co.uk/media/images/76931000/jpg/_76931672_hi023497811.jpg,"Pope Francis walks with South Korean President Park Geun-Hye upon his arrival on 14 August, 2014 in Seoul, South Korea"
http://news.bbcimg.co.uk/media/images/70749000/jpg/_70749963_70749962.jpg,Conrad Murray was sentenced to four years in 2011
http://news.bbcimg.co.uk/media/images/55208000/jpg/_55208563_000865810-1.jpg,The remains of Shafilea Ahmed were found in Cumbria in 2004
http://news.bbcimg.co.uk/media/images/62230000/jpg/_62230720_62230543.jpg,A slice of British humour was injected into the Olympic closing ceremony with Monty Python's Eric Idle performing Always Look on the Bright Side of Life
http://c.files.bbci.co.uk/54E4/production/_87823712_87823710.jpg,Daniel Young was walking along a commuter shortcut when he was fatally attacked
http://news.bbcimg.co.uk/media/images/71048000/jpg/_71048079_dsc00020.jpg,Flags and bugler in Wrexham
http://news.bbcimg.co.uk/media/images/72149000/jpg/_72149495_72149494.jpg,Discount signs and shoppers
http://news.bbcimg.co.uk/media/images/70012000/jpg/_70012753_70012749.jpg,Burning building in Syria
http://news.bbcimg.co.uk/media/images/78792000/jpg/_78792045_popup2.jpg,Street corner and zip code
http://news.bbcimg.co.uk/media/images/77291000/jpg/_77291703_77291702.jpg,Chief executive Antony Jenkins: \
http://news.bbcimg.co.uk/media/images/58592000/jpg/_58592781_136123712.jpg,Major manufacturers saw disruptions in production and damaged products as a result of the floods
http://news.bbcimg.co.uk/media/images/55739000/jpg/_55739792_55739791.jpg,Find out how postmen in Kabul deliver letters when there are so few road names
http://news.bbcimg.co.uk/media/images/69302000/jpg/_69302642_001173503.jpg,The trust said residents in areas such as Newtown and Llanidloes would be involved in talks
http://news.bbcimg.co.uk/media/images/48926000/jpg/_48926549_briskwalkspl.jpg,Brisk walking can help shed excess weight
http://news.bbcimg.co.uk/media/images/60495000/jpg/_60495302_flyingscotsmannationalmuseum.jpg,"The Flying Scotsman has also been known as the 'Special Scotch Express', 'The Flying Scotchman' and the 'Ten O'Clock'"
http://c.files.bbci.co.uk/F820/production/_85202536__78256661_dsc_9146.jpg,Education services in the Falkirk Council area were praised in the Accounts Commission report
http://news.bbcimg.co.uk/media/images/79244000/jpg/_79244014_79106155.jpg,Man drinking pint of lager
http://c.files.bbci.co.uk/11329/production/_86614407_untitled-2.jpg,Tracey Woodford and Christopher May
http://news.bbcimg.co.uk/media/images/79288000/jpg/_79288255_022167160.jpg,David Laws says political attacks are driving away recruits from teaching
http://news.bbcimg.co.uk/media/images/50486000/jpg/_50486463_008320943-1.jpg,The government confirmed last year that Royal Mail would be sold off
http://c.files.bbci.co.uk/10C2D/production/_86435686_86435685.jpg,"An Egyptian military helicopter flies over debris from a Russian airliner which crashed at the Hassana area in Arish city, north Egypt, November 1, 2015"
http://news.bbcimg.co.uk/media/images/57686000/jpg/_57686003_jex_1279087_de27-1.jpg,Shelter says families risk being caught up in a spiral of debt and losing their homes
http://news.bbcimg.co.uk/media/images/66193000/jpg/_66193174_66193173.jpg,"From left: Ernest Moniz, Gina McCarthy, Barack Obama and Sylvia Mathews Burwell at a White House ceremony in Washington DC 4 March 2013"
http://news.bbcimg.co.uk/media/images/74165000/jpg/_74165364_015118584-1.jpg,Health Foundation chief executive Dr Jennifer Dixon: ''Overall the health system seems to be improving''
http://news.bbcimg.co.uk/media/images/53403000/jpg/_53403494_nattalie_304.jpg,Nattalie Muir was found fatally injured on Brucefield Drive in Whitburn
http://news.bbcimg.co.uk/media/images/83430000/jpg/_83430020_henry.jpg,France striker Thierry Henry handled the ball in the build-up to his side's extra-time equaliser in their World Cup play-off against the Republic of Ireland in 2009
http://news.bbcimg.co.uk/media/images/50420000/jpg/_50420811_processed-0028.jpg,HM Naqvi has already had a short story adapted for the stage
http://news.bbcimg.co.uk/media/images/74806000/jpg/_74806999_74806991.jpg,Microscope image of Mers virus
http://news.bbcimg.co.uk/media/images/71429000/jpg/_71429660_tardis1.jpg,Dr Richards and his Tardis
http://news.bbcimg.co.uk/media/images/56314000/jpg/_56314373_000081110-1.jpg,"Steve Tatton, Income Data Services: \"
http://news.bbcimg.co.uk/media/images/72571000/jpg/_72571118_72571116.jpg,Protests in San Francisco
http://news.bbcimg.co.uk/media/images/71383000/jpg/_71383948_71375216.jpg,Electricity pylons at dusk
http://news.bbcimg.co.uk/media/images/62508000/jpg/_62508735_bernard_sharkey_rdax_300x285.jpg,Bernard Sharkey was carrying out community work at a farm
http://news.bbcimg.co.uk/media/images/50360000/jpg/_50360467_008266122-1.jpg,Sarbi the MIA sniffer dog (November 2009)
http://news.bbcimg.co.uk/media/images/55158000/jpg/_55158809_012612888-1.jpg,Miner in South Africa (file photo)
http://news.bbcimg.co.uk/media/images/65992000/jpg/_65992678_prudence.jpg,Prudence Farrow says the Beatles were \
http://c.files.bbci.co.uk/1B33/production/_85836960_arriva.jpg,"Wales captain, Sam Warburton, England's Sam Burgess, and a Great Western Railway train (in First Great Western livery)"
http://news.bbcimg.co.uk/media/images/78373000/jpg/_78373808_osian.jpg,Osian Rhys Edwards was worried he would be blacklisted by mortgage companies over the unpaid bill
http://news.bbcimg.co.uk/media/images/59735000/jpg/_59735833_009117276-1.jpg,"British Airways planes, Heathrow"
http://c.files.bbci.co.uk/105E8/production/_85684076_lamb.jpg,Former Health Minister Norman Lamb says most people are prepared \
http://news.bbcimg.co.uk/media/images/79459000/jpg/_79459390_024817399-1.jpg,An armed Metropolitan police officer outside the Houses of Parliament
http://news.bbcimg.co.uk/media/images/68656000/jpg/_68656461_2.jpg,Artist impression of circuit
http://news.bbcimg.co.uk/media/images/70096000/jpg/_70096666_70096665.jpg,"Barack Obama at the UN, 24 September 2013"
http://news.bbcimg.co.uk/media/images/65314000/jpg/_65314178_65314176.jpg,Moody's rating agency logo
http://news.bbcimg.co.uk/media/images/77479000/png/_77479976_image-006.png,"Smart phones could make smart meters redundant, said the MPs"
http://c.files.bbci.co.uk/5EE9/production/_84179242_607fp2rt.jpg,Woman in front of Chinese share board
http://c.files.bbci.co.uk/C798/production/_83869015_jetstar.jpg,Hong Kong has refused an application by Jetstar to set up local operations there
http://news.bbcimg.co.uk/media/images/67503000/jpg/_67503309_heavy_traffic.jpg,"A women wearing a mask rides a bicycle on the street during severe pollution on January 23, 2013 in Beijing"
http://news.bbcimg.co.uk/media/images/55406000/jpg/_55406897_carcrash.jpg,crashed car surrounded by snow
http://news.bbcimg.co.uk/media/images/69238000/jpg/_69238095_69238094.jpg,"The National Security Agency in Fort Meade, Maryland undated photo"
http://news.bbcimg.co.uk/media/images/71590000/jpg/_71590503_71587221.jpg,UK Prime Minister Tony Blair says Mr Mandela was someone who \
http://news.bbcimg.co.uk/media/images/50771000/jpg/_50771353_005431204-1.jpg,"A baby chimpanzee at Taronga Zoo, Sydney"
http://c.files.bbci.co.uk/12D65/production/_87975177_87975176.jpg,Free Syrian Army soldiers. File photo
http://news.bbcimg.co.uk/media/images/77580000/jpg/_77580434_77580274.jpg,Carwyn Jones backs a No vote in Scotland
http://news.bbcimg.co.uk/media/images/79532000/jpg/_79532830_drink_drive_two.jpg,The change brings Scotland into line with most of the rest of Europe
http://news.bbcimg.co.uk/media/images/73829000/jpg/_73829460_016031457-1.jpg,"Oxygen masks were released when the plane suddenly descended from 31,000 ft to 10,000 ft"
http://news.bbcimg.co.uk/media/images/66949000/jpg/_66949514_66949512.jpg,Soldiers in the Democratic Republic of the Congo
http://news.bbcimg.co.uk/media/images/62840000/jpg/_62840509_mums.jpg,Jenni Hicks (left) and Margaret Aspinall
http://news.bbcimg.co.uk/media/images/69934000/jpg/_69934285__68850357_68850090-1.jpg,Pentland Hill Nursing Home
http://c.files.bbci.co.uk/F9FF/production/_84899936_84899935.jpg,Footage of the boar still living in the wild
http://news.bbcimg.co.uk/media/images/66965000/jpg/_66965616_66965612.jpg,Woman on balcony in India
http://news.bbcimg.co.uk/media/images/52807000/jpg/_52807829_nirvana.jpg,Michael Corr said he wanted to show the busker the finished portrait
http://news.bbcimg.co.uk/media/images/54700000/jpg/_54700705_shell_diver.jpg,Divers have been working to stop the leak in the North Sea
http://news.bbcimg.co.uk/media/images/70222000/jpg/_70222064_81006a70-210b-41ba-b080-92a1934749e5.jpg,"House Speaker Newt Gingrich, President Bill Clinton, and Senate Majority Leader Robert Dole meet at the White House in April 1995."
http://news.bbcimg.co.uk/media/images/57371000/jpg/_57371350_003927364-1.jpg,New potential problems among mortgage borrowers are highlighted by the FSA's report
http://news.bbcimg.co.uk/media/images/62691000/jpg/_62691786_kevinmagee.jpg,People queuing outside Ulster Bank
http://news.bbcimg.co.uk/media/images/54045000/jpg/_54045506_mdr98-10vandungey.jpg,Van Dungey did not give evidence at her trial
http://c.files.bbci.co.uk/0B7F/production/_85434920_scalesofjustice-getty.jpg,Gayle Newland is on trial at Chester Crown Court accused of sexual assault after allegedly posing as a man
http://news.bbcimg.co.uk/media/images/81293000/png/_81293272_adrianbrowne.png,Gwenda Thomas and Edwina Hart
http://news.bbcimg.co.uk/media/images/72632000/jpg/_72632528_streetdance.jpg,Street dance crews have grown in popularity across the UK
http://c.files.bbci.co.uk/1312B/production/_86432187_86432186.jpg,Those confronting the police lit fires in the surrounding streets
http://news.bbcimg.co.uk/media/images/73296000/jpg/_73296300_index.jpg,Composite image of the front pages of the Guardian and Daily Mirror on 1 March 2014
http://news.bbcimg.co.uk/media/images/59044000/jpg/_59044658_every.jpg,Everything Everywhere logo
http://news.bbcimg.co.uk/media/images/50037000/jpg/_50037476_50037475.jpg,George Clooney spoke about finding a peace deal in Sudan at the awards dinner
http://news.bbcimg.co.uk/media/images/74482000/jpg/_74482444_74481843.jpg,Capt Thomas Clarke (l) and L/Cpl Oliver Thomas
http://news.bbcimg.co.uk/media/images/65451000/jpg/_65451258_zzzzgillardpic.jpg,The prime minister of Australia Julia Gillard
http://c.files.bbci.co.uk/4D5B/production/_85130891_33138f82-dd5c-4288-b9c3-c7f73fc3b47f.jpg,Mr Burnham said Wales would play an \
http://news.bbcimg.co.uk/media/images/64695000/jpg/_64695307_montrosetalisman.jpg,The firm's forecast suggests more investment and job creation within the oil and gas sector in 2013
http://news.bbcimg.co.uk/media/images/64719000/jpg/_64719528_z9cfyw4t.jpg,Peer-to-peer lenders do not guarantee to savers that their money will be returned
http://news.bbcimg.co.uk/media/images/50708000/jpg/_50708032_mark-gregory.jpg,"South Korea's YTN broadcaster staffs shut down computers in their offices in Seoul on March 20, 2013."
http://news.bbcimg.co.uk/media/images/54207000/jpg/_54207471_htcphones.jpg,HTC makes smartphones powered by the Android mobile software
http://news.bbcimg.co.uk/media/images/78538000/jpg/_78538339_024471005-1.jpg,"Police officers stand guard in front Bellevue Hospital where Dr Craig Spencer who was diagnosed with the Ebola disease remains in quarantine, on 25 October 2014 in New York City."
http://news.bbcimg.co.uk/media/images/64217000/jpg/_64217211_145385774.jpg,Sand sculpture of Queen Elizabeth II
http://news.bbcimg.co.uk/media/images/62097000/jpg/_62097891_powysschools304.jpg,Ysgol Carno has won a reprieve as part of a three-school federation
http://news.bbcimg.co.uk/media/images/65708000/jpg/_65708718_trevortaylor.jpg,Trevor Taylor has 42 years of sailing experience
http://news.bbcimg.co.uk/media/images/81771000/jpg/_81771412_jamieandrew.jpg,Scottish mountaineer Jamie Andrew has backed the call for submissions
http://news.bbcimg.co.uk/media/images/60976000/jpg/_60976211_gendafp.jpg,"Gendarmes at scene of shooting, 18 Jun 12"
http://news.bbcimg.co.uk/media/images/79369000/jpg/_79369153_3301609.jpg,Labour campaigns in Euro elections Southall 2014
http://news.bbcimg.co.uk/media/images/66712000/jpg/_66712020_66712019.jpg,"John Cleese, Ronnie Barker and Ronnie Corbett in the Class Sketch"
http://news.bbcimg.co.uk/media/images/66167000/jpg/_66167704_elfynllwyd464bbc.jpg,Elfyn Llwyd MP said the referendum in Scotland will have a 'profound impact' on UK politics
http://news.bbcimg.co.uk/media/images/72587000/jpg/_72587480_020820635.jpg,Haul of elephant tusks with three arrested suspects in Lome. 28 Jan 2014
http://news.bbcimg.co.uk/media/images/50710000/jpg/_50710938_jex_919006_de27-1.jpg,Dean Park who plays Nurse Poltis said \
http://news.bbcimg.co.uk/media/images/78633000/jpg/_78633705_hartrobinson.jpg,First Minister Peter Robinson greets US envoy Gary Hart at Stormont Castle
http://news.bbcimg.co.uk/media/images/62550000/jpg/_62550148_blackwatch20127.jpg,Black Watch will be performed at the National Theater of Korea in October
http://news.bbcimg.co.uk/media/images/62580000/jpg/_62580484_7dbfa628-637e-4ef9-9d81-47f0f31de552.jpg,Kent and Canterbury Hospital
http://news.bbcimg.co.uk/media/images/73967000/jpg/_73967650_73967648.jpg,NATO Secretary General Rasmussen
http://news.bbcimg.co.uk/media/images/67816000/jpg/_67816365_damian512.jpg,The actor Damian Lewis performed the opening
http://c.files.bbci.co.uk/8614/production/_87942343_robsemple_ps.jpg,Rob Semple speaking at the Conservative Party Conference in 2014
http://news.bbcimg.co.uk/media/images/71995000/jpg/_71995870_29761c56-126e-4784-95da-d75ae8f76bd4.jpg,Bruce Springsteen in concert
http://news.bbcimg.co.uk/media/images/48542000/jpg/_48542705_tornado_gr4_304.jpg,Many of the UK's Tornados are based in Moray
http://news.bbcimg.co.uk/media/images/61298000/jpg/_61298427_cypflagafp.jpg,Cyprus flag in Nicosia - file pic
http://c.files.bbci.co.uk/3409/production/_86212331_uctshutdown.jpg,students on the balcony of bremner building
http://news.bbcimg.co.uk/media/images/76567000/jpg/_76567029_76566838.jpg,"Some 5,000 large dams have been built in India"
http://news.bbcimg.co.uk/media/images/81356000/jpg/_81356831_hi017174891.jpg,Barclays' profits were hit by provisions for possible future fines
http://news.bbcimg.co.uk/media/images/60780000/jpg/_60780024_danroan.jpg,John Terry playing for England against Sweden at Wembley on 15 November
http://news.bbcimg.co.uk/media/images/53112000/jpg/_53112552_a98c841f-83ef-4af6-812f-e82a2f8166ee.jpg,European Commission President Jose Manuel Barroso
http://news.bbcimg.co.uk/media/images/70785000/jpg/_70785626_servini144x104white.jpg,Bins being emptied in Blaenau Gwent
http://news.bbcimg.co.uk/media/images/48113000/jpg/_48113949_alexander_reuters_226.jpg,Mr Alexander previously campaigned to have the debt lifted
http://news.bbcimg.co.uk/media/images/49064000/jpg/_49064105_peterfahy512.jpg,GMP Chief Constable Peter Fahy
http://c.files.bbci.co.uk/11BE0/production/_84227627_053a4fe2-4654-4f78-83bf-51203fc73038.jpg,A damaged wall of Aleppo Citadel following a reported explosion the previous night in a tunnel near the monumental 13th-Century fortress. 12 July 2015
http://news.bbcimg.co.uk/media/images/56469000/jpg/_56469603_013037032-1.jpg,Groupon staff in front of logo
http://news.bbcimg.co.uk/media/images/77029000/jpg/_77029267_saudiarabianajran4640814.jpg,Map showing Najran in Saudi Arabia
http://news.bbcimg.co.uk/media/images/56386000/jpg/_56386722_jex_1218104_de53-1.jpg,David Cameron urges pro- adoption attitude
http://c.files.bbci.co.uk/19D6/production/_86841660_de35.jpg,WATCH: Kiribati fishes for tuna wealth
http://news.bbcimg.co.uk/media/images/63531000/jpg/_63531888_sealand.jpg,Roy Bates declared himself monarch of Sealand in 1967
http://news.bbcimg.co.uk/media/images/57431000/jpg/_57431786_57431785.jpg,The Welsh budget is worth around £15bn
http://news.bbcimg.co.uk/media/images/52478000/jpg/_52478779_52478778.jpg,The Reverend Rumbold said the ceremony was \
http://c.files.bbci.co.uk/8B4E/production/_87226653_timpeakeblastoffgetty.jpg,"Tim Peake, Yuri Malachenko and Tim Kopra"
http://news.bbcimg.co.uk/media/images/50540000/jpg/_50540380_stormforce.jpg,Kintyre Express intends to run a small-scale service
http://news.bbcimg.co.uk/media/images/48923000/jpg/_48923176_48923177.jpg,"Raisina Hill, which houses important government buildings, as the sun sets in the horizon, in New Delhi, India"
http://c.files.bbci.co.uk/3B96/production/_85945251_85945250.jpg,"Penny Pritzker, 13 July 2015, Washington DC"
http://news.bbcimg.co.uk/media/images/78921000/jpg/_78921449_78921448.jpg,"An employee sorts packages at a hub of Shentong Express delivery company in Jiujiang, Jiangxi province, on 11 November, 2014."
http://c.files.bbci.co.uk/E900/production/_86884695_gettyimages-454321520.jpg,The BBC's Kamal Ahmed reports on falling profits at Tesco
http://news.bbcimg.co.uk/media/images/72441000/jpg/_72441210_72440977.jpg,"A cable train makes its way up the Weissfluhjoch mountain at the Parsenn ski arena in Davos, Switzerland"
http://news.bbcimg.co.uk/media/images/52807000/jpg/_52807648_jex_1048759_de28-1.jpg,Some in France say Mr Strauss-Kahn's political career is over whether he is guilty or not
http://news.bbcimg.co.uk/media/images/48777000/jpg/_48777664__48377098_007460645-1-1.jpg,A London Underground train
http://news.bbcimg.co.uk/media/images/50579000/jpg/_50579681_jex_910427_de27-1.jpg,Consumers are expected to spend record amounts in Sunday's Boxing Day sales.
http://news.bbcimg.co.uk/media/images/80891000/jpg/_80891001_loansharkpic.jpg,Most victims of loan sharks are too scared to report the person who has lent them money
http://news.bbcimg.co.uk/media/images/66934000/jpg/_66934001_somalirape2.jpg,Sahra Mohamed Ali: ''I can't believe I'm driving a car with my own hands''
http://news.bbcimg.co.uk/media/images/49085000/jpg/_49085474__49056101_dumbarton304-1.jpg,Armed police during flat siege
http://news.bbcimg.co.uk/media/images/75874000/jpg/_75874895_102023702.jpg,"University professor, blogger, and member of the Muslim Uighur minority, Ilham Tohti pauses for a few moments for a view from the window before a classroom lecture in Beijing on 12 June 12 2010."
http://news.bbcimg.co.uk/media/images/60480000/jpg/_60480382_philpottconferencepa.jpg,Mairead and Mick Philpott at news conference
http://news.bbcimg.co.uk/media/images/60194000/jpg/_60194293_jex_1404410_de12-1.jpg,Displaced families in South Sudan
http://news.bbcimg.co.uk/media/images/80962000/jpg/_80962422_mosqueaberdeen.jpg,It is hoped the project will be completed this year
http://news.bbcimg.co.uk/media/images/59996000/jpg/_59996880_1shpa4uw.jpg,"A polling station in Whitchurch, Cardiff"
http://news.bbcimg.co.uk/media/images/50987000/jpg/_50987918_jex_938714_de27-1.jpg,The year the couple divorced was the year food rationing ended and Roger Bannister ran the first sub-four minute mile.
http://news.bbcimg.co.uk/media/images/53332000/jpg/_53332390_smoker_lighting_up-spl.jpg,Nicotine in cigarettes decreases food intake and body weight by acting on particular neurons.
http://news.bbcimg.co.uk/media/images/49901000/jpg/_49901392_breastlight226.jpg,The firm received more than £1m to develop its product
http://news.bbcimg.co.uk/media/images/73769000/jpg/_73769820_477321825.jpg,Marijuana and US bank notes
http://news.bbcimg.co.uk/media/images/71157000/jpg/_71157517_hi017830468.jpg,Cyclists at the Chris Hoy velodrome
http://news.bbcimg.co.uk/media/images/51608000/jpg/_51608474_-8.jpg,Leaderflush Shapland factory
http://news.bbcimg.co.uk/media/images/75316000/jpg/_75316549_75316548.jpg,Girl drinking beer in Bangalore
http://news.bbcimg.co.uk/media/images/67969000/jpg/_67969842_018204242.jpg,More than 20 members of the Royal Family were in attendance
http://news.bbcimg.co.uk/media/images/49722000/jpg/_49722649_010531595-1.jpg,"Japanese Prime Minister Naoto Kan (L) shakes hands with his Vietnamese counterpart Nguen Tan Dung (R) in Hanoi, 31 October"
http://news.bbcimg.co.uk/media/images/57123000/jpg/_57123496_dp9980_budget-11.jpg,Budget consultation leaflet from Sheffield City Council
http://news.bbcimg.co.uk/media/images/74039000/jpg/_74039605_74039603.jpg,The burglar tried to make his getaway in Byron Davies's distinctive black cab
http://news.bbcimg.co.uk/media/images/68359000/jpg/_68359133_cambodian-tailorbird-30-1.jpg,Studies to differentiate the new species from other tailorbirds included analyses of their songs
http://news.bbcimg.co.uk/media/images/73573000/jpg/_73573210_020489587.jpg,Aerial view of houses in Northern Ireland
http://c.files.bbci.co.uk/13BDC/production/_86706808_f7f34759-7a35-4a74-bb3b-272c9b6dd410.jpg,Forestry track at Llandderfel
http://news.bbcimg.co.uk/media/images/81824000/jpg/_81824208_0f0d145b-10b9-466c-8e47-d48c0024fd4f.jpg,"A Yemeni boy on a bicycle rides past a destroyed car in downtown Sanaa, Yemen, 21 March 2015,"
http://news.bbcimg.co.uk/media/images/52729000/jpg/_52729207_dorothyevans.jpg,Dorothy Evans was sent to jail in 2007
http://news.bbcimg.co.uk/media/images/70760000/jpg/_70760121_limavadyrd.jpg,The letter bomb was sent to the PPS office in Derry at the end of October
http://news.bbcimg.co.uk/media/images/50063000/jpg/_50063807_johnlewis.jpg,John Lewis has agreed to change its Christmas advert after people complained
http://news.bbcimg.co.uk/media/images/59871000/jpg/_59871877_moneybox.jpg,"Fraud victim Paul Forrester, who said he would not have considered himself as gullible, described how he was conned"
http://news.bbcimg.co.uk/media/images/47648000/jpg/_47648446_1_466x260.jpg,A free shuttle will operate from the long stay car park to the terminal
http://news.bbcimg.co.uk/media/images/56977000/jpg/_56977406_013389237-1.jpg,"Monkey in Shimla, file pic"
http://news.bbcimg.co.uk/media/images/72354000/jpg/_72354156_124875863.jpg,"Woman stretching happily on the left, man yawning on the right"
http://c.files.bbci.co.uk/5CD2/production/_86726732_3c097daa-a75d-4dfb-9cf0-f626797f28a7.jpg,Nurse holding patients hand
http://news.bbcimg.co.uk/media/images/82511000/jpg/_82511204_merthyr_heaney_voters.jpg,Paul Heaney with voters in a cafe in Merthyr Tydfil
http://news.bbcimg.co.uk/media/images/59803000/jpg/_59803089_59803088.jpg,"Conservative MP for Salisbury, John Glen"
http://news.bbcimg.co.uk/media/images/65229000/jpg/_65229275_65229274.jpg,Delia Derbyshire created the iconic arrangement of Ron Grainer's Doctor Who theme
http://news.bbcimg.co.uk/media/images/61751000/jpg/_61751323_allenjames.jpg,James Allen denied two counts of murder
http://news.bbcimg.co.uk/media/images/69959000/jpg/_69959230_braemar_getty.jpg,The Queen and Prince Charles at the Braemar Gathering
http://news.bbcimg.co.uk/media/images/49201000/jpg/_49201381_bb223290@horizon-backfro.jpg,Dr John Elefteriades in the operating theatre
http://news.bbcimg.co.uk/media/images/81282000/jpg/_81282266_gp_sthetgfx.jpg,BBC Inside Out has been taking the temperature of doctors across England to find out what is troubling them about GP practice
http://news.bbcimg.co.uk/media/images/64052000/jpg/_64052212_64052210.jpg,Steve Messham met Welsh Secretary David Jones earlier this week
http://news.bbcimg.co.uk/media/images/83092000/jpg/_83092945_princeadams_pa_index.jpg,Prince Charles and Gerry Adams
http://c.files.bbci.co.uk/F822/production/_87822536_87822534.jpg,Director General Tony Hall said Savile's abuse was \
http://news.bbcimg.co.uk/media/images/64266000/jpg/_64266556_6jqo1gg7.jpg,Scientist conducting trials
http://news.bbcimg.co.uk/media/images/51198000/jpg/_51198492_baa.jpg,Planes at Heathrow airport
http://news.bbcimg.co.uk/media/images/59149000/jpg/_59149274_000208005-1.jpg,Farc rebels attacked a military checkpoint shortly after their leader said they had not been weakened
http://news.bbcimg.co.uk/media/images/76461000/jpg/_76461068_ac7qxfi9.jpg,The Money Advice Service has claimed that 8.8 million adults are over-indebted
http://news.bbcimg.co.uk/media/images/62265000/jpg/_62265581_split.jpg,Microsoft's blog shows how Windows RT computer designs have evolved from an early prototype
http://news.bbcimg.co.uk/media/images/67392000/jpg/_67392510_tv013378703.jpg,Mammograms are the cornerstone of the screening programme
http://news.bbcimg.co.uk/media/images/74907000/jpg/_74907264_74907263.jpg,The RNLI said one man was rescued at about 12:30 BST
http://news.bbcimg.co.uk/media/images/78891000/jpg/_78891869_78891868.jpg,U.S. President Barack Obama waves after speaking at the APEC CEO Summit at the China National Convention Centre (CNCC) in Beijing 10 November 2014
http://news.bbcimg.co.uk/media/images/81393000/jpg/_81393618_alevel11.jpg,England's schools are heading for the biggest exams shake-up for 30 years
http://c.files.bbci.co.uk/14419/production/_87996928_birminghammp.jpg,"Around eight million people visit Broad Street every year, said West Midlands Police"
http://news.bbcimg.co.uk/media/images/68910000/jpg/_68910920_afp_xperia.jpg,"Kirsty Williams said people in Brecon, Builth Wells and Crickhowell were left without a signal in February"
http://news.bbcimg.co.uk/media/images/49292000/jpg/_49292540_49292539.jpg,Simon Jack reports from a factory in Kent
http://news.bbcimg.co.uk/media/images/55782000/jpg/_55782970_jex_1186386_de27-1.jpg,PMQs: David Cameron 'gives up' on Nick Clegg question
http://news.bbcimg.co.uk/media/images/82595000/jpg/_82595308_sunnyvarkey624.jpg,Sunny Varkey says the lack of respect for teachers was the inspiration for the prize
http://c.files.bbci.co.uk/8F8A/production/_87964763_hi031070172.jpg,Exterior of Google office with logo
http://news.bbcimg.co.uk/media/images/71406000/jpg/_71406817_rexfeatures_67737l(1).jpg,Lewis Collins in The Professionals
http://news.bbcimg.co.uk/media/images/67921000/jpg/_67921797_hi014075498.jpg,The BBC's Ben Wright explains the case against Bradley Manning in 80 seconds
http://news.bbcimg.co.uk/media/images/51979000/jpg/_51979085_008031611-1.jpg,University students at graduation
http://news.bbcimg.co.uk/media/images/53565000/jpg/_53565466_234-1.jpg,Asian markets react positively as Greek government survives confidence vote
http://news.bbcimg.co.uk/media/images/78924000/jpg/_78924371_78924369.jpg,Chris Mason gauges the mood one week before the vote
http://news.bbcimg.co.uk/media/images/62490000/jpg/_62490241_008664042-1.jpg,Predator drone (January 2010)
http://news.bbcimg.co.uk/media/images/79451000/jpg/_79451012_ari_entrance.jpg,Interim chief executive Malcolm Wright said he took the reports \
http://news.bbcimg.co.uk/media/images/65448000/jpg/_65448357_pong.jpg,People across the South East are puzzled by a foul smell after a massive gas leak in France.
http://news.bbcimg.co.uk/media/images/71297000/jpg/_71297691_71297690.jpg,Joseph Naso (22 November 2013)
http://news.bbcimg.co.uk/media/images/52858000/jpg/_52858558_jex_1051606_de27-1.jpg,Lord Neuberger says bloggers and tweeters breaking injunctions online is a problem that has to be faced
http://news.bbcimg.co.uk/media/images/48642000/jpg/_48642120_001379846.jpg,Flowers being left in tribute at the Yorkshire Regiment\
http://news.bbcimg.co.uk/media/images/79724000/jpg/_79724320_downingstreet.jpg,"Leaders from Northern Ireland, Scotland and Wales attended a meeting of the Joint Ministerial Committee at Downing Street"
http://news.bbcimg.co.uk/media/images/72251000/jpg/_72251914_72251913.jpg,"Shopper on Buchanan Street, Glasgow"
http://c.files.bbci.co.uk/8F89/production/_85254763_85254762.jpg,Three of the four chicks have since returned to the penguin pool at the zoo.
http://news.bbcimg.co.uk/media/images/71153000/jpg/_71153019_71153017.jpg,Tendulkar's career in numbers
http://news.bbcimg.co.uk/media/images/67183000/jpg/_67183966_150951888.jpg,Dave Toole in the Paralympic Opening Ceremony
http://news.bbcimg.co.uk/media/images/79580000/jpg/_79580549_fatberg.jpg,"There were more than 40,000 blockages in drains and sewers across Scotland last year"
http://news.bbcimg.co.uk/media/images/57926000/jpg/_57926407_013194811-1.jpg,Burberry has been focusing its marketing on outerwear
http://news.bbcimg.co.uk/media/images/80286000/jpg/_80286097_80286096.jpg,A burnt out car in the council building
http://news.bbcimg.co.uk/media/images/50945000/jpg/_50945098_nigg_ge_304.jpg,Nigg. Pic: Global Energy Group
http://news.bbcimg.co.uk/media/images/78948000/jpg/_78948002_78948000.jpg,Dominic Hughes reports from Nottingham on the efforts to contact patients
http://news.bbcimg.co.uk/media/images/56377000/jpg/_56377078_gangesriverdolphin1.jpg,A Ganges dolphin. (Photo: Rubaiyat Mansur Mowgli)
http://news.bbcimg.co.uk/media/images/50421000/jpg/_50421634_ac32bff0-574d-4daf-b7e5-078711299f93.jpg,"Iona Jones was sacked by a majority vote of the authority, Mr Tomos said"
http://c.files.bbci.co.uk/11649/production/_84214217_84214215.jpg,"Alexis Tsipras in Greek parliament, 10 July"
http://news.bbcimg.co.uk/media/images/72383000/jpg/_72383931_72383930.jpg,The EY Item Club says wage growth should be evident before a rate rise
http://news.bbcimg.co.uk/media/images/49424000/jpg/_49424136_49424135.jpg,Mourners by the Century cinema in Aurora
http://news.bbcimg.co.uk/media/images/59918000/jpg/_59918442_thomas1.jpg,Scotland manager Gordon Strachan
http://news.bbcimg.co.uk/media/images/51141000/jpg/_51141476_img_4082.jpg,Roads were flooded in the Maesbrook and Melverley areas
http://news.bbcimg.co.uk/media/images/53209000/jpg/_53209512_jex_1064639_de27-1.jpg,Birmingham council jobs outsourced
http://news.bbcimg.co.uk/media/images/69787000/jpg/_69787076_1_pope_dundee_court_ar.jpg,Moira and Christopher Pope outside Dundee Sheriff Court
http://news.bbcimg.co.uk/media/images/65044000/jpg/_65044204_65044203.jpg,Traders hug on New Year's Eve on the New York Stock Exchange
http://c.files.bbci.co.uk/B302/production/_86562854_86562850.jpg,"Last year, a US senator called for an investigation into Mr Lesin's assets"
http://news.bbcimg.co.uk/media/images/53664000/jpg/_53664408_jex_1086811_de27-1.jpg,"Older people who take a group of drugs used to treat conditions including asthma, depression and epilepsy may have an increased risk of mental decline and even death"
http://c.files.bbci.co.uk/AD05/production/_85639244_surf6.jpg,Competitor Leo Fioraventi
http://news.bbcimg.co.uk/media/images/57632000/jpg/_57632927_000169628-1.jpg,The Norovirus can be spread in the air when somebody's vomits
http://news.bbcimg.co.uk/media/images/57654000/jpg/_57654388_117085554.jpg,The Greek government says it will have to abandon the single currency if it fails to secure new loans
http://news.bbcimg.co.uk/media/images/67906000/jpg/_67906823_emilydavison3.jpg,Emily Davison was hit by the King's horse during the Derby in 1913
http://news.bbcimg.co.uk/media/images/65762000/jpg/_65762253_65762251.jpg,EU Irish Ambassador Rory Montgomery on the rotating presidency
http://c.files.bbci.co.uk/C73C/production/_84540015_84539705.jpg,Federica Mogherini and Mohammad Javad Zarif
http://c.files.bbci.co.uk/5C45/production/_84812632_car-pipe.jpg,Sinking car and firefighters rescuing man
http://news.bbcimg.co.uk/media/images/69349000/jpg/_69349969_69349968.jpg,Posters showing Abdul Fattah al-Sisi in Cairo (7 August 2013)
http://news.bbcimg.co.uk/media/images/60226000/jpg/_60226411_meanish_davefergusson.jpg,Meanish Pier. Pic: Dave Fergusson/Geograph
http://news.bbcimg.co.uk/media/images/48137000/jpg/_48137585_009612559-1.jpg,Faisal Shahzad courtroom sketch 21.6.10
http://news.bbcimg.co.uk/media/images/71666000/jpg/_71666238_164053801.jpg,Miniature model of Boeing 737-800 on display
http://news.bbcimg.co.uk/media/images/61331000/jpg/_61331372_slug3.jpg,The Spanish stealth slug can grow to 10cm
http://news.bbcimg.co.uk/media/images/66953000/jpg/_66953910_66953909.jpg,Al-Nusra has been dubbed a terrorist organisation by the US
http://news.bbcimg.co.uk/media/images/59964000/jpg/_59964193_goldpinwithqueenengraved.jpg,Mr Short said it took 90 attempts to complete the design
http://news.bbcimg.co.uk/media/images/70495000/jpg/_70495079_70495078.jpg,Theresa May said she thought she had a bad cold before visiting her GP
http://news.bbcimg.co.uk/media/images/70686000/jpg/_70686500_70686499.jpg,"Police officer outside a house in Richmond Street, Coventry"
http://news.bbcimg.co.uk/media/images/56823000/jpg/_56823400_lpooljohnlennonairport226.jpg,Liverpool John Lennon Airport
http://news.bbcimg.co.uk/media/images/83448000/jpg/_83448260_83448259.jpg,WTO Director General Roberto Azevedo
http://news.bbcimg.co.uk/media/images/56705000/jpg/_56705237_ringbarkedtree1b.jpg,Many of the trees have been damaged so badly they will have to be felled
http://news.bbcimg.co.uk/media/images/79955000/jpg/_79955956_79955955.jpg,"The boss of AirAsia Group, Tony Fernandes, is also chairman of Queens Park Rangers football club in the UK"
http://news.bbcimg.co.uk/media/images/62976000/jpg/_62976626_ahluwalia.jpg,"Montek Singh Ahluwalia, India's Planning Commission."
http://news.bbcimg.co.uk/media/images/56043000/jpg/_56043858_reportingscotland1830rot.jpg,Sepa said last year that the contamination at the beach had been casued by the MoD
http://news.bbcimg.co.uk/media/images/78963000/jpg/_78963126_78963125.jpg,Glitches include characters bending into impossible positions and floating in the air
http://news.bbcimg.co.uk/media/images/76700000/jpg/_76700328_icemen6.jpg,The figures represent both civilians and soldiers who died in World War One
http://news.bbcimg.co.uk/media/images/47981000/jpg/_47981797_009235443-1.jpg,A woman paints a banner in the \
http://news.bbcimg.co.uk/media/images/76706000/jpg/_76706365_whiplash.jpg,An x-ray of a neck and skull
http://news.bbcimg.co.uk/media/images/69872000/jpg/_69872501_dsc06892.jpg,Police car at the home of Carole Wall
http://news.bbcimg.co.uk/media/images/72228000/jpg/_72228922_72228716.jpg,Israeli Prime Minister-elect Ariel Sharon places his hand on the Western Wall in 2001
http://news.bbcimg.co.uk/media/images/58912000/jpg/_58912361_mural2.jpg,The mural depicts a fatal confrontation between democracy protesters and troops at Newport's Westgate Hotel in 1839
http://news.bbcimg.co.uk/media/images/53298000/jpg/_53298768_union42839.jpg,Boyd Douglas placed a miniature Union flag on his desk
http://news.bbcimg.co.uk/media/images/51887000/jpg/_51887792_51887790.jpg,Still from Sean Donnelly's rap video
http://news.bbcimg.co.uk/media/images/63878000/jpg/_63878793_newbus.jpg,Passengers boarding megabus.com bus
http://news.bbcimg.co.uk/media/images/56296000/jpg/_56296171_robertblackap.jpg,The predatory paedophile has a long history of sexually abusing young girls
http://news.bbcimg.co.uk/media/images/66285000/jpg/_66285018_dogbeach.jpg,Dogs on the beach in Tel Aviv
http://news.bbcimg.co.uk/media/images/54399000/jpg/_54399794_harvest_still.jpg,Wheat is among crops affected by the drought
http://c.files.bbci.co.uk/2D2A/production/_88626511_tv000093890.jpg,unidentified children in a playground
http://news.bbcimg.co.uk/media/images/82389000/jpg/_82389646_dd6b3c8f-43f3-45a5-9f18-975676c3558e.jpg,"Some of the estimated 10,000 people march during a anti xenophobia peace march in Durban, South Africa, 16 April 2015"
http://news.bbcimg.co.uk/media/images/82731000/jpg/_82731657_1.jpg,Chris Martin and Alex Lewis
http://news.bbcimg.co.uk/media/images/76613000/jpg/_76613369_birchgrovefire_twitter.jpg,"Fire at Birchgrove School, Cardiff"
http://news.bbcimg.co.uk/media/images/51311000/jpg/_51311222_011298221-1.jpg,The tourist boat sunk in Halong Bay
http://news.bbcimg.co.uk/media/images/49145000/jpg/_49145546_dundeesheriff_226170.jpg,Sentence has been deferred until next month
http://news.bbcimg.co.uk/media/images/56841000/jpg/_56841242_jex_1240563_de46-1.jpg,Police Federation's Simon Reed on swearing at officers
http://news.bbcimg.co.uk/media/images/82085000/png/_82085681_pic.png,Madonna post status on Facebook
http://news.bbcimg.co.uk/media/images/59714000/jpg/_59714288_ntwnwa6e.jpg,Suspected Mau Mau rebels held in a prison camp
http://news.bbcimg.co.uk/media/images/51417000/jpg/_51417148_011355961-1.jpg,"Philippine Congressman Ronald Singson walks into a district court in Hong Kong February 24, 2011."
http://news.bbcimg.co.uk/media/images/68410000/jpg/_68410990_73967344.jpg,"Top floor flats in 1960s tower blocks are particularly at risk from overheating, according to research"
http://news.bbcimg.co.uk/media/images/63293000/jpg/_63293167_kilmuirbt_petergwenlan_976.jpg,The red phone box at Kilmuir
http://news.bbcimg.co.uk/media/images/56527000/jpg/_56527398_university_of_aberdeen_undisc.jpg,University of Aberdeen [Pic: Undiscovered Scotland]
http://news.bbcimg.co.uk/media/images/69626000/jpg/_69626262_69626261.jpg,Illumiroom extends graphics beyond the screen
http://news.bbcimg.co.uk/media/images/62302000/jpg/_62302240_malins2.jpg,Philip Malins and Keiichi Hayashi
"http://c.files.bbci.co.uk/12A7E/production/_88641467_thecheviotthestagandtheblack,blackoildundeerepensemble.jpg","The Cheviot, the Stag and the Black, Black Oil"
http://news.bbcimg.co.uk/media/images/76076000/jpg/_76076498_76076497.jpg,"Sir Paul McCartney at the Times Union Centre, Albany, New York, on 5 July 2014"
http://news.bbcimg.co.uk/media/images/63318000/jpg/_63318015_jex_1528327_de43-1.jpg,Samsung predicts record profits
http://news.bbcimg.co.uk/media/images/57877000/jpg/_57877535_013698627-1.jpg,US President Barack Obama speaks on government reform 13 January 2012
http://news.bbcimg.co.uk/media/images/59277000/jpg/_59277331_59277330.jpg,Crowds greeted Pope Benedict XVI at the airport
http://c.files.bbci.co.uk/10A6E/production/_85660286_beach_huts_2.jpg,"Beach huts at Meadfoot cost more than £2,500-a-year to rent"
http://news.bbcimg.co.uk/media/images/70458000/jpg/_70458292_70458290.jpg,People walking in Shanghai
http://c.files.bbci.co.uk/14ED8/production/_84202758_sadchildanon-thinkstock.jpg,There are fears children could miss out on a good start to their education
http://news.bbcimg.co.uk/media/images/70522000/jpg/_70522102_thinkstock_image.jpg,A man looks at a frozen food product
http://news.bbcimg.co.uk/media/images/51592000/jpg/_51592133_005744025-1.jpg,Grant Shapps says he wants more variety in new developments
http://news.bbcimg.co.uk/media/images/48400000/jpg/_48400548_megrahi_reuters.jpg,photo of Abdel Basset al-Megrahi sitting in a wheelchair in his room at a hospital in Tripoli
http://c.files.bbci.co.uk/7846/production/_83909703_83909702.jpg,"People queue for a cash machine in Athens, 28 June 2015"
http://news.bbcimg.co.uk/media/images/71442000/jpg/_71442830_71442829.jpg,"Fire fighter works at Latin America Memorial building in Sao Paulo, Brazil"
http://news.bbcimg.co.uk/media/images/53267000/jpg/_53267853_jex_1039589_de43-1.jpg,"Scottish Secretary, Michael Moore"
http://news.bbcimg.co.uk/media/images/51075000/jpg/_51075104_manchester.jpg,Swastikas on a home in Manchester
http://news.bbcimg.co.uk/media/images/65515000/jpg/_65515061_049933b3-7372-4588-947d-fda6a7518247.jpg,Pete Wishart and Andy Love
http://news.bbcimg.co.uk/media/images/69248000/jpg/_69248979_69248978.jpg,"Hotel building over sinkhole in Clermont, Florida, on 12 August 2013"
http://news.bbcimg.co.uk/media/images/70135000/jpg/_70135373_hip_replacement_x-ray.jpg,Nurse and hip replacement patient
http://news.bbcimg.co.uk/media/images/56400000/jpg/_56400370_013259855-1.jpg,Yasuhiro Sonoda drinking Fukushima water
http://news.bbcimg.co.uk/media/images/73881000/jpg/_73881600_de27.jpg,"Berlin was at one stage famed for its innovation, with electric trams and lifts both originating in the German capital"
http://c.files.bbci.co.uk/22CD/production/_88890980_88890979.jpg,"In this 9 March 2016 file photo, Ukrainian jailed military officer Nadiya Savchenko as she sits in a glass cage during a trial in the town of Donetsk, Rostov-on-Don region, Russia"
http://news.bbcimg.co.uk/media/images/52295000/jpg/_52295209_photographers.jpg,Tim Hetherington and Guy Martin
http://news.bbcimg.co.uk/media/images/80894000/jpg/_80894574_80894570.jpg,LIVE: US and German leaders hold news briefing after meeting
http://news.bbcimg.co.uk/media/images/51100000/jpg/_51100600_pigott.jpg,Protesters outside St Paul's Cathedral
http://news.bbcimg.co.uk/media/images/48180000/jpg/_48180541_paden226.jpg,William Paden has sex convictions dating back to 1974
http://news.bbcimg.co.uk/media/images/48516000/jpg/_48516203_danwhitworth.jpg,Mila Kunis alongside Friends With Benefits co-star Justin Timberlake
http://c.files.bbci.co.uk/0B6B/production/_86632920_cd2c5a46-c332-40fd-abaf-e87e47c70833.jpg,Telemetry tags will be attached to seals to study population decline
http://news.bbcimg.co.uk/media/images/65435000/jpg/_65435006_sharkey464.jpg,"Thomas Sharkey Snr, Bridget and Thomas Jnr"
http://c.files.bbci.co.uk/FEC6/production/_88422256_brits.jpg,This year's Brit Award statuettes
http://news.bbcimg.co.uk/media/images/48804000/jpg/_48804673_img_5692.jpg,people holding save the internet signs
http://news.bbcimg.co.uk/media/images/54118000/jpg/_54118935_006853820-1.jpg,Clare Wood met her ex-partner on Facebook and was unaware of his criminal record
http://news.bbcimg.co.uk/media/images/50308000/jpg/_50308922_50308920.jpg,The market is a major money-spinner for many traders
http://news.bbcimg.co.uk/media/images/68857000/jpg/_68857397_gourockpool.jpg,Gourock Outdoor Swimming Pool
http://news.bbcimg.co.uk/media/images/74484000/jpg/_74484494_brompton2.g.jpg,"Brompton bicycle factory, London"
http://news.bbcimg.co.uk/media/images/49893000/jpg/_49893899_cash.jpg,The number of poor households with children or pensioners has dropped in recent years
http://news.bbcimg.co.uk/media/images/59139000/jpg/_59139307_sdc10148.jpg,Great Western Hospital strike
http://news.bbcimg.co.uk/media/images/59403000/jpg/_59403168_59403161.jpg,"People wait for hours outside the Primm Valley Lotto Store near the Nevada border in Primm, Nevada 29 March 2012"
http://news.bbcimg.co.uk/media/images/64826000/jpg/_64826802_hi016678305.jpg,Instagram was bought by Facebook in April 2012
http://c.files.bbci.co.uk/FFBE/production/_86207456_handwashing.jpg,Child washing their hands
http://news.bbcimg.co.uk/media/images/54411000/jpg/_54411621_012387578-1.jpg,Adidas stand a Berlin trade fair
http://news.bbcimg.co.uk/media/images/69619000/jpg/_69619070_money1.jpg,Handing over a pile of $100 bills
http://c.files.bbci.co.uk/C748/production/_86961015_img_0998-2.jpg,Small double yellow lines
http://c.files.bbci.co.uk/3723/production/_88251141_88251139.jpg,"US Defence Secretary, Ash Carter: \"
http://news.bbcimg.co.uk/media/images/73248000/jpg/_73248940_hippos.jpg,Hippos are among the animals listed as culled in zoo studbooks
http://news.bbcimg.co.uk/media/images/66805000/jpg/_66805281_image2.jpg,"Sapper Mark Smith died after a smoke shell fell short of its target, the inquest heard"
http://news.bbcimg.co.uk/media/images/79928000/jpg/_79928872_jonlarkin.jpg,Attorney General John Larkin has directed that a new inquest be held into the deaths of people killed by the British army in July 1972
http://c.files.bbci.co.uk/66D1/production/_87412362_87412361.jpg,Mohammed Rehman and Sana Ahmed Khan
http://news.bbcimg.co.uk/media/images/54136000/jpg/_54136188_networkrail.jpg,Concept image of high-speed train
http://news.bbcimg.co.uk/media/images/51913000/jpg/_51913345_jex_1002719_de27-1.jpg,The BBC's Mark Doyle: 'There could be a major humanitarian crisis'
http://news.bbcimg.co.uk/media/images/49512000/jpg/_49512759_sewage.jpg,"Shinewater Lake is home to a country park, nature reserve and angling facilities"
http://news.bbcimg.co.uk/media/images/52418000/jpg/_52418310_raymond_buchanan.jpg,"Baroness Thatcher, Britain's first female British prime minister, dies at the age of 87 following a stroke"
http://news.bbcimg.co.uk/media/images/50990000/jpg/_50990180_50990179.jpg,Falmouth docks and harbour
http://news.bbcimg.co.uk/media/images/80346000/jpg/_80346718_80346717.jpg,Drivers have up until now been receiving warning letters
http://news.bbcimg.co.uk/media/images/71041000/jpg/_71041032_swimmerarrives.jpg,Chaidh Mgr Conway a losgadh 10 tursan mu aodann le muir-tèachd.
http://news.bbcimg.co.uk/media/images/72520000/jpg/_72520863_72520862.jpg,A hand withdrawing euro notes
http://news.bbcimg.co.uk/media/images/83254000/jpg/_83254259_025514170-1.jpg,The Queen outlined the proposed legislation of the new government
http://news.bbcimg.co.uk/media/images/53232000/jpg/_53232247_jex_1065800_de39-1.jpg,"The President of Yemen, Ali Abdullah Saleh, has been wounded in an attack on the presidential compound in the capital Sanaa"
http://news.bbcimg.co.uk/media/images/82935000/jpg/_82935122_82935121.jpg,"Mark Colborne expressed a desire to shoot Prince Charles with a sniper rifle, the court heard"
http://news.bbcimg.co.uk/media/images/80150000/jpg/_80150806_rod-taylor.jpg,Rod Taylor and actress Rhonda Fleming leaving the premiere of 'Lolita' at LA's Beverly Theatre in 1960
http://news.bbcimg.co.uk/media/images/72201000/jpg/_72201635_72200363.jpg,"A crane is seen next to homes in a Jewish settlement near Jerusalem known to Israelis as Har Homa and to Palestinians as Jabal Abu Ghneim January 3, 2014"
http://news.bbcimg.co.uk/media/images/74231000/jpg/_74231396_flats2.jpg,Five of the six remaining blocks were to have been demolished - with the sixth being occupied by asylum seekers
http://news.bbcimg.co.uk/media/images/79669000/jpg/_79669259_docnurses.jpg,Picket line outside the Basingstoke and North Hampshire Hospital in Basingstoke
http://c.files.bbci.co.uk/11E9B/production/_86617337_vic4.jpg,Victoria Derbyshire in hospital
http://news.bbcimg.co.uk/media/images/50236000/jpg/_50236430_clash1_bodygetty.jpg,"The Clash, pictured in 1983"
http://news.bbcimg.co.uk/media/images/62161000/jpg/_62161138_guilty_-_daniel_bird.jpg,Daniel Bird was found guilty of raping the boy on four separate occasions
http://news.bbcimg.co.uk/media/images/72486000/jpg/_72486769_leighhalfpenny2.jpg,Malcolm Halfpenny said he believed his grandson had made the right decision to move to France.
http://news.bbcimg.co.uk/media/images/60465000/jpg/_60465668_jex_1415947_de27-1.jpg,The Queen inspecting Queen Victoria's journals
http://news.bbcimg.co.uk/media/images/62739000/jpg/_62739626_62739625.jpg,The new government is expected to face questions on measures to revive a slowing economy
http://news.bbcimg.co.uk/media/images/59536000/jpg/_59536180_007678914-1.jpg,Parents and pupils are accused of \
http://news.bbcimg.co.uk/media/images/80282000/jpg/_80282239_80281059.jpg,The BBC's Celia Hatton attends the launch of Xiaomi's latest device - and finds more than one similarity to a certain US tech giant.
http://news.bbcimg.co.uk/media/images/63488000/jpg/_63488640_63488639.jpg,The Costa Concordia cruise ship lies near the harbour of Giglio on 14 October 2012
http://news.bbcimg.co.uk/media/images/77478000/jpg/_77478195_77478190.jpg,The riders start at Newtown
http://news.bbcimg.co.uk/media/images/63027000/jpg/_63027191_jex_1433662_de27-1.jpg,Tha dòchas ann gum bi cùisean air ais chun àbhaist an t-seachdain sa tighinn.
http://news.bbcimg.co.uk/media/images/69795000/jpg/_69795439_69790141.jpg,VulPro chief executive Kerri Wolter explains the impact of a decline in vulture numbers could have on humans
http://news.bbcimg.co.uk/media/images/50027000/jpg/_50027283_shirt.jpg,The BBC's Mark Simpson reports from Dublin
http://news.bbcimg.co.uk/media/images/54173000/jpg/_54173247_lindsayh.jpg,Ichihashi altered his appearance using cosmetic surgery while on the run
http://news.bbcimg.co.uk/media/images/68073000/jpg/_68073699_68073695.jpg,Mr Advani is known for his formidable organising skills
http://news.bbcimg.co.uk/media/images/62343000/jpg/_62343459_noseart_170812_ex_web1.jpg,USAAF serviceman Don Allen admires 'Blondie' from the wing of a bomber plane
http://news.bbcimg.co.uk/media/images/65373000/jpg/_65373696_65373695.jpg,Dog in snow. Photo: Steve Mulville
http://news.bbcimg.co.uk/media/images/59882000/jpg/_59882507_derailment.jpg,Southeastern passenger information
http://news.bbcimg.co.uk/media/images/57563000/jpg/_57563526_thomas.jpg,Llywelyn Thomas was a farmer in south Wales before moving to Cambridgeshire 12 years ago
http://news.bbcimg.co.uk/media/images/78820000/jpg/_78820935_twitter.jpg,Social media giant Twitter will open an office in Hong Kong next year
http://news.bbcimg.co.uk/media/images/55751000/jpg/_55751194_001516423-1.jpg,"Vladimir Putin in Crimea, 9 May"
http://news.bbcimg.co.uk/media/images/73102000/jpg/_73102811_73102807.jpg,"Indian supporters of Telangana state shout slogans as they celebrate the planned creation of Telangana state in Hyderabad on February 18, 2014. Indian"
http://news.bbcimg.co.uk/media/images/70077000/jpg/_70077191_21bc29f1-95ef-43a2-b8c8-862435592be4.jpg,Iranian technicians walk outside the building housing the reactor of Bushehr nuclear power plant
http://news.bbcimg.co.uk/media/images/55086000/jpg/_55086989_009819330-1.jpg,"Julia Gillard, file image"
http://news.bbcimg.co.uk/media/images/58481000/jpg/_58481136_58481135.jpg,Screen grab of Microsoft India online store - 13 February 2012
http://c.files.bbci.co.uk/EDBD/production/_86516806_0ixtj1ai.jpg,Episodes of Morecambe & Wise will be available to own digitally for the first time.
http://news.bbcimg.co.uk/media/images/80059000/jpg/_80059439_80059102.jpg,It could take weeks for the Hoegh Osaka to be refloated
http://news.bbcimg.co.uk/media/images/66793000/jpg/_66793123_jex_8967_de27.jpg,PC Kelly Jones has claimed for another injury sustained to her knee
http://news.bbcimg.co.uk/media/images/68730000/jpg/_68730979_68730975.jpg,Fabrice Tourre - file photograph
http://c.files.bbci.co.uk/18288/production/_86425989_86425987.jpg,Home Secretary Theresa May
http://news.bbcimg.co.uk/media/images/83254000/jpg/_83254027_83250207.jpg,AG Barr expects a gradual improvement in production capacity \
http://news.bbcimg.co.uk/media/images/59895000/jpg/_59895897_014558738-1.jpg,"Protestor lights marijuana joint, Amsterdam 20 April 2012"
http://news.bbcimg.co.uk/media/images/69530000/jpg/_69530884_bp.jpg,Smoke billowing from burning Gulf oil rig
http://c.files.bbci.co.uk/CF19/production/_86571035_86571033.jpg,"1,300 geese on the Erlianhot-Guangzhou expressway in China"
http://news.bbcimg.co.uk/media/images/66057000/jpg/_66057327_66057325.jpg,London Mayor Boris Johnson not questioned
http://news.bbcimg.co.uk/media/images/50711000/jpg/_50711683_oyster_pa.jpg,Any card which is not properly swiped when exiting stations is charged the maximum possible fare of £6
http://news.bbcimg.co.uk/media/images/56141000/jpg/_56141699_lewis.getty.jpg,Mark Lewis with the Dowler family
http://news.bbcimg.co.uk/media/images/59957000/jpg/_59957701_140972529.jpg,Workers at a factory in China
http://news.bbcimg.co.uk/media/images/65602000/jpg/_65602097_poster_compo_464.jpg,Posters from the Dwight M Cleveland Movie Poster Archive
http://c.files.bbci.co.uk/F7B2/production/_86801436_kittycafe3.jpg,Daisy the cat approaching thief
http://news.bbcimg.co.uk/media/images/59987000/jpg/_59987842_59987841.jpg,Man on the Beat shows the \
http://news.bbcimg.co.uk/media/images/73028000/jpg/_73028849_73028848.jpg,"Members of North East Students Organisation (NESO) protest in Gauhati, India"
http://news.bbcimg.co.uk/media/images/48662000/jpg/_48662489__44779935_lymediseasetick-1.jpg,Ticks can transmit number of severe and potentially deadly diseases to humans including Lyme disease
http://news.bbcimg.co.uk/media/images/76036000/jpg/_76036880_reuters.jpg,Aerial shot of bus trapped under fallen underpass in Belo Horizonte on 3 July
http://news.bbcimg.co.uk/media/images/71231000/jpg/_71231508_927609c8-e0a2-40b4-be9f-c76fc2d3910e.jpg,Members of the General Synod of the Church of England
http://news.bbcimg.co.uk/media/images/48861000/jpg/_48861839__46836565_imagefromfrontpage-1.jpg,The stage two consultation for Hinkley Point C finishes on 4 October
http://news.bbcimg.co.uk/media/images/67312000/jpg/_67312333_bronwynmcgahan(2).jpg,Sinn Fein assembly member Bronwyn McGahan proposed the motion
http://news.bbcimg.co.uk/media/images/62442000/jpg/_62442674_puppiesy.jpg,"The puppies are valued at £1,200"
http://news.bbcimg.co.uk/media/images/72916000/jpg/_72916947_72916945.jpg,Ceredigion is Wales' only local authority to be awarded the highest schools rating
http://news.bbcimg.co.uk/media/images/50735000/jpg/_50735290_aberdeen_high_crown.jpg,Aberdeen High Court [Pic: Crown Copyright]
http://news.bbcimg.co.uk/media/images/48883000/jpg/_48883572_jex_790627_de28-1.jpg,David Miliband on what distinguishes his campaign from his brother's
http://news.bbcimg.co.uk/media/images/60015000/jpg/_60015092_014538375-1.jpg,Health boards have been asked to look into how waiting times are managed
http://news.bbcimg.co.uk/media/images/69346000/jpg/_69346468_69346467.jpg,The Supreme Constitutional Court in Cairo
http://news.bbcimg.co.uk/media/images/63245000/jpg/_63245865_63245863.jpg,A scene from Student of The Year
http://c.files.bbci.co.uk/D757/production/_87172155_87172154.jpg,George Osborne speaking in House of Commons
http://news.bbcimg.co.uk/media/images/51277000/jpg/_51277633_011281036-1.jpg,Sergei Lavrov (left) and William Hague
http://c.files.bbci.co.uk/FF8A/production/_88181456_comp-deeside2.png,A494 off-slip to Queensferry roundabout (top) and the nearby busy box junction (below)
http://news.bbcimg.co.uk/media/images/50898000/jpg/_50898698_elizabethbrown.jpg,Betty Brown's body was found in woods in Cumbria
http://news.bbcimg.co.uk/media/images/60730000/jpg/_60730098_crash_060612_onlinestill.jpg,"Sgt Mark Whitfield, Avon and Somerset Police on the A39 Cannington Straight"
http://news.bbcimg.co.uk/media/images/63081000/jpg/_63081856_landale_112x63.jpg,David Cameron applauds during a speech by Foreign Secretary William Hague
http://news.bbcimg.co.uk/media/images/49337000/jpg/_49337194_010314111-1.jpg,Sir Robert led a crackdown against corrupt police officers
http://news.bbcimg.co.uk/media/images/48823000/jpg/_48823304_010014429-1.jpg,Crowd look at the dead body of alleged Islamist militant who died in the blast
http://news.bbcimg.co.uk/media/images/58063000/jpg/_58063113_submarine.jpg,Russian built Akula II vessel in water.
http://news.bbcimg.co.uk/media/images/64130000/jpg/_64130802_64130801.jpg,A photo released by Syria's state news agency purportedly showing victims of a chemical weapons attack at Khan al-Assal (19 March 2013)
http://news.bbcimg.co.uk/media/images/63511000/jpg/_63511758_63511755.jpg,Fey and Poehler previously co-hosted a sketch series on NBC.
http://news.bbcimg.co.uk/media/images/48253000/jpg/_48253362_jedward.jpg,The accident happened during the duo's performance at Sunday's event
http://news.bbcimg.co.uk/media/images/52622000/jpg/_52622652_sel-1.jpg,Selkirk Sheriff Court - Crown copyright image
http://news.bbcimg.co.uk/media/images/81094000/jpg/_81094540_044f639e-66aa-4144-a600-b5a3ec6d9565.jpg,US President Barack Obama has asked for formal authorisation of force against Islamic State
http://c.files.bbci.co.uk/152D8/production/_87144768_87140158.jpg,"The 84th Squadron also helped Margaret, Ann and John, whose father was killed during an air raid while at work in 1941"
http://news.bbcimg.co.uk/media/images/52622000/jpg/_52622842_011912860-1.jpg,Sofyen was chased to the ticket hall where he was stabbed repeatedly
http://news.bbcimg.co.uk/media/images/57023000/jpg/_57023638_brett_linley_mod.jpg,Staff Sergeant Brett George Linley
http://news.bbcimg.co.uk/media/images/71321000/jpg/_71321088_71321087.jpg,It is hoped that the Funcube will inspire the next generation of scientists and engineers
http://news.bbcimg.co.uk/media/images/49049000/jpg/_49049961_nokiamicrosoftelop.jpg,Stephen Elop said Nokia was standing on a \
http://news.bbcimg.co.uk/media/images/78894000/jpg/_78894654_78894653.jpg,Anti-fracking demonstration
http://news.bbcimg.co.uk/media/images/69519000/jpg/_69519046_69272825.jpg,South African Judge Thokozile Masipa: \
http://news.bbcimg.co.uk/media/images/60321000/jpg/_60321535_3cae8b7c-748e-4cbf-bef2-f4455c67fba0.jpg,Pig in Derby council house
http://c.files.bbci.co.uk/1519C/production/_83882468_027894194-1.jpg,"Kuwaiti security forces gather outside the Shiite Al-Imam al-Sadeq mosque after it was targeted by a suicide bombing during Friday prayers on 26 June 2015, in Kuwait City"
http://news.bbcimg.co.uk/media/images/66333000/jpg/_66333467_66333535.jpg,Union jack flying in Port Stanley
http://news.bbcimg.co.uk/media/images/48316000/jpg/_48316152_dundee1.jpg,The man's body was found at Finlathen Park in Dundee on Saturday morning
http://news.bbcimg.co.uk/media/images/65111000/jpg/_65111988_65111985.jpg,Louise Cooper said there was a \
http://news.bbcimg.co.uk/media/images/53048000/jpg/_53048763_50850069.jpg,Syrian soldier standing next to military truck hit by explosion near Deraa (9 May)
http://news.bbcimg.co.uk/media/images/56553000/jpg/_56553484_jex_1226325_de27-1.jpg,"The game almost did not happen, after dozens of the staff resigned last year"
http://news.bbcimg.co.uk/media/images/75467000/jpg/_75467885_abatterseapowerstationnightlandscape.jpg,"Battersea Power Station, London (artist impression)"
http://news.bbcimg.co.uk/media/images/64119000/jpg/_64119852_64119850.jpg,"Dido Harding, TalkTalk Chief Executive: \"
http://news.bbcimg.co.uk/media/images/80112000/jpg/_80112285_80112284.jpg,A modern tennis racquet being stress tested at the Head factory in Austria
http://news.bbcimg.co.uk/media/images/81385000/jpg/_81385782_81385780.jpg,Prince William meets a rescued elephant called \
http://news.bbcimg.co.uk/media/images/51050000/jpg/_51050288_mogadishubyviviennefranzmann(royalexchangetheatreuntil19february).photo-jonathankeenan.jpg,Vivienne Franzmann's Mogadishu
http://news.bbcimg.co.uk/media/images/53089000/jpg/_53089880_jex_1062333_de28-1.jpg,BBC's James Landale says Lord Taylor was likely to face an internal investigation by the House of Lords
http://news.bbcimg.co.uk/media/images/70357000/jpg/_70357616_70357615.jpg,Woman talking on mobile phone
http://news.bbcimg.co.uk/media/images/50849000/jpg/_50849500_fordgetty.jpg,The personal cost of buying a car can be mitigated if you also own a company
http://news.bbcimg.co.uk/media/images/68986000/jpg/_68986911_68986907.jpg,Campers on Copacabana Beach
http://c.files.bbci.co.uk/B6C0/production/_88848764_88848762.jpg,Protests against corruption on streets of Brazil - Nick Bryant reports
http://news.bbcimg.co.uk/media/images/49746000/jpg/_49746306_helenanddean.jpg,Dean and Helen Slater were travelling in a group of six motorcyclists
http://news.bbcimg.co.uk/media/images/69557000/jpg/_69557346_69557345.jpg,Patrick Bradley died in hospital after being found injured in the street
http://news.bbcimg.co.uk/media/images/58802000/jpg/_58802452_jex_1455_de34.jpg,The programme involves eight 'housemates' from different races and backgrounds
http://news.bbcimg.co.uk/media/images/58804000/jpg/_58804488_58804487.jpg,Newcastle v Wolves in the Premier League
http://news.bbcimg.co.uk/media/images/66122000/jpg/_66122055_000086495.jpg,Mr Letta had only been in post for 10 months
http://news.bbcimg.co.uk/media/images/67895000/jpg/_67895194_invaders1.jpg,Space Invaders' influence extends far beyond the video games industry
http://news.bbcimg.co.uk/media/images/82834000/png/_82834833_jonathanmarcus_315x204.png,A site hit by what activists said were air strikes by forces loyal to President Assad in Damascus
http://c.files.bbci.co.uk/E0F0/production/_88148575_88148574.jpg,David Davis is leading Tory criticism of David Cameron's EU deal
http://news.bbcimg.co.uk/media/images/48061000/jpg/_48061080_cameron_obama_reuters.jpg,David Cameron and Barack Obama
http://news.bbcimg.co.uk/media/images/67861000/jpg/_67861039_67861037.jpg,"Preet Bharara, U.S. Attorney for the Southern District of New York, describes a chart showing the global interests of Liberty Reserve"
http://news.bbcimg.co.uk/media/images/61459000/jpg/_61459476_61459475.jpg,Mr Pena Nieto is waiting to see if he will be declared president-elect
http://news.bbcimg.co.uk/media/images/65826000/jpg/_65826759_subseacontrols-pressphoto2.jpg,A Proserv technician working on the company’s subsea controls system
http://news.bbcimg.co.uk/media/images/57268000/jpg/_57268541_013504105-1.jpg,Newt Gingrich (10 December 2011)
http://news.bbcimg.co.uk/media/images/63566000/jpg/_63566102_closedshopsigns_0.jpg,Glasgow lost the largest number of shops out of all the towns and cities included in the research
http://news.bbcimg.co.uk/media/images/56555000/jpg/_56555469_013297702-1.jpg,TV screens in Malaga show Alfredo Perez Rubalcaba (right) listening to Mariano Rajoy during the televised pre-election debate in Spain on 7 November 2011
http://news.bbcimg.co.uk/media/images/61786000/jpg/_61786129_staffshosp2new226.jpg,University Hospital of North Staffordshire
http://news.bbcimg.co.uk/media/images/65170000/jpg/_65170807_45ffc5e0-cac7-4662-94ff-86b1df6e847d.jpg,Nick Robinson and MPs review PMQs
http://news.bbcimg.co.uk/media/images/56909000/jpg/_56909788_56909787.jpg,Basil D'Oliveira and his Middleton teammates
http://news.bbcimg.co.uk/media/images/55492000/jpg/_55492343_peterhouden464.jpg,Sir Peter Housden speaking to Alex Salmond and Nicola Sturgeon
http://c.files.bbci.co.uk/068A/production/_84447610_asdf.jpg,Newtown on the attack against Valletta
http://news.bbcimg.co.uk/media/images/73114000/jpg/_73114374_bannockburn_map.jpg,3D map of battle of Bannockburn
http://news.bbcimg.co.uk/media/images/64870000/jpg/_64870607_ferrets1_edit.jpg,Rescued ferrets at an RSPCA animal centre in Rochdale
http://news.bbcimg.co.uk/media/images/73535000/jpg/_73535329_180859378.jpg,More apprenticeship schemes in businesses related to cyber-security will be developed
http://news.bbcimg.co.uk/media/images/82830000/jpg/_82830528_groupshot.jpg,Sue Salvatore-Davies was reunited with 80-year-old Gladys Quirin at the reunion
http://news.bbcimg.co.uk/media/images/82584000/jpg/_82584508_82584507.jpg,Main Kazakh presidential candidate Nursultan Nazarbayev walks to casts his ballot at a polling station in Astana (26 April 2015)
http://c.files.bbci.co.uk/124FA/production/_86120057_polar2.jpg,French police order the migrants out of the polar bear's truck
http://c.files.bbci.co.uk/3C89/production/_87079451_030469833-1.jpg,"People wearing protective masks on an overpass during the evening rush hour amid the heavy smog in Beijing, 7 Dec"
http://news.bbcimg.co.uk/media/images/68288000/jpg/_68288865_ico52.jpg,Nottingham railways station will be shut for six weeks
http://news.bbcimg.co.uk/media/images/56443000/jpg/_56443069_jex_1221663_de27-1.jpg,Captain Tadeusz Wrona said he was just doing his job
http://news.bbcimg.co.uk/media/images/64884000/jpg/_64884357_hi007356165.jpg,The Scottish government said it was on track to produce 50% of demand from green energy by 2015
http://news.bbcimg.co.uk/media/images/51404000/jpg/_51404933_51404932.jpg,Bill Nighy: 'Robin Hood tax is an attempt to get the banks to pay for thing'
http://news.bbcimg.co.uk/media/images/73770000/jpg/_73770026_73768038.jpg,Chocolatier Louis Barnett left school at 11 and started supplying supermarkets in his early teens
http://news.bbcimg.co.uk/media/images/64398000/jpg/_64398955_145871805.jpg,"Port in Qingdao, east China's Shandong province"
http://news.bbcimg.co.uk/media/images/56776000/jpg/_56776126_56776125.jpg,"Neil Francis Brooks, Portable Antiquities Scheme"
http://news.bbcimg.co.uk/media/images/62505000/jpg/_62505525_62501911.jpg,Notting Hill Carnival 2012
http://c.files.bbci.co.uk/AEF0/production/_84148744_84148740.jpg,The chancellor announced a major shake up for Vehicle Excise Duty (VED)
http://news.bbcimg.co.uk/media/images/69011000/png/_69011909_vlcsnap-2013-07-29-19h21m49s13.png,Airport chief executive John Horne says the A380's visit is a 'feather in the cap'
http://news.bbcimg.co.uk/media/images/76813000/jpg/_76813933_76813932.jpg,The question of which currency an independent Scotland would adopt has become a key issue
http://news.bbcimg.co.uk/media/images/73490000/jpg/_73490320_164685384.jpg,Panicos Demetriades was appointed by Cyprus' former communist president
http://news.bbcimg.co.uk/media/images/81569000/jpg/_81569959_81569956.jpg,A Labour MP asking his last question in PMQs wants to know about the prime minister's own retirement plans.
http://news.bbcimg.co.uk/media/images/74270000/jpg/_74270352_71341219.jpg,"Path sign and path towards St Justinians, Pembrokeshire"
http://news.bbcimg.co.uk/media/images/50956000/jpg/_50956890__50636764_50636761-1.jpg,"Storage tanks on the Russia-China oil pipeline in Mohe, north-eastern China"
"http://news.bbcimg.co.uk/media/images/47997000/jpg/_47997446_butterflywing,spl.jpg",The huge network was created using the butterfly botnet kit
http://news.bbcimg.co.uk/media/images/80430000/jpg/_80430627_80430625.jpg,Shaye Matthews is one of those finding it difficult to find work
http://news.bbcimg.co.uk/media/images/71653000/jpg/_71653978_freepic-bigburnssuperlaunchem01.jpg,The three-day programme in Dumfries is one of the opening events of Homecoming Scotland 2014
http://news.bbcimg.co.uk/media/images/67184000/jpg/_67184162_laurynhill.jpg,"Lauryn Hill leaves the federal court in Newark, New Jersey"
http://news.bbcimg.co.uk/media/images/69821000/jpg/_69821570_69821569.jpg,Google staff film sea lions in Galapagos
http://news.bbcimg.co.uk/media/images/48032000/jpg/_48032995_huw_williams004.jpg,Appeal board in front of the Crook Inn
http://news.bbcimg.co.uk/media/images/47914000/jpg/_47914821_standardchartered.jpg,The majority of Standard Chartered's business is done in Asia
http://news.bbcimg.co.uk/media/images/57166000/jpg/_57166250_013466705-1.jpg,Afghan President Hamid Karzai in Berlin
http://news.bbcimg.co.uk/media/images/64530000/jpg/_64530767_v0fkcx29.jpg,Culture Secretary Maria Miller: \
http://news.bbcimg.co.uk/media/images/59792000/jpg/_59792431_blueval1reverse.jpg,Police issued an image of one of the tablets thought to have made people ill
http://news.bbcimg.co.uk/media/images/58229000/jpg/_58229207_58229206.jpg,Councillor Bob Bibby and Councillor Jim Taylor
http://news.bbcimg.co.uk/media/images/63277000/jpg/_63277710_rileyworkmam3.jpg,Lt Col Robert Riley Workman
http://c.files.bbci.co.uk/0AE8/production/_88229720_88229719.jpg,An art installation of life size whales made from willow
http://news.bbcimg.co.uk/media/images/57985000/jpg/_57985366__57904778_williammckeeney-pollokshields-1.jpg,Mr McKeeney was originally from Donegal in Ireland
http://news.bbcimg.co.uk/media/images/48381000/jpg/_48381355__38264134_gilbey300ap-1.jpg,Gilbey will be able to apply for parole from 2011
http://news.bbcimg.co.uk/media/images/59993000/jpg/_59993681_59993680.jpg,Harley Davison that washed up in Canada April 2012
http://news.bbcimg.co.uk/media/images/68757000/jpg/_68757510_craigknapp.jpg,Craig Knapp died after falling from the 10th floor of a building in Magaluf
http://news.bbcimg.co.uk/media/images/79972000/jpg/_79972863_f80f1988-7058-4698-a83b-bfecee02a34b.jpg,Relatives at Surabaya's international airport in Indonesia (29 Dec 2014)
http://news.bbcimg.co.uk/media/images/76972000/jpg/_76972003_comp.jpg,Louise Boyce and James Thomas
http://news.bbcimg.co.uk/media/images/78299000/jpg/_78299525_78299524.jpg,Shoemaker Jimmy Choo with a drawing of one of his creations
http://news.bbcimg.co.uk/media/images/51994000/jpg/_51994309_linac.jpg,The £4m Linac radiotherapy machine
http://news.bbcimg.co.uk/media/images/52634000/jpg/_52634730_cardrossseminary464.jpg,St Peter's Seminary opened in 1966 and was deconsecrated in 1980
http://c.files.bbci.co.uk/E21C/production/_86048875_de29-1.jpg,"Grab from amateur video showing explosion in background, group of activists in foreground, Ankara (10 October 2015)"
http://news.bbcimg.co.uk/media/images/81758000/jpg/_81758993_81758992.jpg,"Target has agreed to pay up to $10,000 to each successful claimant"
http://news.bbcimg.co.uk/media/images/74184000/jpg/_74184950_74184946.jpg,Narendra Modi at an election rally
http://news.bbcimg.co.uk/media/images/62492000/jpg/_62492986_015778998-1.jpg,The bus going through Henley
http://news.bbcimg.co.uk/media/images/70764000/jpg/_70764081_cin.jpg,"Tess Daly, Nick Grimshaw, Sir Terry Wogan, Fearne Cotton, Zoe Ball"
http://news.bbcimg.co.uk/media/images/73501000/jpg/_73501806_sheriffprincipalderekpylebbc.jpg,Sheriff Principal Derek Pyle
http://news.bbcimg.co.uk/media/images/60305000/jpg/_60305127_oyster.jpg,The oyster is more than 20mm wider than the previous UK record holder
http://news.bbcimg.co.uk/media/images/48329000/jpg/_48329275_sanjuan466gcdt.jpg,Chillies cultivated by Native Americans are among those entering the vault
http://news.bbcimg.co.uk/media/images/55416000/jpg/_55416937_yoghurt.jpg,The absence of fatty acids in low-fat yoghurt could play a part in increasing asthma risk.
http://news.bbcimg.co.uk/media/images/55051000/jpg/_55051175_004381487-1.jpg,"Charles Dallara, head of the Institute of International Finance"
http://news.bbcimg.co.uk/media/images/65577000/jpg/_65577772_imag0723.jpg,"Olexiy Pukach in court in Kiev, 29 January"
http://news.bbcimg.co.uk/media/images/80978000/jpg/_80978446_80978445.jpg,"A woman kisses a girl outside the mosque where the bodies of three Muslim shooting victims lay in Raleigh, NC, on 12 February"
http://c.files.bbci.co.uk/A339/production/_88158714_xes_379b37aae10d9bb0479b399315dcf98a.jpg,Staff from Phoenix Satellite Television Holdings filming
http://c.files.bbci.co.uk/F985/production/_84777836_42da121e-67e5-49d7-a9a5-3cf4fecaf1ff.jpg,Alice Liddell was 10 when Charles Dodgson made up the story of Alice in Wonderland to entertain her and her sisters
http://news.bbcimg.co.uk/media/images/58383000/jpg/_58383865_013942172-1.jpg,BHP Billiton Western Australia iron ore mine
http://news.bbcimg.co.uk/media/images/59396000/jpg/_59396971_001365288-1.jpg,Silhouette of man at petrol pump
http://news.bbcimg.co.uk/media/images/71280000/jpg/_71280845_71280535.jpg,Piles of building material on supermarket roof
http://news.bbcimg.co.uk/media/images/61609000/jpg/_61609190_hsbc.jpg,HSBC executives will appear before the Senate committee
http://news.bbcimg.co.uk/media/images/57536000/jpg/_57536410_jex_1272615_de27.jpg,"Funeral procession of Hassan Lakkis (inset), Baalbek (4 Dec)"
http://news.bbcimg.co.uk/media/images/48381000/jpg/_48381402_mayall_304.jpg,Rik Mayall as Rik in the Young Ones and Alan B'stard in the New Statesman
http://news.bbcimg.co.uk/media/images/48265000/jpg/_48265531_falcon1.jpg,The falcon was taken to the Hawk Conservancy in Andover to be treated
http://news.bbcimg.co.uk/media/images/79627000/jpg/_79627351_79634039.jpg,The River Elwy burst its banks after heavy rainfall in November 2012
http://news.bbcimg.co.uk/media/images/59835000/jpg/_59835393_emilylongley.jpg,Elliot Turner denied murder throughout the four-week trial
http://news.bbcimg.co.uk/media/images/56556000/jpg/_56556339_mikebarton.jpg,Mike Barton and his wife Bridget. Photo: Cumbria County Council
http://news.bbcimg.co.uk/media/images/58222000/jpg/_58222697_013823065-1.jpg,Nick Clegg said 'countless' countries had introduced elected second chambers without problems
http://news.bbcimg.co.uk/media/images/65458000/jpg/_65458757_fire1.jpg,Fire crews found one body in the kitchen and the other in a bedroom
http://news.bbcimg.co.uk/media/images/49561000/jpg/_49561018_wisley.jpg,Jarrett Wrisley in a Bangkok market
http://news.bbcimg.co.uk/media/images/80330000/jpg/_80330173_snowytraffic.jpg,Numerous minor accidents led to big delays on some of the main routes
http://news.bbcimg.co.uk/media/images/56329000/jpg/_56329675_-1.jpg,"Brands include Reese's Pieces, Twizzlers and its namesake chocolate bars"
http://news.bbcimg.co.uk/media/images/60177000/jpg/_60177802_8f8aad07-ff0f-4777-961e-5e538a5932ce.jpg,Problems stem from the Spanish construction boom and bust
http://news.bbcimg.co.uk/media/images/63668000/jpg/_63668762_016020022-1.jpg,Police tape at a crime scene
http://news.bbcimg.co.uk/media/images/70602000/jpg/_70602306_68jf8m1c.jpg,Lego Star Wars characters
http://news.bbcimg.co.uk/media/images/75042000/jpg/_75042776_smartgun.jpg,The Armatix iP1 is a smart gun that can only work within 10ft of its accompanying RFID-enabled watch
http://news.bbcimg.co.uk/media/images/67469000/jpg/_67469019_newport_county_win_getty.jpg,Lee Minshull and David Pipe of Newport County celebrate with the trophy after winning play-off promotion to the Football League
http://c.files.bbci.co.uk/A57B/production/_85236324_85235506.jpg,"Some 300,000 members of the Patel community attended the meeting in Ahmedabad last week"
http://news.bbcimg.co.uk/media/images/69732000/jpg/_69732879_69732878.jpg,"Although the section of road to be repaired is small (100m), drivers have a 26-mile detour via South Molton"
http://news.bbcimg.co.uk/media/images/58906000/jpg/_58906649_58906648.jpg,"Image of flooding in Weybridge in Surrey, on 10 January taken by BBC helicopter"
http://news.bbcimg.co.uk/media/images/65644000/jpg/_65644068_oldtimes.jpg,Kristin Scott Thomas and Lia Williams in Old Times
http://news.bbcimg.co.uk/media/images/51593000/jpg/_51593939_prof_christian_schwarzbauer.jpg,The imaging would be used to help guide treatment and inform relatives
http://news.bbcimg.co.uk/media/images/83451000/jpg/_83451033_83451029.jpg,The BBC's Caroline Hawley: \
http://news.bbcimg.co.uk/media/images/81448000/jpg/_81448713_weekend178483829.jpg,A Margherita pizza - a tomato base with Mozzarella
http://news.bbcimg.co.uk/media/images/79811000/jpg/_79811614_79809581.jpg,Roger Bannister (centre) with Chris Chataway (right) and Chris Brasher
http://news.bbcimg.co.uk/media/images/59452000/jpg/_59452957_014391592-1.jpg,"Protesters, Madrid 29 March"
http://news.bbcimg.co.uk/media/images/78092000/jpg/_78092076_78092075.jpg,Caroline Lucas said MPs' attitudes to drugs law were often \
http://news.bbcimg.co.uk/media/images/70178000/jpg/_70178457_70178456.jpg,Mike Hancock has been MP for Portsmouth South since 1997
http://news.bbcimg.co.uk/media/images/67922000/jpg/_67922546_59013521.jpg,"Newcastle Council believes the charge would raise £400,000 a year"
http://news.bbcimg.co.uk/media/images/58562000/jpg/_58562082_archbishopkelly_presser.jpg,Archbishop Kelly was ordained in Rome 50 years ago
http://news.bbcimg.co.uk/media/images/66028000/jpg/_66028692_inchmarlo70472669.jpg,Entrance to Inchmarlo golf resort
http://news.bbcimg.co.uk/media/images/81999000/jpg/_81999911_cinderella-2015-ball-1024x682-600x400.jpg,Cinderella (Lily James) and the Prince (Richard Madden) take to the dance floor
http://news.bbcimg.co.uk/media/images/60221000/jpg/_60221363_jex_1405224_de29-1.jpg,John Major and David Cameron
http://news.bbcimg.co.uk/media/images/81338000/jpg/_81338116_81338115.jpg,"Grieving relatives of Shabir Ahmed Gania, a suspected local militant of Hizbul Mujahideen outfit, during his funeral procession in Kashmir Feb 26, 2015."
http://news.bbcimg.co.uk/media/images/53892000/jpg/_53892814_004236027-1.jpg,Mr Hilton felt civil service conservatism was holding the government back
http://news.bbcimg.co.uk/media/images/63067000/jpg/_63067423_egypt.jpg,Interior of an ancient tomb in Egypt
http://news.bbcimg.co.uk/media/images/67025000/jpg/_67025220_67025219.jpg,First blast at Boston Marathon
http://news.bbcimg.co.uk/media/images/49177000/jpg/_49177600_morris_bbc.jpg,"People using ATM machines in Nicosia, Cyprus, 22 March 2013"
http://news.bbcimg.co.uk/media/images/59738000/jpg/_59738885_dundee-airport.jpg,Dundee Airport. Pic copyright Val Vannet and licensed for reuse under Creative Commons Licence
http://news.bbcimg.co.uk/media/images/74637000/jpg/_74637539_176622221.jpg,Neil Fyfe was cycling when he was struck by a car
http://news.bbcimg.co.uk/media/images/62948000/jpg/_62948323_62948321.jpg,Iain Duncan Smith says a scheme to get more claimants on line is going according to plan
http://news.bbcimg.co.uk/media/images/61116000/jpg/_61116088_normanmugshot.jpg,HSBC and Barclays offices in London
http://news.bbcimg.co.uk/media/images/49160000/jpg/_49160103_gnr.jpg,Runners crossing the Tyne Bridge in the Great North Run
http://news.bbcimg.co.uk/media/images/48204000/jpg/_48204942_apb.jpg,Gamers will have to pay per hour or subscribe to play APB
http://news.bbcimg.co.uk/media/images/50124000/jpg/_50124018_010546416-1.jpg,A woman on a Street View bike passes German musicians
http://news.bbcimg.co.uk/media/images/74155000/jpg/_74155972_carrie_gracie_144x104-gray.jpg,"A girl waves a Chinese flag on Tiananmen Square in Beijing on 1 October, 2014"
http://news.bbcimg.co.uk/media/images/54457000/jpg/_54457934_dsc_0250.jpg,"Members of the lesbian, gay, bisexual and transgender communities in Liverpool and across the North West descended on the docks for the annual celebrations, which attracted about 2,000 visitors."
http://news.bbcimg.co.uk/media/images/51952000/jpg/_51952543_aberdeencollege.jpg,BBC reporter Kevin Keane spoke to a small group of students at Aberdeen College
http://news.bbcimg.co.uk/media/images/67012000/jpg/_67012231_3oz79xa6.jpg,Chaidh an sgoil a chomharrachadh airson dùnadh o chionn trì bliadhna.
http://news.bbcimg.co.uk/media/images/61482000/jpg/_61482717_quitsmokingspl.jpg,Person crushing up cigarettes in their hand
http://news.bbcimg.co.uk/media/images/59883000/jpg/_59883038_keys.jpg,The schemes aim to help people who would not otherwise be able to afford to buy their own home
http://news.bbcimg.co.uk/media/images/79209000/jpg/_79209766_e702a433-9bc9-42eb-ac00-1958e10f9210.jpg,The Scottish Book Trust wants all children to be given membership of their local library
http://news.bbcimg.co.uk/media/images/76041000/jpg/_76041735_76041734.jpg,Privacy campaigners want regulators to look into the Facebook experiment
http://news.bbcimg.co.uk/media/images/57644000/jpg/_57644877_hockney-hillshousewife_466.jpg,Beverley Hills Housewife by David Hockney
http://news.bbcimg.co.uk/media/images/47702000/jpg/_47702460_kayaker.jpg,Mr Smith's disappearance sparked a major search operation
http://news.bbcimg.co.uk/media/images/71881000/jpg/_71881281_copheap.jpg,The Army Ordnance Corp soldier was on patrol on Copheap when he accidently shot the dog in 1917
http://news.bbcimg.co.uk/media/images/63833000/jpg/_63833948_cpphoto.jpg,Man's hand holding lit cigarette
http://news.bbcimg.co.uk/media/images/78798000/jpg/_78798862_78798861.jpg,Adam Nolan and Jasper were reunited on Thursday morning
http://news.bbcimg.co.uk/media/images/60302000/jpg/_60302450_ginx002.jpg,Sean McColm believes Scots will turn out in good numbers to watch the Olympic football matches at Hampden
http://news.bbcimg.co.uk/media/images/55155000/jpg/_55155374_464.jpg,"Left-right: Wuthering Heights, We Are Three Sisters, Jane Eyre"
http://news.bbcimg.co.uk/media/images/72686000/jpg/_72686083_de27.jpg,The Williams Commission last week recommended merging councils to reduce numbers from 22 to between 10 and 12
http://news.bbcimg.co.uk/media/images/48351000/jpg/_48351155_007040258-1.jpg,UK unemployment rose in the three months to April
http://news.bbcimg.co.uk/media/images/63631000/jpg/_63631667_63631300.jpg,Neil Wallis and Anne Diamond
http://news.bbcimg.co.uk/media/images/79063000/jpg/_79063396_79063395.jpg,"Victor Ponta makes a statement at his party headquarters in Bucharest, Romania on 16 November 2014"
http://news.bbcimg.co.uk/media/images/48482000/jpg/_48482515_tv000164085.jpg,Are you a code breaker? Your country needs you. Richard Westcott reports.
http://c.files.bbci.co.uk/CF04/production/_88869925_turnbull_glasses.jpg,Australian Prime Minister Malcolm Turnbull has established a trigger for a so-called double dissolution election
http://c.files.bbci.co.uk/CCE1/production/_84294425_gp_pa.jpg,GP taking someone's blood pressure
http://news.bbcimg.co.uk/media/images/68016000/jpg/_68016652_shakes464.jpg,Protein shakes and milkshakes
http://news.bbcimg.co.uk/media/images/79254000/jpg/_79254402_79245265.jpg,Cat shot with pellets. Pic: Hayle Veterinary Surgery
http://news.bbcimg.co.uk/media/images/77698000/jpg/_77698473_leannewood1.jpg,Plaid Cymru leader Leanne Wood said Wales could not be a 'spectator' in talks over the UK's future
http://news.bbcimg.co.uk/media/images/58357000/jpg/_58357067_hmsliverpool_mod_464.jpg,HMS Liverpool and Admiral Kuznetsov. Pic: Ian Simpson/MoD
http://news.bbcimg.co.uk/media/images/67792000/jpg/_67792241_candles1.jpg,Candles lit in memory of Drummer Lee Rigby
http://c.files.bbci.co.uk/4A6A/production/_84805091_84805090.jpg,The HTC One Max was released in October 2013
http://news.bbcimg.co.uk/media/images/77106000/jpg/_77106242_breivikap.jpg,Andres Behring Breivik making a salute during his trial for killing 77 people in 2011
http://news.bbcimg.co.uk/media/images/51606000/jpg/_51606876_48c62fbc-6c46-46a5-819e-7bcddf1ee919.jpg,British nuclear test in 1952
http://c.files.bbci.co.uk/D615/production/_88350845_88350844.jpg,uganda police outside FDC hq
http://news.bbcimg.co.uk/media/images/74946000/jpg/_74946083_74946082.jpg,"Anthony Loyd, reporter for The Times"
http://news.bbcimg.co.uk/media/images/70318000/jpg/_70318119_bloom.jpg,"Jan Roger Lerbukt, the owner of the trawler, the Hermes, would vote 'no' to the EU if he were asked now"
http://news.bbcimg.co.uk/media/images/71318000/jpg/_71318406_71318405.jpg,Boy protests in support of Huda and Arafat outside court in Sanaa - 24 November
http://news.bbcimg.co.uk/media/images/69635000/jpg/_69635708_getty_miley.jpg,Miley Cyrus and Robin Thicke
http://c.files.bbci.co.uk/CE62/production/_85243825_de27.jpg,A Zambian vendor outside a wholesale store in China
http://news.bbcimg.co.uk/media/images/54236000/jpg/_54236911_54236910.jpg,The department says civil servants were discussing bureaucracy not jobs
http://news.bbcimg.co.uk/media/images/49125000/jpg/_49125747_010177516-1.jpg,Mr Geithner says China's currency is significantly undervalued and needs to rise more quickly
http://news.bbcimg.co.uk/media/images/64595000/jpg/_64595017_saraege_walesnews.jpg,Sara Ege had denied the murder in July 2010
http://news.bbcimg.co.uk/media/images/71106000/jpg/_71106259_71106255.jpg,"Sir Cliff Richard fan, Jean Sadler, says she has been to hundreds of his concerts and has not missed one of his tours"
http://news.bbcimg.co.uk/media/images/74208000/jpg/_74208298_74208297.jpg,John Lewis managing director Andy Street: \
http://news.bbcimg.co.uk/media/images/63423000/jpg/_63423478_63423477.jpg,"Masked police in Torcy, Paris"
http://news.bbcimg.co.uk/media/images/64715000/jpg/_64715384_harriss_hawk_1.jpg,Harris hawks are one of the most popular hawks for falconry
http://news.bbcimg.co.uk/media/images/65810000/jpg/_65810397_65810395.jpg,The BBC's Lizo Mzimba spoke to Les Miserables star Hugh Jackman ahead of the ceremony
http://news.bbcimg.co.uk/media/images/73029000/jpg/_73029436_photo.jpg,Greek economy minister Giorgos Stathakis: 'Banks have cash for a number of days'
http://news.bbcimg.co.uk/media/images/53305000/jpg/_53305555_wii_u_getty_u2.jpg,The BBC's David Gregory has been playing Nintendo's new console at the E3 gaming show in Los Angeles.
http://news.bbcimg.co.uk/media/images/50748000/jpg/_50748607_009309924-1.jpg,"Fire boats battle a fire at the off shore oil rig Deepwater Horizon April 22, 2010"
http://news.bbcimg.co.uk/media/images/81746000/jpg/_81746619_corbis_romero10000.jpg,Witness: Archbishop Oscar Romero
http://news.bbcimg.co.uk/media/images/76862000/jpg/_76862332_sea.jpg,Male white-tailed sea eagle chick
http://news.bbcimg.co.uk/media/images/56853000/jpg/_56853864_yodel_businesswire.jpg,The company said many areas were being served by two depots following an earlier merger
http://news.bbcimg.co.uk/media/images/48584000/jpg/_48584879_hargreaves.jpg,Lucy Hargreaves was shot and set alight in 2005
http://news.bbcimg.co.uk/media/images/59870000/jpg/_59870644_138518525.jpg,Hyundai car on display in China
http://news.bbcimg.co.uk/media/images/63823000/jpg/_63823044_63823043.jpg,"Photograph posted online purportedly showing aftermath of fire at wedding in Abqaiq, Saudi Arabia (31 October 2012)"
http://c.files.bbci.co.uk/87A3/production/_84032743_tomosmorganpic2.jpg,"Fish, fruit and roadside camping - life on the road for the BBC reporter"
http://c.files.bbci.co.uk/EC07/production/_88232406_officeimage.jpg,Which office personality are you?
http://news.bbcimg.co.uk/media/images/61246000/jpg/_61246234_yolandewaddingtonschoolphoto.jpg,Yolande Waddington was last seen alive on 28 October 1966
http://news.bbcimg.co.uk/media/images/60467000/jpg/_60467177_breivik24may.jpg,"Anders Behring Breivik arrives in court on 24 May 2012, with judge"
http://news.bbcimg.co.uk/media/images/59124000/jpg/_59124354_reevel112x63.jpg,Asian mother and daughter
http://news.bbcimg.co.uk/media/images/57943000/jpg/_57943181_sidgolf.jpg,Former army major John Trench said he is \
http://news.bbcimg.co.uk/media/images/71116000/jpg/_71116145__70070147__757726_saughton300-1-1.jpg,Andrew Kinloch and James Quinn caused an armed siege at Saughton Prison
http://news.bbcimg.co.uk/media/images/75125000/jpg/_75125007_niniancentral.jpg,"Malcolm Webb, Oil and Gas UK: \"
http://news.bbcimg.co.uk/media/images/59525000/jpg/_59525969_ryanair.jpg,Melvin and Jacqueline Frater were among 134 passengers on the flight
http://news.bbcimg.co.uk/media/images/72151000/jpg/_72151205_100_2478.jpg,James Dunleavy denies killing his mother Philomena
http://news.bbcimg.co.uk/media/images/49460000/jpg/_49460526_010392031-1.jpg,Ms Mahmod's body was found in a suitcase
http://news.bbcimg.co.uk/media/images/54166000/jpg/_54166729_pa.jpg,A detail of the Olympic torch
http://news.bbcimg.co.uk/media/images/57403000/jpg/_57403543_013554390-1.jpg,Candles lit in tribute to Vaclav Havel in Prague. 18 Dec 2011
http://news.bbcimg.co.uk/media/images/51351000/jpg/_51351903_050-2.jpg,Voters in Barnsley Central will go to the polls on 3 March to choose their new MP
http://news.bbcimg.co.uk/media/images/59340000/jpg/_59340660_ica_digital.jpg,"Simon Denny: Those who don't change will be switched off, 2012. Digital collage from transmission switchover advertising"
http://news.bbcimg.co.uk/media/images/69913000/jpg/_69913212_008148651-1.jpg,"There's concern some ecstasy pills contain the stronger Class A drug, PMA."
http://news.bbcimg.co.uk/media/images/65410000/jpg/_65410446_6laju4fj.jpg,People making financial transactions
http://news.bbcimg.co.uk/media/images/54026000/jpg/_54026114_fishmarketgroupgetty.jpg,Fish packed in ice (Getty Images)
http://news.bbcimg.co.uk/media/images/64241000/jpg/_64241726_64241723.jpg,Mabel Endicott lighting her heater
http://news.bbcimg.co.uk/media/images/79218000/jpg/_79218379_dfbab9ea-a010-497d-8200-ca485944b697.jpg,"Jamie Read (left), Jordan Matson (centre) and James Hughes (right)"
http://news.bbcimg.co.uk/media/images/71102000/jpg/_71102196_71099603.jpg,"Emily Buchanan looks at the trail of destruction across the Philippines, and what is making the relief effort so difficult"
http://news.bbcimg.co.uk/media/images/52737000/jpg/_52737620_011991121-1.jpg,Dominique Strauss-Kahn escorted by policemen (15 May 2011)
http://news.bbcimg.co.uk/media/images/51650000/jpg/_51650752_jex_984374_de34-1.jpg,Attendees at the South by Southwest Interactive Festival discuss their favourite apps
http://news.bbcimg.co.uk/media/images/56297000/jpg/_56297828_007678906-1.jpg,Woman using mobile phone and laptop
http://news.bbcimg.co.uk/media/images/57568000/jpg/_57568948_57568945.jpg,Opposition protesters in Yemen (25 December 2011)
http://news.bbcimg.co.uk/media/images/69287000/jpg/_69287939_private.jpg,Melvyn Teare is campaigning against Hunston Properties' development proposals
http://news.bbcimg.co.uk/media/images/50371000/jpg/_50371853_twitter.jpg,Twitter was founded in 2006 and now claims tens of millions of users around the globe
http://news.bbcimg.co.uk/media/images/66684000/jpg/_66684361_egyptcartoon.jpg,The case has highlighted growing concerns over freedom of speech in Egypt
http://news.bbcimg.co.uk/media/images/48914000/jpg/_48914996_jex_792875_de27-1.jpg,The attempt to make 1km-long pizza
http://news.bbcimg.co.uk/media/images/49296000/jpg/_49296470_caine1_bodygetty.jpg,Sir Michael said he stopped writing his novel after the 9/11 attacks
http://news.bbcimg.co.uk/media/images/75146000/jpg/_75146866_oilts.jpg,"The Scottish government's forecasts remain more optimistic that those of the Office for Budget Responsibility, which was set up by the UK government"
http://news.bbcimg.co.uk/media/images/54651000/jpg/_54651879_012670558-1.jpg,Investors worry that Swiss exporters like Swatch may be hurt by the strength of the franc
http://news.bbcimg.co.uk/media/images/83121000/jpg/_83121510_83121509.jpg,"Bryan Cranston as Walter White, left, and Aaron Paul as Jesse Pinkman in a scene from Breaking Bad"
http://news.bbcimg.co.uk/media/images/58330000/jpg/_58330921_lesebdon.jpg,Business Secretary Vince Cable said Professor Ebdon was the right man for the job.
http://c.files.bbci.co.uk/1C17/production/_88619170_88617330.jpg,Babur Karamat Raja and Natalie Querioz
http://news.bbcimg.co.uk/media/images/80189000/jpg/_80189872_oliverdixon.jpg,Leader Barry Thomas said the partnership would bring \
http://news.bbcimg.co.uk/media/images/71104000/jpg/_71104208_sachinfan.jpg,Fans are gearing to pay an emotional farewell to cricket maestro Sachin Tendulkar
http://news.bbcimg.co.uk/media/images/48226000/jpg/_48226153_009711271-1.jpg,The yacht Bloodhound was bought by the Queen and Duke of Edinburgh in 1962
http://news.bbcimg.co.uk/media/images/67572000/jpg/_67572249_day144x104-gray.jpg,Linus van Pelt (left) and his friends from the Peanuts comic strip
http://news.bbcimg.co.uk/media/images/54515000/jpg/_54515353_riotpolicebirmingham2.jpg,Police with riot gear gather close to Birmingham's Mailbox
http://news.bbcimg.co.uk/media/images/48386000/jpg/_48386925_jex_753243_de27-1.jpg,Shares in Agricultural Bank of China have opened up just over 1% as they started trading in Hong Kong.
http://news.bbcimg.co.uk/media/images/57076000/jpg/_57076272_007686012-1.jpg,"Yvette Cooper, the shadow home secretary: \"
http://c.files.bbci.co.uk/4089/production/_86112561_ikea.png,Ikea's first UK store opens in Warrington
http://news.bbcimg.co.uk/media/images/54625000/jpg/_54625328_a+epic.jpg,Edwin Poots said the changes to A&E services must be made to maintain safety standards
http://news.bbcimg.co.uk/media/images/49927000/jpg/_49927172_010636773-1.jpg,The news of Aung San Suu Kyi's release has been welcomed in the UK
http://news.bbcimg.co.uk/media/images/53007000/jpg/_53007300_104352956-2.jpg,Augusta Bell 212 helicopters in Austria on 22 September 2010
http://news.bbcimg.co.uk/media/images/72528000/jpg/_72528202_submarine_rtr.jpg,Sunday Times and Observer front page 26/1/14
http://news.bbcimg.co.uk/media/images/69581000/jpg/_69581451_de27.jpg,Rededication of the train
http://news.bbcimg.co.uk/media/images/57365000/jpg/_57365382_maggies_aberdeen.jpg,Image of planned Maggie's in Aberdeen
http://news.bbcimg.co.uk/media/images/77814000/jpg/_77814742_kiss_reuters.jpg,"A sculpture based on the famous Times Square VJ Day kiss is installed in Caen, France."
http://news.bbcimg.co.uk/media/images/78392000/jpg/_78392411_eyeqcx03.jpg,Mortgage application form
http://news.bbcimg.co.uk/media/images/60839000/jpg/_60839956_014957256-1.jpg,Woman looking at job vacancies
http://news.bbcimg.co.uk/media/images/78761000/jpg/_78761269_78756944.jpg,Ros Atkins at OS big board
http://news.bbcimg.co.uk/media/images/73787000/jpg/_73787681_021655400.jpg,Scene of mudslide. 24 March 2014
http://news.bbcimg.co.uk/media/images/82602000/jpg/_82602137_darrenthomas.jpg,"Darren Thomas, 45, was stabbed while he slept in his cell in HM Prison Cardiff"
http://c.files.bbci.co.uk/13A52/production/_85866408_85866407.jpg,GP checking a patient's blood pressure
http://news.bbcimg.co.uk/media/images/66559000/jpg/_66559006_66559005.jpg,"Pier Luigi Bersani, 21 March 2013"
http://news.bbcimg.co.uk/media/images/62536000/jpg/_62536180_015795719-1.jpg,Windows boarded up in New Orleans
http://news.bbcimg.co.uk/media/images/67574000/jpg/_67574462_april1.jpg,Forensics expert Emma Howes said there was a \
http://news.bbcimg.co.uk/media/images/47944000/jpg/_47944592_medtronics_steath_station_4.jpg,Medtronic Navigation equipment
http://news.bbcimg.co.uk/media/images/63527000/jpg/_63527796_chanel.jpg,Model wearing Chanel clothing made by Barrie Knitwear
http://news.bbcimg.co.uk/media/images/65501000/jpg/_65501413_ab4.jpg,Scene from The Secret River
http://c.files.bbci.co.uk/6C47/production/_85691772_caricatures.jpg,Caricatures of Carwyn Jones and Jeremy Corbyn
http://news.bbcimg.co.uk/media/images/68086000/jpg/_68086053_yogita.jpg,Chandu Halwai - photographs of forefathers
http://news.bbcimg.co.uk/media/images/73258000/jpg/_73258496_16e252b9-5954-40e6-b293-754094ab9fc5.jpg,Derbyshire Dales District Council closed the toilets two years ago
http://news.bbcimg.co.uk/media/images/68098000/jpg/_68098580_68098579.jpg,Iranian former Vice-President Mohammad Reza Aref
http://news.bbcimg.co.uk/media/images/74362000/jpg/_74362633_162675439-1.jpg,A KFC bag containing a chicken wing
http://news.bbcimg.co.uk/media/images/70072000/jpg/_70072652_byelectioncandidates614.jpg,Dunfermline by-election candidates
http://c.files.bbci.co.uk/4C02/production/_83785491_03f22f1e-2ef8-4176-95e6-c0e9b7c1cb81.jpg,Urthecast already operates a hi-res video camera on the International Space Station
http://c.files.bbci.co.uk/DAE2/production/_83843065_83842473.jpg,Mark Easton reports on the rise in homeless families and children
http://news.bbcimg.co.uk/media/images/79516000/jpg/_79516979_moth.jpg,Shaun Moth posted abuse about Mikaeel Kular on Facebook
http://c.files.bbci.co.uk/17160/production/_88306549_1325dff90acbaea373d5e321102aa74b.jpg,Media and police at the Patiala court house
http://news.bbcimg.co.uk/media/images/78080000/jpg/_78080601_164619185.jpg,The apparent university card of Tarik Hassane
http://news.bbcimg.co.uk/media/images/64128000/jpg/_64128035_64128034.jpg,Man holding head in hands
http://news.bbcimg.co.uk/media/images/59830000/jpg/_59830413_utah_trap.jpg,Footage shows a 20-lb (9-kg) spiked boulder rigged to swing at head height
http://news.bbcimg.co.uk/media/images/66065000/jpg/_66065626_osbornerates.jpg,Chancellor George Osborne
http://news.bbcimg.co.uk/media/images/80440000/jpg/_80440246_ek5i2wgq.jpg,The £2.9bn payment will eventually be reduced by refunds and rebates
http://news.bbcimg.co.uk/media/images/66753000/jpg/_66753142_dsc_0068.jpg,"The Easter Island of popular imagination is green, lush, wild and famous for its monumental statues"
http://news.bbcimg.co.uk/media/images/80937000/jpg/_80937827_sturgeon_speech.jpg,Nicola Sturgeon sets out her alternative to what she described as the coalition UK government's \
http://news.bbcimg.co.uk/media/images/50744000/jpg/_50744373_010951356-1.jpg,"Yellow-shirt activist Veera Somkwamkid (2nd L) has been charged with espionage, reports say"
http://news.bbcimg.co.uk/media/images/66976000/jpg/_66976181_66976180.jpg,"The International Criminal Court (ICC) in The Hague, file pic from 2011"
http://news.bbcimg.co.uk/media/images/61432000/jpg/_61432938_001008551-1.jpg,General synod of the Church of England
http://news.bbcimg.co.uk/media/images/68340000/jpg/_68340317_68340314.jpg,Andrew Neil and Christine Blower
http://news.bbcimg.co.uk/media/images/53513000/jpg/_53513108_000064254-1.jpg,Cross and clothing of Church of England Bishop
http://news.bbcimg.co.uk/media/images/66936000/jpg/_66936722_66936721.jpg,"A police officer holds a rifle in Suwanee, Georgia 10 April 2013"
http://news.bbcimg.co.uk/media/images/59564000/jpg/_59564187_hmsqehull.jpg,A fleet of remote controlled transporters were used to move the sections
http://news.bbcimg.co.uk/media/images/68959000/jpg/_68959082_68959081.jpg,A supporter of Egypt's Islamist President Mohammed Morsi in front pictures of President Mohammed Morsi at Nasr City
http://news.bbcimg.co.uk/media/images/78304000/png/_78304428_southscottstreet.png,The attack took place on South Scott Street in Baillieston on Wednesday night
http://c.files.bbci.co.uk/14AA2/production/_86324648_86324644.jpg,A close-up of tofu production
http://news.bbcimg.co.uk/media/images/72626000/jpg/_72626349_72626348.jpg,Russia's Putin and Swiss President Didier Burkhalter in Moscow on 7 May 2014
http://news.bbcimg.co.uk/media/images/57817000/jpg/_57817393_336_pa_flowers.jpg,flowers by road crash site
http://news.bbcimg.co.uk/media/images/79218000/jpg/_79218787_tv024855767.jpg,"In a file photo taken on November 13, 2014, students sit the annual College Scholastic Ability Test, or college entrance exam, at the Poongmun high school in Seoul."
http://news.bbcimg.co.uk/media/images/78717000/jpg/_78717844_glenochilbyrichardwebb.jpg,Police Scotland is investigating the attack at the prison near Tullibody
http://news.bbcimg.co.uk/media/images/79307000/jpg/_79307244_flag_eu_wales_thinkstock.jpg,Wales has qualified for the EU funding the third time in a row
http://news.bbcimg.co.uk/media/images/74437000/jpg/_74437668_stephen.jpg,The Teenage Cancer Trust said Stephen Sutton's fundraising campaign would make a \
http://c.files.bbci.co.uk/16911/production/_88633429_de05.jpg,Copy of e-mail sent by Edward Lister
http://news.bbcimg.co.uk/media/images/82790000/jpg/_82790252_mini3.jpg,Mini's X-ray vision glasses
http://news.bbcimg.co.uk/media/images/76411000/jpg/_76411939_76411937.jpg,The oddities of the City of London
http://news.bbcimg.co.uk/media/images/68493000/jpg/_68493306_india.jpg,Worker at Indian drug company
http://news.bbcimg.co.uk/media/images/71617000/jpg/_71617515_gas.rings.pa.jpg,pensioner has cup of tea by the fire
http://news.bbcimg.co.uk/media/images/48979000/jpg/_48979286_jex_798093_de27-1.jpg,Christchurch resident Marg McCone told the BBC the quake was quite severe and went on for a considerable amount of time
http://news.bbcimg.co.uk/media/images/65044000/jpg/_65044124_65044123.jpg,Representative Peter King (l) on Capitol Hill on the evening of 1 January 2013
http://news.bbcimg.co.uk/media/images/62389000/jpg/_62389752_62389769.jpg,George Galloway said he believed Mr Assange had been \
http://news.bbcimg.co.uk/media/images/77465000/jpg/_77465976_77465974.jpg,"Society has not recognised the prevalence of mental ill health, says Chief Medical Officer Dame Sally Davies"
http://c.files.bbci.co.uk/13E61/production/_85450518_p6800679-human_blastocyst-spl.jpg,Prof Emmanuelle Charpentier
http://news.bbcimg.co.uk/media/images/76919000/jpg/_76919393_sinjar976_reut.jpg,Refugees flee to the Syrian border
http://news.bbcimg.co.uk/media/images/77480000/jpg/_77480139_77480137.jpg,Meredydd Hughes was chief constable of South Yorkshire Police from 2004-11
http://c.files.bbci.co.uk/139FE/production/_87028308_takata.jpg,About 24.5 million Honda vehicles with Takata airbags have been recalled since 2008
http://news.bbcimg.co.uk/media/images/72566000/jpg/_72566202_robot1024.jpg,"A world wide web for robots, dubbed RoboEarth, could help machines share information and learn new skills."
http://news.bbcimg.co.uk/media/images/54010000/jpg/_54010212_children.jpg,"Elise and Harry, aged two and three, appeared to have been asphyxiated"
http://news.bbcimg.co.uk/media/images/74176000/jpg/_74176212_starbucks1920.jpg,Sameer Hashmi reports from Mumbai on the business of investing in India
http://news.bbcimg.co.uk/media/images/48282000/jpg/_48282410_009048642-1.jpg,US authorities want Mr Naseer to face trial
http://news.bbcimg.co.uk/media/images/67856000/jpg/_67856320_67856319.jpg,Torah scroll found in University of Bologna library
http://news.bbcimg.co.uk/media/images/49119000/jpg/_49119066_49119063.jpg,Richard Holbrooke in camp set up for displaced people in Makli area of Sindh province
http://news.bbcimg.co.uk/media/images/56589000/jpg/_56589074_jex_1227203_de27-1.jpg,Network Rail's Dyan Crowther: 'There are six to eight incidents a day and an increasing trend which is a risk to our network'
http://news.bbcimg.co.uk/media/images/60722000/jpg/_60722615_raiders_presser.jpg,The raid was captured on a mobile phone
http://news.bbcimg.co.uk/media/images/58588000/jpg/_58588194_013818870-1.jpg,Scots singer Emeli Sande's track Next To Me also reached number two in the singles chart
http://news.bbcimg.co.uk/media/images/81476000/jpg/_81476400_81476399.jpg,"Some family members have been blocked from social media after speaking out, as John Sudworth reports"
http://c.files.bbci.co.uk/14D79/production/_86396358_planef.jpg,Plane caught fire in Fort Lauderdale
http://news.bbcimg.co.uk/media/images/83660000/jpg/_83660998_canna.jpg,Canna is the most westerly island of the Small Isles
http://news.bbcimg.co.uk/media/images/48192000/jpg/_48192267_48192268.jpg,Fans at Castlefield arena
http://news.bbcimg.co.uk/media/images/63983000/jpg/_63983667_zt9o5n3u.jpg,reflection in comet window
http://news.bbcimg.co.uk/media/images/52631000/jpg/_52631019_011763078-2.jpg,"Newly-trained riot police show their skills in Adreskan, Herat province. 14 April 2011"
http://news.bbcimg.co.uk/media/images/62837000/jpg/_62837729_csc_0173(2).jpg,A man carries a fish along a plank in the sea
http://news.bbcimg.co.uk/media/images/48617000/jpg/_48617284_005237336-1.jpg,The Scottish volume of retail sales was lower than the UK as a whole
http://news.bbcimg.co.uk/media/images/56115000/jpg/_56115304_jamescook.jpg,The final decision on Trident renewal is due in 2016
http://news.bbcimg.co.uk/media/images/81694000/jpg/_81694498_79263087.jpg,People inspect a mosque in Raqqa after it was hit in what activists said was a Syrian government air strike on 25 November 2014
http://news.bbcimg.co.uk/media/images/49480000/jpg/_49480128_jex_835604_de27-1.jpg,Rescuer greets trapped Chilean miners underground
http://news.bbcimg.co.uk/media/images/52330000/jpg/_52330596_fire_engine_gv_bbc.jpg,CCTV on the fire engines has helped save thousands of pounds
http://news.bbcimg.co.uk/media/images/78048000/jpg/_78048670_twinpeaksrex_1024.jpg,Sheryl Lee as Laura Palmer in Twin Peaks
http://news.bbcimg.co.uk/media/images/58117000/jpg/_58117947_plaidfourshot.jpg,"Elin Jones, Lord Elis Thomas, Simon Thomas and Leanne Wood are vying to become Plaid Cymru leader"
http://news.bbcimg.co.uk/media/images/73819000/jpg/_73819692_nightrender01.jpg,V&A Dundee exterior by night
http://news.bbcimg.co.uk/media/images/66042000/jpg/_66042387_017316032.jpg,Actress Jennifer Lawrence accepts the best female lead award for Silver Linings Playbook at the 2013 Film Independent Spirit Awards
http://news.bbcimg.co.uk/media/images/67206000/jpg/_67206214_takingdrivinglessons.jpg,Agatha climbing into a car.
http://news.bbcimg.co.uk/media/images/60142000/jpg/_60142883_christinepeters02.jpg,Christine Peters had eight children in her home on the day she was stabbed
http://news.bbcimg.co.uk/media/images/71573000/jpg/_71573407_71573406.jpg,"Abu Omar, also known as Hassan Mustafa Osama Nasr, in Egypt (April 2007)"
http://news.bbcimg.co.uk/media/images/73478000/jpg/_73478694_aledavies_pa.jpg,"Queen Elizabeth II places her message to the Commonwealth Games in the Commonwealth Games Baton, during its launch ceremony"
http://news.bbcimg.co.uk/media/images/67724000/jpg/_67724485_67724483.jpg,"Maria Miller, Shaun Woodward, Tim Loughton, Nick Herbert and Sir Gerald Howarth in the Same Sex Marriage Bill debate"
http://news.bbcimg.co.uk/media/images/80391000/jpg/_80391101_osborne_pa.jpg,George Osborne said the Scottish government would have to bear the consequences of using its new powers
http://news.bbcimg.co.uk/media/images/48405000/jpg/_48405815_m810325-caesarean_baby-spl.jpg,The new framework will eventually cover most NHS work
http://news.bbcimg.co.uk/media/images/80829000/jpg/_80829096_stephendornan.jpg,Mr Dornan is a councillor for the Govan ward
http://news.bbcimg.co.uk/media/images/78052000/jpg/_78052704_npb1pknt.jpg,Nick Clegg at Q&A session at Lib Dem party conference in Glasgow on 6 October 2014
http://news.bbcimg.co.uk/media/images/52208000/jpg/_52208381_foos2_464ap.jpg,Dave Grohl (left) of Foo Fighters was formerly the drummer with Nirvana
http://news.bbcimg.co.uk/media/images/83384000/jpg/_83384574_14a.jpg,"Lying on the Gulf of Aden opposite Yemen, Berbera was once a centre of maritime trade between the Horn of Africa interior and the Middle East."
http://news.bbcimg.co.uk/media/images/71257000/jpg/_71257578_71257577.jpg,"An alleged rape victim in Mogadishu, Somalia - December 2012"
http://news.bbcimg.co.uk/media/images/47726000/jpg/_47726409_wills_226.jpg,"Many people fail to write a Will, according to research"
http://news.bbcimg.co.uk/media/images/66938000/jpg/_66938069_emmalewell-buck.jpg,Emma Lewell-Buck said South Shields needed an MP who would stand up for the town
http://news.bbcimg.co.uk/media/images/65959000/jpg/_65959447_65959446.jpg,Airport security guards and officials stand near an entrance to the runway at Zaventem international airport near Brussels on Tuesday following the diamond theft
http://c.files.bbci.co.uk/4342/production/_84581271_84581270.jpg,"Reece Dunford and, clockwise from top left: Danny St Luce, David Mays, Yair Cohen, Patrick Spencer O'Brien, Boz Burbridge and Vincent Kamara"
http://news.bbcimg.co.uk/media/images/77538000/jpg/_77538824_paparockyafp.jpg,Papa Rocky (left) and another member of the Nyabinghi Rastafarian mansion
http://news.bbcimg.co.uk/media/images/67737000/jpg/_67737238_67737237.jpg,Baby boy balloon carried by Rooneys
http://news.bbcimg.co.uk/media/images/67434000/jpg/_67434552_67434551.jpg,Demonstration in Paris - 5 May
http://c.files.bbci.co.uk/13592/production/_88605297_88604650.jpg,Boris Johnson says Mr Longworth was expressing a \
http://news.bbcimg.co.uk/media/images/63079000/jpg/_63079616_63079612.jpg,Danielle Wilson and Martin Stammers
http://news.bbcimg.co.uk/media/images/48274000/jpg/_48274429_-65.jpg,Pc Mike Silcock was off-duty when the car hit him
http://c.files.bbci.co.uk/2D14/production/_83904511_83904510.jpg,Lord Janner's family has said he is \
http://news.bbcimg.co.uk/media/images/81532000/jpg/_81532293_obama.jpg,US president Barack Obama commenting on Republicans' open letter to Iran's leaders
http://news.bbcimg.co.uk/media/images/65962000/jpg/_65962210_andrewmackay.jpg,Andrew Mackay died after his car crashed on Monday
http://news.bbcimg.co.uk/media/images/48586000/jpg/_48586322_007120531-1.jpg,The BBC's catch-up service iPlayer has been very popular
http://c.files.bbci.co.uk/5D10/production/_85242832_85242830.jpg,Ladbrokes in Morningside Road
http://news.bbcimg.co.uk/media/images/63152000/jpg/_63152975_seethroughsoil.jpg,"The transparent soil has the same ability to retain water, hold nutrients and sustain plant growth as the real thing"
http://news.bbcimg.co.uk/media/images/64520000/jpg/_64520892_56316310.jpg,The Gur Emir Mausoleum in Samarkand holds Tamerlane's tomb
http://news.bbcimg.co.uk/media/images/77785000/jpg/_77785500_44715422.jpg,There have been recent job losses in the industry
http://news.bbcimg.co.uk/media/images/68493000/jpg/_68493505_018441858.jpg,Soyuz-2 rocket at the Russian leased Baikonur cosmodrome in Kazakhstan on 25 June
http://news.bbcimg.co.uk/media/images/55409000/jpg/_55409715_006731077-1.jpg,South Sudanese People Liberation Army (SPLA) soldier patrols in Malakal on 21 January 2014
http://news.bbcimg.co.uk/media/images/51926000/jpg/_51926348_smlzawzawlandscape.jpg,"Zaw Zaw now lives and works in Bangkok, and helps others who are trying to escape"
http://c.files.bbci.co.uk/F345/production/_85477226_beyrl976.jpg,Beryl Renwick won a Sony Radio Award for the best entertainment show in 2012
http://news.bbcimg.co.uk/media/images/70158000/jpg/_70158671_childdrink.jpg,Nine-year-old boy drinking (model)
http://news.bbcimg.co.uk/media/images/82037000/jpg/_82037649_hi026454549.jpg,"Elephants in Gorongosa park, Mozambique"
http://news.bbcimg.co.uk/media/images/80228000/jpg/_80228448_460106701.jpg,"The report found the UK economy was more open and go-ahead because of the EU, as Robert Peston reports"
http://news.bbcimg.co.uk/media/images/74918000/jpg/_74918445_74918444.jpg,A gunman stands guard at the militia camp attacked by Khalifa Haftar's forces in Benghazi - 16 May 2014
http://news.bbcimg.co.uk/media/images/53909000/jpg/_53909663_wood2_464reuters.jpg,Guitarist-turned-broadcaster Wood was also recognised at the Sony radio awards in May
http://news.bbcimg.co.uk/media/images/55018000/jpg/_55018379_climbers_goretex_464.jpg,Julia Snihur and Helena Robinson
http://news.bbcimg.co.uk/media/images/64634000/jpg/_64634479_64634477.jpg,Havana Energy Chief Executive Andrew Macdonald shows Sarah Rainsford around the sugar mill and plantation
http://news.bbcimg.co.uk/media/images/57639000/jpg/_57639810_57639809.jpg,Sahar Gul was locked in a basement and tortured
http://news.bbcimg.co.uk/media/images/68445000/jpg/_68445018_protest.jpg,Anti-Morsi protest in Cairo
http://news.bbcimg.co.uk/media/images/74847000/jpg/_74847217_ec1c7618-f6cd-40a8-972b-4a9a3796d41e.jpg,Stephen Sutton raised more than £3.2m for the Teenage Cancer Trust
http://news.bbcimg.co.uk/media/images/60422000/jpg/_60422994_jex_1414022_de27-1.jpg,DJ Charles turns his hand to turntables
http://news.bbcimg.co.uk/media/images/68578000/jpg/_68578183_6.jpg,Some of the tablets are green with a Rolex Crown logo on them
http://news.bbcimg.co.uk/media/images/69010000/jpg/_69010564_016492231-1.jpg,Hospital reorganisation plans are facing strong local opposition
http://news.bbcimg.co.uk/media/images/78414000/jpg/_78414975_whitlam.jpg,Australian Prime Minister Gough Whitlam in 2003
http://news.bbcimg.co.uk/media/images/76120000/jpg/_76120419_rnbrhx7e.jpg,Abdullah Abdullah in Kabul (8 July)
http://news.bbcimg.co.uk/media/images/66706000/jpg/_66706346_66706344.jpg,Cern Technical Coordinator Katy Foraz
http://news.bbcimg.co.uk/media/images/54700000/jpg/_54700577_003004673-1.jpg,twin towers burns in the background
http://news.bbcimg.co.uk/media/images/70318000/jpg/_70318116_milligan.jpg,"Home Stretch the estate where prices have increased by 7,000%"
http://news.bbcimg.co.uk/media/images/73723000/jpg/_73723899_pen1024.jpg,A child using a vibrating pen
http://news.bbcimg.co.uk/media/images/64119000/jpg/_64119913_56988255.jpg,Police officer speaking into walkie talkie
http://news.bbcimg.co.uk/media/images/55422000/jpg/_55422447_ford.jpg,"Paul Laznante, shows the BBC around a Ford GT40 which won at Le Mans"
http://news.bbcimg.co.uk/media/images/54415000/jpg/_54415559_wigtown_show.jpg,Livestock being shown at an agricultural show
http://news.bbcimg.co.uk/media/images/61587000/jpg/_61587685_015096083-1.jpg,India's central bank has previously cited high inflation as the reason for not easing its policies
http://news.bbcimg.co.uk/media/images/59608000/jpg/_59608421_david-suchet1.jpg,David Suchet in Long Day's Journey into Night (photo: Johan Persson)
http://c.files.bbci.co.uk/AFF8/production/_86884054_carehome.jpg,Not enough people are being diagnosed in Wales according to the Alzheimer's Society
http://c.files.bbci.co.uk/4715/production/_85379181_open.jpg,Hospital managers and doctors
http://news.bbcimg.co.uk/media/images/68016000/jpg/_68016893_janetarcher.jpg,Janet Archer will take up her post in July
http://news.bbcimg.co.uk/media/images/64204000/jpg/_64204457_cars3.jpg,Violent winds brought down power lines and caused severe flooding and major damage
http://news.bbcimg.co.uk/media/images/48459000/jpg/_48459579_009779534-1.jpg,Igor Sutyagin (2004 picture)
http://news.bbcimg.co.uk/media/images/75658000/jpg/_75658066_75658064.jpg,Jonathan Beale reports: ''Some people are now desperate to leave Baghdad''
http://news.bbcimg.co.uk/media/images/79305000/jpg/_79305254_philippines.jpg,The Philippines economy saw the slowest pace of growth in the third quarter since 2011.
http://news.bbcimg.co.uk/media/images/73869000/jpg/_73869357_index28.jpg,Composite image of Daily Mirror and Metro front pages
http://news.bbcimg.co.uk/media/images/54170000/jpg/_54170316_jex_1113475_de27-1.jpg,Jeremy Hunt: 'Discussions the prime minister had on the BSkyB deal were irrelevant'
http://news.bbcimg.co.uk/media/images/77214000/jpg/_77214546_papers.jpg,Russia and Ukraine newspaper front pages
http://news.bbcimg.co.uk/media/images/79526000/jpg/_79526760_024936557-1.jpg,"Estela de Carlotto (R), president of Argentine human rights organization Abuelas de Plaza de Mayo (Grandmothers of Plaza de Mayo), addresses the media on 30 November 2014."
http://news.bbcimg.co.uk/media/images/75011000/jpg/_75011370_75011369.jpg,"The Duke carried on as normal during a visit to a health centre, as Peter Hunt explains"
http://news.bbcimg.co.uk/media/images/70839000/jpg/_70839752_70839751.jpg,"Tracey Connelly served more than five years in jail, including time on remand"
http://news.bbcimg.co.uk/media/images/65219000/jpg/_65219923__51405890__49555437_stv226-1-1.jpg,STV said it had put its differences with ITV behind it after a dispute over payments for programming
http://news.bbcimg.co.uk/media/images/58610000/jpg/_58610750_58610745.jpg,Malcolm X visited Smethwick to object to a discriminatory housing campaign against non-whites
http://news.bbcimg.co.uk/media/images/82180000/jpg/_82180019_026654917-1.jpg,"Firefighters try to extinguish a fire at a petrochemical plant in Zhangzhou, Fujian province 7 April 2015"
http://news.bbcimg.co.uk/media/images/55629000/jpg/_55629955_006588423-1.jpg,"Glasgow University has capped its four year degree courses at £26,000"
http://news.bbcimg.co.uk/media/images/65566000/jpg/_65566748_andy.jpg,Andy Blackwell said he wanted to give drivers a \
http://news.bbcimg.co.uk/media/images/70383000/jpg/_70383166_snowden_wide_afp.jpg,"Edward Snowden has some 58,000 GCHQ files"
http://news.bbcimg.co.uk/media/images/66198000/jpg/_66198054_tempguerrillaknittinginleicester2.jpg,Pom-poms being attached to a tree
http://news.bbcimg.co.uk/media/images/57585000/jpg/_57585131_jobcentre_getty.jpg,UK unemployment hit its highest level since 1994 in the three months to October.
http://news.bbcimg.co.uk/media/images/54432000/jpg/_54432631_mace_uhi_464.jpg,Silversmiths and UHI staff with mace designs
http://news.bbcimg.co.uk/media/images/64921000/jpg/_64921388_64921387.jpg,Dawn French in The Vicar Of Dibley
http://news.bbcimg.co.uk/media/images/77598000/jpg/_77598817_77598816.jpg,Passport control at Gatwick Airport
http://news.bbcimg.co.uk/media/images/81364000/png/_81364544_anthonyzurcher_144x104.png,"Donald Trump, Marco Rubio and Ted Cruz"
http://news.bbcimg.co.uk/media/images/81444000/jpg/_81444385_caesarean_section-spl.jpg,Around 25% of women give birth by Caesarean section in the UK
http://news.bbcimg.co.uk/media/images/68335000/jpg/_68335989_68335988.jpg,"A man is pulled across to safety on a rope, as damaged buildings and the Alaknanda river are seen in the background, during a rescue operation in Govindghat in Uttarakhand on June 23, 2013"
http://news.bbcimg.co.uk/media/images/78721000/jpg/_78721690_521178991.jpg,Caerphilly council will not fund Christmas lights in towns this year
http://news.bbcimg.co.uk/media/images/78855000/jpg/_78855145_dsc_1099.jpg,Charles Green outside coirt
http://c.files.bbci.co.uk/F3E8/production/_88504426_dugdalegetty.jpg,Willie Rennie told the Scottish Lib Dem conference that the party would put forward a \
http://news.bbcimg.co.uk/media/images/51268000/jpg/_51268865_011279004-1.jpg,A Cambodian soldier walks past the Preah Vihear temple
http://news.bbcimg.co.uk/media/images/66794000/jpg/_66794948_66794946.jpg,The air ambulance on the course at Hexham
http://news.bbcimg.co.uk/media/images/51754000/jpg/_51754973_al.jpg,"US Air Force F-15E jet after it crashed in Libya, 22 March 2011"
http://news.bbcimg.co.uk/media/images/79228000/jpg/_79228999_79228994.jpg,Mrs Grant said she felt \
http://news.bbcimg.co.uk/media/images/82165000/jpg/_82165737_lonely.jpg,Man looking out the window
http://news.bbcimg.co.uk/media/images/51504000/jpg/_51504310_51504309.jpg,Watch: John Simpson on Wednesday's battle for Brega
http://news.bbcimg.co.uk/media/images/48183000/jpg/_48183926_uzbek_neighbourhood.jpg,Uzbek neighbourhood in Osh
http://news.bbcimg.co.uk/media/images/75190000/jpg/_75190711_75190707.jpg,Villagers collect near tree where the girls were found in Badaun
http://news.bbcimg.co.uk/media/images/81536000/jpg/_81536481_train.jpg,The damaged cab of the engine on the train that was travelling from Glasgow to Inverness
http://news.bbcimg.co.uk/media/images/57950000/jpg/_57950691_concordia.jpg,The Costa Concordia as seen from Giglio island
http://news.bbcimg.co.uk/media/images/67886000/jpg/_67886779_m3700382-depressed_man_with_cigarette_and_alcohol-spl.jpg,More medication is being prescribed for people with alcohol dependency
http://c.files.bbci.co.uk/1535A/production/_84547868_84547866.jpg,The new bridge is now carrying rail services between North Lanarkshire and Glasgow
http://news.bbcimg.co.uk/media/images/76246000/jpg/_76246208_186017243.jpg,Automatic Inspection Machine - Ampules
http://news.bbcimg.co.uk/media/images/81913000/jpg/_81913191_photo25-03-2015221727.jpg,Police were called to the scene at 21:45 GMT on Wednesday
http://news.bbcimg.co.uk/media/images/64251000/jpg/_64251803_gas.jpg,Will fewer tariffs actually lead to higher prices?
http://news.bbcimg.co.uk/media/images/65884000/jpg/_65884672_amusement_fair.jpg,How safe are you when you go to the fair?
http://news.bbcimg.co.uk/media/images/49201000/jpg/_49201560_glencraft.jpg,AOGA committee members Doug Sedge and Pat Sibille at the Glencraft factory with employee Colin Middler
http://news.bbcimg.co.uk/media/images/72087000/jpg/_72087201_72087200.jpg,Pope Francis addresses the crowd from the window of the apostolic palace in Vatican City
http://news.bbcimg.co.uk/media/images/75701000/jpg/_75701508_75701507.jpg,Lars Ulrich on stage at the BBC Radio Theatre
http://news.bbcimg.co.uk/media/images/52865000/jpg/_52865341_robertpeston.jpg,Past Times store closing down sale
http://news.bbcimg.co.uk/media/images/82333000/jpg/_82333660_hi017640031.jpg,Bank of New York Mellon's European headquarters are based in London
http://news.bbcimg.co.uk/media/images/67514000/jpg/_67514871_baby_pacifier.jpg,"Two women, one pregnant, talk on a park bench"
http://news.bbcimg.co.uk/media/images/62377000/jpg/_62377228_newborn_thinkstock624.jpg,Most circumcisions in the UK are done for non-therapeutic reasons
http://news.bbcimg.co.uk/media/images/58967000/jpg/_58967569_jex_1344648_de27-1.jpg,Oxfam is warning of a humanitarian catastrophe in the Sahel region of West Africa
http://news.bbcimg.co.uk/media/images/61438000/jpg/_61438552_rspcarescueinsomerset.jpg,The incident at Batemans Farm in Chard saw the sheep stranded near a railway line by rising water
http://news.bbcimg.co.uk/media/images/53472000/jpg/_53472696_53472695.jpg,Michael Tomlinson: jailed for 1978 Cleethorpes rape
http://news.bbcimg.co.uk/media/images/66268000/jpg/_66268625_66268289.jpg,Poonam Bhattal's coffin in her school
http://news.bbcimg.co.uk/media/images/58925000/jpg/_58925573_creditcard_ap.jpg,Quinn from UK Payment Council on why fraud losses have fallen
http://news.bbcimg.co.uk/media/images/59230000/jpg/_59230347_chinesecommunistparty.jpg,"Inside the Great Hall of the People in Beijing before celebrations start for the Chinese Communist Party's 90th anniversary on 1 July, 2011"
http://c.files.bbci.co.uk/A675/production/_87931624_water_oldbury.jpg,Oldbury Academy tweeted pupils had been sent home due to a threat that had compromised staff and student safety
http://c.files.bbci.co.uk/A78F/production/_85859824_king.jpg,King Buyelekhaya Dalindyebo (10 July 2013)
http://news.bbcimg.co.uk/media/images/82930000/jpg/_82930717_gallowaybillymccrorie.jpg,Galloway Community Hospital
http://news.bbcimg.co.uk/media/images/56104000/jpg/_56104402_tom_edwards.jpg,Design image of the garden bridge over River Thames
http://news.bbcimg.co.uk/media/images/49138000/jpg/_49138319_jex_810447_de28-1.jpg,EU maternity plans 'unaffordable' says business group
http://news.bbcimg.co.uk/media/images/59430000/jpg/_59430380_beyonce.jpg,Coty is the company behind celebrity perfumes including Beyonce Knowles' Pulse
http://news.bbcimg.co.uk/media/images/66472000/jpg/_66472068_sambo_wife_sheeba.jpg,Sambo Davis and his wife Sheeba Rani
http://news.bbcimg.co.uk/media/images/48868000/jpg/_48868655_snail.comp.jpg,Snail (Papillifera bidens)
http://news.bbcimg.co.uk/media/images/50848000/jpg/_50848187_duckrescueblairgowrie008(2).jpg,The ducks' legs were almost completely severed by the traps
http://news.bbcimg.co.uk/media/images/80486000/jpg/_80486073_80486071.jpg,Preparations for the Republic Day parade
http://news.bbcimg.co.uk/media/images/48104000/jpg/_48104813_stems.jpg,There are hopes that stem cell therapy can be used to tackle many diseases
http://news.bbcimg.co.uk/media/images/55989000/jpg/_55989785_ipadplane.jpg,Gulf Air in-flight broadband
http://news.bbcimg.co.uk/media/images/71126000/jpg/_71126553_carcrash.jpg,Risky business: how big data is changing the price of insurance
http://news.bbcimg.co.uk/media/images/82350000/jpg/_82350526_karenbuckley2.jpg,Police believe remains found at High Craigton Farm farm are those of Karen Buckley
http://c.files.bbci.co.uk/8DE7/production/_87372363_img_4475.jpg,"Raghad, her mother Weid, sister Ayat, her father Ahmed and sister Amal fled the war in Syria before coming to the UK"
http://news.bbcimg.co.uk/media/images/50683000/jpg/_50683401_j20_1.jpg,Photo apparently showing prototype of Chinese-made stealth bomber
http://news.bbcimg.co.uk/media/images/58543000/jpg/_58543115_model464.jpg,Karishma posing for the art students
http://news.bbcimg.co.uk/media/images/73205000/jpg/_73205494_expedits.jpg,This is a Kallax. It looks similar. Very similar
http://news.bbcimg.co.uk/media/images/59215000/jpg/_59215095_59215094.jpg,Sky sign outside west London HQ
http://news.bbcimg.co.uk/media/images/53407000/jpg/_53407989_emmasimpson.jpg,A picture of Debenhams with shoppers outside
http://news.bbcimg.co.uk/media/images/59034000/jpg/_59034000_59033998.jpg,Akhilesh Yadav with a poster of father Mulayam Singh
http://news.bbcimg.co.uk/media/images/69424000/jpg/_69424451_davies112x63.jpg,Michaella McCollum Connolly and Melissa Reid in court in Callao on 21 August 2013
http://news.bbcimg.co.uk/media/images/57697000/jpg/_57697042_jex_1279695_de27-1.jpg,Grant Notman demonstrates the product at a mock disaster scene
http://news.bbcimg.co.uk/media/images/49287000/jpg/_49287437_49287435.jpg,School classroom needing repair
http://news.bbcimg.co.uk/media/images/83234000/jpg/_83234893_83233341.jpg,"An aircraft Boeing 777 of French airline Air France stands on the airport Tegel, Berlin, on January 31, 2012."
http://news.bbcimg.co.uk/media/images/71348000/jpg/_71348157_remymartin_cognac.jpg,An Indian factory employee
http://news.bbcimg.co.uk/media/images/79766000/jpg/_79766834_drogba_reuters.jpg,"Alan Shearer, Thierry Henry and Didier Drogba"
http://news.bbcimg.co.uk/media/images/68439000/jpg/_68439931_68436507.jpg,Hugh Pym and his guests discuss the bond markets
http://news.bbcimg.co.uk/media/images/82834000/jpg/_82834805_82834804.jpg,A Russian tank driver holds a red flag in Moscow. Photo: 7 May 2015
http://news.bbcimg.co.uk/media/images/67391000/jpg/_67391684_linkedin.jpg,Linked executives at the firm's listing in NYSE
http://news.bbcimg.co.uk/media/images/71543000/jpg/_71543408_71543407.jpg,Autumn Statement: Headlines from George Osborne speech
http://c.files.bbci.co.uk/E41A/production/_88449385_88446847.jpg,James Comey said he could see the value of encryption
http://news.bbcimg.co.uk/media/images/51345000/jpg/_51345331_011327219-1.jpg,"A boy, said to have been injured during a NATO air strike, lies on a hospital bed in Afghanistan's eastern Kunar province"
http://news.bbcimg.co.uk/media/images/62438000/jpg/_62438826_picture7.jpg,An aerial shot of a home destroyed by Hurricane Andrew
http://news.bbcimg.co.uk/media/images/59872000/jpg/_59872651_mai.jpg,Security officials search a vehicle along the Gombe-Maiduguri (archive shot)ri expressway in Nigeria
http://news.bbcimg.co.uk/media/images/59313000/jpg/_59313266_44766137.jpg,Assisting a suicide is illegal in England and Wales
http://news.bbcimg.co.uk/media/images/83556000/jpg/_83556298_83547512.jpg,Shaimaa Khalil meets a community of people in Pakistan who live in man-made caves
http://news.bbcimg.co.uk/media/images/58282000/jpg/_58282347__38344691_stobhill300-1.jpg,Mrs Hattie died after the fall at Stobhill Hospital in 2006
http://news.bbcimg.co.uk/media/images/57396000/jpg/_57396740_57396739.jpg,Firefighters at the bungalow
http://news.bbcimg.co.uk/media/images/69960000/jpg/_69960675_airambulance1.jpg,Wales' latest air ambulance
http://news.bbcimg.co.uk/media/images/62509000/jpg/_62509505_de20-1.jpg,Virgin's Sir Richard Branson: \
http://c.files.bbci.co.uk/1376D/production/_86152797_career_woman1920.jpg,Gender imbalance at work is a global issue
http://c.files.bbci.co.uk/15F61/production/_84235998_84235997.jpg,Ashley Mote sat as a South East England MEP between 2004 and 2009
http://news.bbcimg.co.uk/media/images/47926000/jpg/_47926276_hhf_bbc_226.jpg,The exhibition was formerly known as the Highland Housing Fair
http://c.files.bbci.co.uk/D153/production/_86478535_annefinlay1920.jpg,"Anne Finlay (1920), by Dorothy Johnstone"
http://news.bbcimg.co.uk/media/images/52464000/jpg/_52464176_lothian_buses.jpg,"Corps turned right into the path of Mr McKay, who was unable to avoid the collision, the court heard"
http://news.bbcimg.co.uk/media/images/80065000/jpg/_80065341_robwiththeformbyturtle.jpg,Kemp's ridley turtle found on Welsh beach
http://news.bbcimg.co.uk/media/images/75030000/jpg/_75030261_75030259.jpg,Former ambassador Andrew Wood
http://news.bbcimg.co.uk/media/images/58844000/jpg/_58844049_mackin.jpg,Christopher Mackin was shot four times in the attack on Thursday night
http://news.bbcimg.co.uk/media/images/77853000/jpg/_77853867_452229480.jpg,Embattled US car giant General Motors says it will recall another 7.6 million cars whose defects have been linked to at least three deaths at a cost of $1.2bn to the firm.
http://news.bbcimg.co.uk/media/images/82662000/jpg/_82662825_bernanke.jpg,Former Fed chairman Ben Bernanke
http://news.bbcimg.co.uk/media/images/74936000/jpg/_74936557_yacht_rya.jpg,"James Male, Andrew Bridge, Steve Warren, Paul Goslin"
http://news.bbcimg.co.uk/media/images/74835000/jpg/_74835863_ayahstill06.jpg,Eesha Khare holding up her a super-capacitor
http://news.bbcimg.co.uk/media/images/50853000/jpg/_50853352_swns_colin_pester_01.jpg,Colin Pester said he was knocked backwards by a shot to his stomach
http://news.bbcimg.co.uk/media/images/76551000/jpg/_76551562_76529940.jpg,Ed Miliband eats a bacon sandwich
http://news.bbcimg.co.uk/media/images/61794000/jpg/_61794155_006084289-1.jpg,Coins and notes on newspaper
http://c.files.bbci.co.uk/4C18/production/_84808491_84808489.jpg,A company in Taiwan has developed a method a way of creating paper from stone
http://news.bbcimg.co.uk/media/images/49259000/jpg/_49259757_cash.jpg,People have been keen to pay off debts since the downturn
http://news.bbcimg.co.uk/media/images/77733000/jpg/_77733770_486449839.jpg,"A woman holds the New Zealand flag during the ceremony celebrating the 99th anniversary of the Anzac Day in Canakkale on April 24, 2014"
http://news.bbcimg.co.uk/media/images/62884000/jpg/_62884477_primarypupils.jpg,A survey of seven-year-olds found most children had ambitious career plans
http://news.bbcimg.co.uk/media/images/82007000/jpg/_82007838_82004117.jpg,A solider on guard duty wearing a turban
http://news.bbcimg.co.uk/media/images/69419000/jpg/_69419797_98517958.jpg,China has launched a probe into the activities of pharmaceutical companies
http://news.bbcimg.co.uk/media/images/76916000/jpg/_76916543_76916616.jpg,Destruction in Beit Lahiya 11/08/2014
http://news.bbcimg.co.uk/media/images/49072000/jpg/_49072932_008660661-1.jpg,Lady Gaga won two Grammy awards in January
http://news.bbcimg.co.uk/media/images/59456000/jpg/_59456389_jex_1368647_de27-1.jpg,Oakland police chief Howard Jordan: \
http://news.bbcimg.co.uk/media/images/53705000/jpg/_53705220_shale_cons.jpg,Christopher Shale. Copyright: Steve McCauley.
http://news.bbcimg.co.uk/media/images/65765000/jpg/_65765897_doctor-bbc.jpg,Avon and Wiltshire Mental Health Partnership van
http://news.bbcimg.co.uk/media/images/79585000/jpg/_79585059_xmastree2_robmorgan.jpg,Rob Morgan cuts down a fir tree
http://news.bbcimg.co.uk/media/images/49094000/jpg/_49094824_006796976-1.jpg,US envoy George Mitchell holds a news conference ahead of the start of the second round of Middle East peace talks in Sharm el-Sheikh
http://news.bbcimg.co.uk/media/images/77474000/jpg/_77474802_salmond_iv.jpg,"Alex Salmond outlined the benefits of an independent Scotland in Europe, while on the campaign trail"
http://news.bbcimg.co.uk/media/images/59789000/jpg/_59789733_jex_1385241_de27-1.jpg,The BBC's Caroline Hawley: \
http://news.bbcimg.co.uk/media/images/74750000/jpg/_74750383_flag.jpg,The Canadian national flag was seen on 30 June 2011
http://news.bbcimg.co.uk/media/images/82369000/jpg/_82369057_82367228.jpg,Dan Price started his business in his bedroom in 2004
http://news.bbcimg.co.uk/media/images/53702000/jpg/_53702271_012309434-1.jpg,Pakistani police officers examine the damaged vehicles at a Kolachi police station attacked by the Taliban.
http://news.bbcimg.co.uk/media/images/54033000/jpg/_54033087_docks.jpg,Containers on board a ship
http://c.files.bbci.co.uk/AD4C/production/_84846344_84846343.jpg,barnacles on a buoy washed up un Carmarthenshire
http://news.bbcimg.co.uk/media/images/81958000/jpg/_81958680_anguspdc_3498-1.jpg,screen grab of Japanese language site
http://news.bbcimg.co.uk/media/images/48579000/jpg/_48579489_jex_768434_de27-1.jpg,"Sailing is a sport that requires not only talent, but deep pockets."
http://news.bbcimg.co.uk/media/images/51318000/jpg/_51318613_hawley.jpg,"NTC fighters celebrating in Sirte, 20 October"
http://news.bbcimg.co.uk/media/images/66911000/jpg/_66911756_declanbennett(guy)andzrinkacvitesic(girl)inonce.photocreditmanuelharlan.jpg,Declan Bennett (Guy) and Zrinka Cvitesic (Girl) in Once
http://news.bbcimg.co.uk/media/images/66709000/jpg/_66709814_game-0f-thrones-s3-teaser-gallery-daenarys.jpg,Emilia Clarke as Daenerys Targaryen
http://news.bbcimg.co.uk/media/images/77055000/jpg/_77055180_tpgreenhouse.jpg,The plant in March and on 6 August
http://news.bbcimg.co.uk/media/images/70204000/jpg/_70204700_georgedonald.jpg,George Donald died at the age of 79
http://c.files.bbci.co.uk/A30D/production/_84114714_afcflooding.jpg,Polmuir Road was among the worst hit
http://news.bbcimg.co.uk/media/images/64611000/jpg/_64611841_003376536-1.jpg,Accident and Emergency sign
http://news.bbcimg.co.uk/media/images/55418000/jpg/_55418307_005408617-1.jpg,A helicopter carrying French soldiers takes off for an operation in northern Mali
http://c.files.bbci.co.uk/12DF0/production/_85369277_picture002.jpg,"In the past, many people did not claim the payments because they did not know they could"
http://c.files.bbci.co.uk/DB6E/production/_86647165_michellesun.jpg,The founder of First Code Academy on how she made the leap from investment banking to starting her own business
http://news.bbcimg.co.uk/media/images/59162000/jpg/_59162127_jex_1353647_de27-1.jpg,Why it can be hard to breathe in London
http://news.bbcimg.co.uk/media/images/78608000/jpg/_78608048_3627c8b1-fa54-4a68-b9a0-3f508f377da8.jpg,"Most winter deaths are from diseases such as pneumonia, coronary heart disease and stroke"
http://c.files.bbci.co.uk/1598F/production/_84136488_019289861-1.jpg,New Children's Commissioner for England Anne Longfield
http://c.files.bbci.co.uk/5FFF/production/_85757542_alasdairmcdonnell1.jpg,SDLP leader Alasdair McDonnell
http://news.bbcimg.co.uk/media/images/61497000/jpg/_61497600_tv000030809.jpg,The new report shows the oil and gas sector is one of the safest industries in the UK
http://c.files.bbci.co.uk/128F1/production/_85671067_de27.jpg,Lead cardiac surgeon Indu Deglurkar says the UHW unit has a \
http://news.bbcimg.co.uk/media/images/66518000/jpg/_66518390_66518389.jpg,"Indian paramilitary soldier in Srinagar on March 14, 2013"
http://news.bbcimg.co.uk/media/images/48817000/jpg/_48817643_010011059-1.jpg,"Firefighters at the scene of a fire in Peckham, south- east London"
http://news.bbcimg.co.uk/media/images/60510000/jpg/_60510074_machrinhanish.jpg,The site is owned by the Ministry of Defence
http://news.bbcimg.co.uk/media/images/71048000/jpg/_71048020_1263.13.jpg,Footage the camera shows the helicopter was in operation by a man on the riverbank
http://news.bbcimg.co.uk/media/images/53534000/jpg/_53534775_006805403-1.jpg,Nearly four million people hold stocks and shares ISAs
http://news.bbcimg.co.uk/media/images/63183000/jpg/_63183251_aleppo_afp.jpg,"Rebel fighter in Aleppo, 28 September"
http://news.bbcimg.co.uk/media/images/58895000/jpg/_58895810_014001312-1.jpg,Ken Clarke said civil courts would continue to hear the vast majority of cases in the open
http://news.bbcimg.co.uk/media/images/61595000/jpg/_61595463_polar.jpg,Protester at a Shell petrol station in Edinburgh
http://c.files.bbci.co.uk/ACAA/production/_85620244_85620243.jpg,One of the Lurchers that died after being hit by a car
http://news.bbcimg.co.uk/media/images/50933000/jpg/_50933765_hillary.jpg,Hillary Clinton: ''I want to express a very strong condemnation of today's terrorist attack''
http://news.bbcimg.co.uk/media/images/50740000/jpg/_50740106_50740105.jpg,Mr Brown's plan calls for cuts in programmes at universities and medical care for the poor
http://news.bbcimg.co.uk/media/images/55743000/jpg/_55743283_hi010958400.jpg,The bill is aimed at ending offers such as discounts for multiple purchases
http://c.files.bbci.co.uk/1732D/production/_88512059_88512057.jpg,Justin Bieber was presented with a disk marking his three consecutive UK number one singles by the NHS choir that beat him to Christmas number one
http://news.bbcimg.co.uk/media/images/58553000/jpg/_58553678_hockney_untitled.jpg,"David Hockney, Untitled, for Joel Wachs"
http://news.bbcimg.co.uk/media/images/80434000/jpg/_80434951_80434946.jpg,"In this Aug. 29, 2013, file photo, farmer Breezy shows off the distinctive leaves of a marijuana plant"
http://news.bbcimg.co.uk/media/images/67922000/jpg/_67922594_67922592.jpg,Jamen Shively plans to import drugs legally from Mexico
"http://news.bbcimg.co.uk/media/images/74065000/jpg/_74065776_sengacloss-elmbankave,viewpark.jpg",The body of Senga Closs was found on Saturday
http://news.bbcimg.co.uk/media/images/76510000/jpg/_76510783_76510782.jpg,"Mark Hamill, who has returned to the role of Luke Skywalker after more than 30 years, has said it feels like an \"
http://news.bbcimg.co.uk/media/images/51728000/jpg/_51728657_011552598-1.jpg,Thousands of evacuees have crowded Narita airport in hopes of leaving Japan
http://news.bbcimg.co.uk/media/images/82675000/jpg/_82675533_meechan.jpg,Adam Butler and Tony Parry are frustrated at the slow speeds for their firms in the Deeside Industrial Estate.
http://news.bbcimg.co.uk/media/images/81051000/jpg/_81051018_howtofocus.jpg,Chief executives need to be crystal clear about their goals and not get distracted
http://news.bbcimg.co.uk/media/images/62357000/jpg/_62357704_winnie_pa.jpg,Winnie Johnson fought to find son Keith
http://news.bbcimg.co.uk/media/images/57893000/jpg/_57893631_013707550-1.jpg,Police and protesters clash at the Merdare crossing
http://news.bbcimg.co.uk/media/images/59109000/jpg/_59109271_014271699-1.jpg,"File photo: Skipper Rewai Karetai, shown aboard the Easy Rider, is among those missing"
http://news.bbcimg.co.uk/media/images/60273000/jpg/_60273668_lizmacdonald_464.jpg,Liz MacDonald became Nairn's first female provost in 2007
http://news.bbcimg.co.uk/media/images/65251000/jpg/_65251483_65251482.jpg,David Cameron and Francois Hollande
http://c.files.bbci.co.uk/B265/production/_88096654_499625712.jpg,Bug bear: Microbes found in the animal's gut change with the seasons
http://news.bbcimg.co.uk/media/images/65565000/jpg/_65565450_ocxtp90t.jpg,'S ann fo sgèith Oilthigh Lunnainn a tha an t-ionad a-nis.
http://news.bbcimg.co.uk/media/images/79983000/jpg/_79983698_025233983-1.jpg,Greek PM Antonis Samaras (29 Dec)
http://news.bbcimg.co.uk/media/images/66171000/jpg/_66171299_017213634.jpg,President Bashar al-Assad in Damascus. 12 Feb 2013
http://news.bbcimg.co.uk/media/images/58820000/jpg/_58820005_58820003.jpg,Tandem bike ride for BBC Radio 4 presenter and listener
http://news.bbcimg.co.uk/media/images/75300000/jpg/_75300758_prisonsmalmaisonfour.jpg,"Norman Stanley Fletcher was quick to make a deal in Porridge, but could he have sold a prison?"
http://news.bbcimg.co.uk/media/images/62643000/jpg/_62643583_jex_1504890_de19-1.jpg,Greece budget cuts to be inspected
http://news.bbcimg.co.uk/media/images/65105000/jpg/_65105261_65105259.jpg,"Chief Constable Matt Baggott, PSNI"
http://news.bbcimg.co.uk/media/images/64086000/jpg/_64086312_phil-mcnulty_144x81.jpg,World Cup legends - Cruyff
http://news.bbcimg.co.uk/media/images/57532000/jpg/_57532215_moran.jpg,Moran writes regularly for The Times
http://c.files.bbci.co.uk/7435/production/_86894792_russiaflowers.jpg,"Russian women leave flowers outside defence ministry, Moscow, 26 November 2015"
http://news.bbcimg.co.uk/media/images/71585000/jpg/_71585226_71585224.jpg,"Emerging markets like India are looking more attractive than ever for luxury retailers, as Shilpa Kannan reports"
http://news.bbcimg.co.uk/media/images/54445000/jpg/_54445789_juno1.jpg,The Atlas 5 rocket launched from Cape Canaveral Air Force Station after a brief delay caused by a helium leak
http://news.bbcimg.co.uk/media/images/77835000/jpg/_77835952_amitshah.jpg,Reports say BJP chief Amit Shah's talks with Shiv Sena leaders 'failed' to save the alliance
http://news.bbcimg.co.uk/media/images/48825000/jpg/_48825701_jex_786326_de07-1.jpg,Villagers flee with their belongings in Sindh province as flood waters swell
http://news.bbcimg.co.uk/media/images/83625000/jpg/_83625362_83625357.jpg,Islamist militant leader Mokhtar Belmokhtar
http://news.bbcimg.co.uk/media/images/56432000/jpg/_56432667_renewablesposterframe.jpg,Close up of three wind turbine blades
http://news.bbcimg.co.uk/media/images/56463000/jpg/_56463057_56328635.jpg,Jean Belcher has had to spend six weeks in hospital waiting for adequate community care provision
http://news.bbcimg.co.uk/media/images/62643000/jpg/_62643938_015662342-1.jpg,The campaign is aimed primarily at higher rate taxpayers
http://news.bbcimg.co.uk/media/images/53405000/jpg/_53405135_012130116-1.jpg,Car sales fell at their sharpest rate in more than a year
http://news.bbcimg.co.uk/media/images/54139000/jpg/_54139209_042.jpg,Painted windows and doors on Reed Street in Burnley Wood
http://news.bbcimg.co.uk/media/images/73556000/jpg/_73556281_bylinewhite.jpg,'Access denied' written on a hand
http://news.bbcimg.co.uk/media/images/71379000/jpg/_71379124_angle.jpg,Google's changes to its YouTube comment system have proved unpopular with some
http://news.bbcimg.co.uk/media/images/57832000/jpg/_57832154_idoc.jpg,Norfolk Police issue a photograph of a man thought to have been involved with illegally possessing remains from a dead sperm whale
http://news.bbcimg.co.uk/media/images/63452000/jpg/_63452264_aylesbury2010.jpg,"Demolition work takes place on the huge Aylesbury council estate in Southwark, home to 7,500 people, on September 21, 2010 in London"
http://news.bbcimg.co.uk/media/images/50862000/jpg/_50862934_011045152-2.jpg,Details of how the NHS plans are being reshaped will be unveiled in the coming days
http://news.bbcimg.co.uk/media/images/54066000/jpg/_54066402_jex_1107489_de48-1.jpg,'We have a massive challenge ahead if we are to keep up with the relentless toll cancer takes on people's health\
http://news.bbcimg.co.uk/media/images/74598000/jpg/_74598767_74598766.jpg,Builders working on a construction site
http://news.bbcimg.co.uk/media/images/60106000/jpg/_60106118_141425188.jpg,Some critics have accused Proview of trying to cash in the success of the iPad
http://news.bbcimg.co.uk/media/images/50799000/jpg/_50799276_gordon.jpg,"Jamie Gordon, a finance worker who would rather have been a rock star"
http://news.bbcimg.co.uk/media/images/60991000/jpg/_60991207_014654199-1.jpg,Cabinet Secretary Francis Maude: ''This is not an attack on the civil service''
http://news.bbcimg.co.uk/media/images/74602000/jpg/_74602522_babyfoot.jpg,Smoking in pregnancy explains some of the high rate
http://news.bbcimg.co.uk/media/images/48214000/jpg/_48214964_009700151-1.jpg,A woman identified by reporters as Anna Chapman in an image taken from her Facebook page and marked \
http://c.files.bbci.co.uk/638E/production/_85468452_lab.jpg,Prof Thumbi Ndung'u in his lab at K-RITH
http://news.bbcimg.co.uk/media/images/70358000/jpg/_70358023_eleanor_bradford_one.jpg,Lady Hamilton said her husband was detained against his will
http://news.bbcimg.co.uk/media/images/48349000/jpg/_48349255_009597384-1.jpg,Sheep shearers have made representations to the coalition
http://news.bbcimg.co.uk/media/images/71999000/jpg/_71999147_p1020297.jpg,"Purple dye experiment at Tamarama Beach in Sydney, Australia"
http://news.bbcimg.co.uk/media/images/50476000/jpg/_50476428_008129216-1.jpg,The number of empty homes has fallen for the first time in three years.
http://news.bbcimg.co.uk/media/images/53559000/jpg/_53559458_council_house.jpg,Birmingham City Council building
http://news.bbcimg.co.uk/media/images/60748000/jpg/_60748634_metro_picket.jpg,Picket line at South Gosforth metro
http://news.bbcimg.co.uk/media/images/54692000/jpg/_54692094_011566617-1.jpg,The number of young offenders being held on remand and on direct sentences has fallen
http://news.bbcimg.co.uk/media/images/73496000/jpg/_73496851_coughlan112x63.jpg,Lord Jeffery Amherst suggested spreading smallpox among Native Americans
http://news.bbcimg.co.uk/media/images/56240000/jpg/_56240706_eurozonesummitcrisisdebt.jpg,Angela Merkel and Nicolas Sarkozy
http://news.bbcimg.co.uk/media/images/63731000/jpg/_63731541_triggle-112x63.jpg,Hands of an elderly person
http://news.bbcimg.co.uk/media/images/52630000/jpg/_52630653_000219454-1.jpg,BBC Security Correspondent Frank Gardner on the significance of the new material
http://news.bbcimg.co.uk/media/images/59057000/jpg/_59057006_hi006404433.jpg,Encyclopaedia Britannica books on a shelf
http://news.bbcimg.co.uk/media/images/72156000/jpg/_72156372_h55w5jcw.jpg,Players can place limits on the amount of money that they bet online
http://news.bbcimg.co.uk/media/images/67206000/jpg/_67206426_67205136.jpg,"Bangladeshi garment workers assist an injured a survivor after an eight-storey building collapsed in Savar, on the outskirts of Dhaka, on April 24, 2013."
http://news.bbcimg.co.uk/media/images/71103000/jpg/_71103696_eton.jpg,Sir John Major said the privately educated wield a \
http://news.bbcimg.co.uk/media/images/67848000/jpg/_67848984_67848983.jpg,Mr Kohl is wanted in Germany for jumping parole
http://c.files.bbci.co.uk/70E6/production/_85020982_mers97456.jpg,Middle East Respiratory Syndrome Coronavirus particle
http://news.bbcimg.co.uk/media/images/72688000/jpg/_72688037_krwfguvs.jpg,Baroness Morgan was a close aide to Tony Blair
http://news.bbcimg.co.uk/media/images/62628000/jpg/_62628109_015796510-1.jpg,Speculation surrounds a potential cabinet reshuffle by the prime minister
http://news.bbcimg.co.uk/media/images/62388000/jpg/_62388769_62385340.jpg,Thomas van Straubenzee was robbed while walking home from work
http://news.bbcimg.co.uk/media/images/67923000/jpg/_67923042_badger.jpg,Natural England said there was \
http://news.bbcimg.co.uk/media/images/49510000/jpg/_49510977_13_8_217_0.jpg,Alexander Dennis Enviro-bus
http://news.bbcimg.co.uk/media/images/48368000/jpg/_48368169_pic057_07.jpg,"Cumberland Infirmary, Carlisle"
http://news.bbcimg.co.uk/media/images/54399000/jpg/_54399704_mcgovernm.jpg,Mark McGovern was injured during a game in San Francisco in June
http://news.bbcimg.co.uk/media/images/80860000/jpg/_80860477_80858224.jpg,NBC anchor Brian Williams
http://news.bbcimg.co.uk/media/images/54669000/jpg/_54669381_missing.jpg,A Facebook advert is being used to appeal for information about Vitalija Baliutaviciene
http://news.bbcimg.co.uk/media/images/62385000/jpg/_62385573_justice_bbc.jpg,Relatives of Patient 'L' say the order would be against his religion
http://news.bbcimg.co.uk/media/images/55998000/jpg/_55998801_013138162-1.jpg,Anti-Gaddafi fighters battle for control of Sirte. 12 Oct 2011
http://news.bbcimg.co.uk/media/images/55507000/jpg/_55507003_fawley_refinery_bbc.jpg,Fawley refinery and Southampton Water
http://news.bbcimg.co.uk/media/images/77273000/jpg/_77273754_77276488.jpg,hassan rouhani during a press conference in tehran on august 30 2014
http://news.bbcimg.co.uk/media/images/52305000/jpg/_52305592_011795988-1.jpg,Protest in Baniyas north-east Syria on 19 April 2011
http://news.bbcimg.co.uk/media/images/56151000/jpg/_56151962__54153802_dsc02957-1.jpg,money and newspaper cutting
http://news.bbcimg.co.uk/media/images/59081000/jpg/_59081237_014257416-1.jpg,David Cameron and Barack Obama giving a joint press conference
http://news.bbcimg.co.uk/media/images/54083000/jpg/_54083385_jex_1108409_de27-1.jpg,"Samir, a soldier from Damascus, says he deserted after he was ordered to shoot civilians"
http://c.files.bbci.co.uk/AAFA/production/_85507734_capture.png,Fire crews were called at about 03:30 BST
http://news.bbcimg.co.uk/media/images/79790000/jpg/_79790024_film-amsterdamoxygentank.jpg,Ansel Elgort and Shailene Woodley in The Fault in Our Stars
http://news.bbcimg.co.uk/media/images/48983000/jpg/_48983840_jex_798425_de22-1.jpg,"IMF chief Christine Lagarde outside the court in Paris, 23 May"
http://news.bbcimg.co.uk/media/images/56900000/jpg/_56900402_013233815-1.jpg,"Pennsylvania state capitol, Harrisburg, 12 October 2011"
http://news.bbcimg.co.uk/media/images/80417000/jpg/_80417234_80417232.jpg,"The NAO says problems have arisen because the DfE has had to combine accounts of more than 2,500 bodies"
http://news.bbcimg.co.uk/media/images/60008000/jpg/_60008232_suffolk_bus.jpg,"School bus in flood water in Hessett, Suffolk"
http://news.bbcimg.co.uk/media/images/54091000/jpg/_54091339_euro_winners.jpg,Chris and Colin Weir donated some of their winnings to the Scottish National Party
http://c.files.bbci.co.uk/ABA7/production/_85934934_gettyimages-85425298.jpg,Former Wales prop Rhys Thomas
http://news.bbcimg.co.uk/media/images/70403000/jpg/_70403195_70403193.jpg,Hotel worker turning down bed
http://news.bbcimg.co.uk/media/images/56963000/jpg/_56963169_006343597-1.jpg,Three-carriage class 334 train
http://news.bbcimg.co.uk/media/images/71553000/jpg/_71553990_fvjbqh13.jpg,Oil platform in the North Sea
http://c.files.bbci.co.uk/0541/production/_88554310_027362501-1.jpg,A woman looks at a computer screen
http://news.bbcimg.co.uk/media/images/51856000/jpg/_51856653_diver.jpg,James Irvine was thought to have been an experienced diver
http://news.bbcimg.co.uk/media/images/79579000/jpg/_79579153_79578051.jpg,London Mayor Boris Johnson
http://c.files.bbci.co.uk/131B3/production/_87395287_87391567.jpg,Mobile phone footage captures California wildfire
http://c.files.bbci.co.uk/154F3/production/_87238278_alicehookerstroud2.jpg,Alice Hooker-Stroud says the Wales Green Party is 'determined and energetic'
http://news.bbcimg.co.uk/media/images/77546000/jpg/_77546036_ranish.jpg,"Sunrise taken in Ranish, North Lochs, Isle of Lewis by Iain MacMaster."
http://news.bbcimg.co.uk/media/images/48328000/jpg/_48328491_iainheadshot.jpg,Inception 'folding Paris' scene
http://news.bbcimg.co.uk/media/images/68281000/jpg/_68281013_chinesestockmarketscreen.jpg,Global stock markets have taken fright from the US to China
http://news.bbcimg.co.uk/media/images/58640000/jpg/_58640309_014059947-1.jpg,A policeman stands beside the dead bodies of taxi drivers in Monterrey
http://c.files.bbci.co.uk/FF9E/production/_83883456_khatera03.jpg,The case of a woman taking her abusive father to court attracted widespread publicity
http://news.bbcimg.co.uk/media/images/73722000/jpg/_73722425_4125133-low_res-the-folk-show-with-mark-radcliffe.jpg,BBC TV show Nationwide followed Kate Bush as she prepared for her 1979 tour
http://news.bbcimg.co.uk/media/images/67569000/jpg/_67569036_yueh144x104white.jpg,The BBC's Rupert-Wingfield- Hayes in Tokyo: \
http://news.bbcimg.co.uk/media/images/60372000/jpg/_60372970_jex_1411791_de41-1.jpg,MPs on calls for reform and cuts to police forces
http://news.bbcimg.co.uk/media/images/47276000/jpg/_47276282_elderlyman.jpg,Care funding is currently means-tested
http://c.files.bbci.co.uk/16AA5/production/_87973829_tuaregbread.jpg,"A Touareg tribesman cuts bread in the Meggedat valley, north west of Libya\"
http://news.bbcimg.co.uk/media/images/59610000/jpg/_59610447_newavii.jpg,Wavii automatically creates status updates about its user's interests
http://news.bbcimg.co.uk/media/images/62897000/jpg/_62897552_groomvictim.jpg,There have been at least a dozen major investigations into child sexual exploitation in recent years
http://news.bbcimg.co.uk/media/images/53224000/jpg/_53224218_karlin_464bbc.jpg,"Miriam Karlin, pictured in 2000 and as Polly in The Rag Trade"
http://news.bbcimg.co.uk/media/images/71257000/jpg/_71257014_photo.jpg,Dr Howard Dryden (L) and Environment Secretary Richard Lochhead (R)
http://news.bbcimg.co.uk/media/images/48927000/jpg/_48927124_jex_793886_de27-1.jpg,The BBC looks at the benefits of Fairtrade chocolate
http://news.bbcimg.co.uk/media/images/71901000/jpg/_71901687_71899078.jpg,David Cameron shakes hands with a soldier in Afghanistan
http://news.bbcimg.co.uk/media/images/76433000/jpg/_76433257_hgu4rk4y.jpg,Greater flexibility in the law means people can work beyond pension age
http://c.files.bbci.co.uk/8B24/production/_84702653_gettyboatpeople.jpg,An Australian navy vessel and smaller boats
http://news.bbcimg.co.uk/media/images/56860000/jpg/_56860746_22149_466234960318_873270318_11140020_2465834_n.jpg,"Scottish skiing champion Craig Macfie dies after being hit by a car while cycling in Oregon, America"
http://news.bbcimg.co.uk/media/images/61605000/jpg/_61605956_rig.jpg,Deloitte said eight new fields had come onstream on the UKCS so far this year
http://news.bbcimg.co.uk/media/images/49475000/jpg/_49475692_010403636-1.jpg,Police said they remain determined to find the killer
http://news.bbcimg.co.uk/media/images/61525000/jpg/_61525361_61525360.jpg,Renewable energy projects have soared in the South West
http://news.bbcimg.co.uk/media/images/82673000/jpg/_82673793_farafeget.jpg,Nigel Farage is standing as a candidate in Thanet South
http://news.bbcimg.co.uk/media/images/67077000/jpg/_67077570_67077568.jpg,"Firefighters at scene of fertiliser plant explosion near Waco, Texas"
http://news.bbcimg.co.uk/media/images/82000000/jpg/_82000831_de27-2.jpg,Prime Minister David Cameron outside Downing Street
http://news.bbcimg.co.uk/media/images/71048000/jpg/_71048449_71048448.jpg,Prince Charles' painting of Cwm Berwyn
http://news.bbcimg.co.uk/media/images/82871000/jpg/_82871406_82871405.jpg,Map of South Sudan showing Unity State and Bentiu
http://news.bbcimg.co.uk/media/images/60440000/jpg/_60440093_pregnancy_bbc.jpg,Thousands of women travel to other parts of the UK each year for a termination
http://news.bbcimg.co.uk/media/images/56690000/jpg/_56690395_moxkunln.jpg,"Jon Leyne, reporting from Cairo, says it is unclear how many of the protesters are there of their own volition. Footage from Syrian state TV"
http://news.bbcimg.co.uk/media/images/64003000/jpg/_64003224_air1.jpg,Airbus performed strongly during the quarter
http://news.bbcimg.co.uk/media/images/54044000/jpg/_54044648_robin005.jpg,SS Robin was in service for 80 years
http://news.bbcimg.co.uk/media/images/58290000/jpg/_58290257_portas3.jpg,Mary Portas recommended that town centres be managed through new \
http://c.files.bbci.co.uk/12D71/production/_87596177_hi030743047.jpg,Vincent Kompany was leaving Norwich after his side's FA Cup fixture
http://c.files.bbci.co.uk/11159/production/_84277996_84277994.jpg,LIVE: News from mission control as the New Horizons message from Pluto arrives
http://news.bbcimg.co.uk/media/images/63356000/jpg/_63356973_sibbald_sibbald1.jpg,Billy Sibbald's body was found lying at the side of Edinburgh's A1
http://news.bbcimg.co.uk/media/images/79451000/jpg/_79451948_178974507.jpg,"SECC, Hydro and Armadillo"
http://news.bbcimg.co.uk/media/images/80545000/jpg/_80545236_reception.jpg,The campus has two hospitals - one for adults and a dedicated children's facility
http://news.bbcimg.co.uk/media/images/62748000/jpg/_62748790_windfarm_pa.jpg,The company reduced the size of the proposed development from 42 to 36 turbines
http://news.bbcimg.co.uk/media/images/57725000/jpg/_57725337_009805788-1.jpg,Hesa says the number who went on to complete their studies dropped to 90% in 2009/10
http://news.bbcimg.co.uk/media/images/49555000/jpg/_49555787_49555786.jpg,"Vanessa George, Colin Blanchard, Angela Allen, Tracy Lyons and Tracy Dawber"
http://news.bbcimg.co.uk/media/images/51522000/jpg/_51522374_copelands.jpg,Barry and Ann Copeland with their daughters Ciara and Niamh
http://news.bbcimg.co.uk/media/images/50698000/jpg/_50698516_wrexham-1.jpg,"Snow in Wrexham town centre on Friday, 0845 GMT"
http://news.bbcimg.co.uk/media/images/51757000/jpg/_51757465_18734_1303990290325_1547525803_777040_2970597_n.jpg,Ryan Oliver was discharged from hospital in London on Sunday
http://news.bbcimg.co.uk/media/images/61299000/jpg/_61299013_yasmine_belkacem464x261.jpg,The Bachaga of Alger (left) and General De Gaulle (right) in Algeria in 1947
http://news.bbcimg.co.uk/media/images/81883000/jpg/_81883409_81883408.jpg,"China Muerta in Melipeuco, some 700 km of Santiago, Chile, 21 March 2015"
http://news.bbcimg.co.uk/media/images/81834000/jpg/_81834621_81834620.jpg,"The accident happened near the Zuata lake, about an hour's drive from Caracas"
http://news.bbcimg.co.uk/media/images/78929000/jpg/_78929297_doucet1.jpg,BBC reporter Lyse Doucet in front of an alleyway of rubble in the Syrian city of Aleppo
http://news.bbcimg.co.uk/media/images/70700000/jpg/_70700768_70700765.jpg,Archaeologist works on the tomb in Peru (24 Oct 2013)
http://news.bbcimg.co.uk/media/images/82119000/jpg/_82119632_82119630.jpg,Xue Feng (file photo 1993)
http://news.bbcimg.co.uk/media/images/52331000/jpg/_52331488_airport004.jpg,Passenger figures dropped from a total of 4.5 million a year earlier
http://news.bbcimg.co.uk/media/images/61020000/jpg/_61020653_pti6_19_2012_000072b.jpg,Pascal Mazurier with face covered and hat on when arrested
http://c.files.bbci.co.uk/6B38/production/_87384472_hi030694417.jpg,Man wades through water in Hebden Bridge
http://news.bbcimg.co.uk/media/images/59570000/jpg/_59570770_qataroil.jpg,Qatar holds the world's third-largest natural gas reserves
http://news.bbcimg.co.uk/media/images/50010000/jpg/_50010569_002029779-1.jpg,The North Sea remains the hub of the UK's oil and gas sector
http://news.bbcimg.co.uk/media/images/74243000/jpg/_74243938_cyclisttruckslongetty.jpg,Cyclist/lorries in London
http://news.bbcimg.co.uk/media/images/80952000/jpg/_80952552_kejriwaldelhi_110115_ap.jpg,Aam Aadmi Party leader Arvind Kejriwal arrives for a meeting with Indian Home Minister Rajnath Singh on 11 February 2015
http://news.bbcimg.co.uk/media/images/74376000/jpg/_74376897_74372456.jpg,Pavel Durov says he has been fired
http://news.bbcimg.co.uk/media/images/55351000/jpg/_55351678_hi010396307.jpg,While the number out of work in Wales has risen slightly - it remains down on the year
http://news.bbcimg.co.uk/media/images/82455000/jpg/_82455836_82455835.jpg,Kidd perpetrated a complex scheme to steal money from her employers over a period of five years
http://news.bbcimg.co.uk/media/images/82660000/jpg/_82660110_clandon.jpg,Fire fighters at scene of blaze at Clandon Park House in Surrey
http://news.bbcimg.co.uk/media/images/64591000/jpg/_64591015_64591014.jpg,Children's bedrooms in Richmond
http://news.bbcimg.co.uk/media/images/49171000/jpg/_49171599_oxfamresults.jpg,"Oxfam saw more people buying second-hand clothes, but fewer donating them"
http://news.bbcimg.co.uk/media/images/72263000/jpg/_72263849_72263844.jpg,The BBC's Tim Muffet examines the lasting legacy of the horsemeat scandal
http://news.bbcimg.co.uk/media/images/78376000/jpg/_78376679_paisley.jpg,Ian Paisley outside Stormont in 1969
http://news.bbcimg.co.uk/media/images/54229000/jpg/_54229010_54228790.jpg,Morphsuits appear to be turning into a global phenomenon
http://news.bbcimg.co.uk/media/images/81210000/jpg/_81210197_sanday.jpg,Destinations include the Orkney Islands
http://news.bbcimg.co.uk/media/images/63528000/jpg/_63528891_63528890.jpg,Kingsbridge in Devon is one of several areas to have been hit by coastal flooding twice in 24 hours
http://news.bbcimg.co.uk/media/images/70293000/jpg/_70293802_70293800.jpg,Training company Elmfield 'falsified records'
http://news.bbcimg.co.uk/media/images/50628000/jpg/_50628713_010776199-1.jpg,Winston Churchill smoking a cigar
http://news.bbcimg.co.uk/media/images/83189000/jpg/_83189780_w3enkf4v.jpg,Crowds gathered at Dublin Castle for referendum count results
http://news.bbcimg.co.uk/media/images/62338000/jpg/_62338646_002746439-2.jpg,Tha na creutairean air a dhol nam plàigh air an eilean bheag.
http://c.files.bbci.co.uk/893E/production/_88343153_gettyimages-483577200-1.jpg,"A lion looking towards Nairobi, Kenya"
http://news.bbcimg.co.uk/media/images/71497000/jpg/_71497430_duggan.jpg,Assistant Commissioner Mark Rowley
http://news.bbcimg.co.uk/media/images/77895000/jpg/_77895427_weedtech2.jpg,Man wearing google glass in front of hackathon sign
http://news.bbcimg.co.uk/media/images/62369000/jpg/_62369956_62369955.jpg,Ghazi al-Sadiq Abdel Rahim at swearing in ceremony (9 Jul 12)
http://c.files.bbci.co.uk/14E2B/production/_85774558_85774557.jpg,Officers tweeted they had cornered a \
http://news.bbcimg.co.uk/media/images/72874000/jpg/_72874910_72874909.jpg,The shooting happened on the northern outskirts of Mexico City
http://news.bbcimg.co.uk/media/images/81396000/jpg/_81396015_scalesofjusticebbc.jpg,The figure of Lady Justice at the Central Criminal Court
http://news.bbcimg.co.uk/media/images/76302000/jpg/_76302285_dth.jpg,The Glasgow Warriors player had been his conviction overturned by the Justiciary Appeal Court
http://news.bbcimg.co.uk/media/images/51355000/jpg/_51355539_rossmcbride304.jpg,Ross McBride admitted culpable and reckless conduct
http://news.bbcimg.co.uk/media/images/68514000/jpg/_68514392_shipleyhouse.jpg,The man is also believed to have chased an eight-year-old girl through her garden
http://news.bbcimg.co.uk/media/images/49251000/jpg/_49251040_49251039.jpg,The UK's financial sector is continuing its recovery from the banking crisis
http://news.bbcimg.co.uk/media/images/59188000/jpg/_59188652_diamonds.jpg,Citic Pacific Mining's Sino Iron magnetite iron ore project in the Pilbara region of Western Australia
http://news.bbcimg.co.uk/media/images/53562000/jpg/_53562501_carol_jarvis.jpg,Carol Jarvis's body was discovered in the family home in West Lothian
http://news.bbcimg.co.uk/media/images/63223000/jpg/_63223528_63223527.jpg,Lord Coe is a former Conservative MP
http://news.bbcimg.co.uk/media/images/52705000/jpg/_52705848_008965766-1.jpg,Cigarette vending machine
http://news.bbcimg.co.uk/media/images/59765000/jpg/_59765284_jubilade.jpg,People are invited to lend their souvenirs to the exhibition
http://news.bbcimg.co.uk/media/images/78230000/jpg/_78230257_78230256.jpg,Iain Lawrence was given a life sentence in June 2013 for the murder of his wife
http://news.bbcimg.co.uk/media/images/52550000/jpg/_52550869_52550868.jpg,The drone is also fitted with a parachute in case of emergencies
http://news.bbcimg.co.uk/media/images/54166000/jpg/_54166542_raymonddonnelly464.jpg,Donnelly will be supervised for eight years on his release from prison
http://news.bbcimg.co.uk/media/images/72835000/jpg/_72835081_72835077.jpg,The free Flappy Bird games has been downloaded more than 50 million times
http://news.bbcimg.co.uk/media/images/71681000/jpg/_71681210_020288053.jpg,Michael Laudrup made his own way to Switzerland
http://news.bbcimg.co.uk/media/images/50728000/jpg/_50728850_010954189-2.jpg,A street vendor walks past banners promoting the party congress in Hanoi on 6 Jan 2011
http://c.files.bbci.co.uk/2323/production/_87059980_aungepa.jpg,"Myanmar pro-democracy leader Aung San Suu Kyi, chairperson of National League for Democracy party"
http://news.bbcimg.co.uk/media/images/67739000/jpg/_67739986_67739985.jpg,A screen grab of TV pictures showing the Pope laying his hands on a young man's head during Sunday Mass in an encounter which some claim was an attempted exorcism
http://news.bbcimg.co.uk/media/images/53948000/jpg/_53948168_jex_20335_de44-1.jpg,Jodie Pick said the case had meant she could not lay her daughter to rest
http://news.bbcimg.co.uk/media/images/49121000/jpg/_49121699_010027125-1.jpg,Deputy Prime Minister Nick Clegg
http://news.bbcimg.co.uk/media/images/81481000/jpg/_81481846_81481845.jpg,Balloons released in St George park in memory of Becky Watts
http://news.bbcimg.co.uk/media/images/81658000/jpg/_81658894_026330844-1.jpg,CCTV footage of two men in the Convent of Jesus and Mary in Ranaghat 15 Marchg 2015
http://news.bbcimg.co.uk/media/images/70540000/jpg/_70540583_70540582.jpg,Lord West reveals he was in court martial 30 years ago for \
http://news.bbcimg.co.uk/media/images/49093000/jpg/_49093045_dam_duster_book.jpg,The Dam Busters book signed by members of the 617 Squadron
http://news.bbcimg.co.uk/media/images/49184000/jpg/_49184465_49184464.jpg,Ginger has been taken in by the council which is trying to rehome her
http://news.bbcimg.co.uk/media/images/57813000/jpg/_57813258_jex_1285564_de27-1.jpg,A field and barn and bar in Ohio
http://news.bbcimg.co.uk/media/images/56477000/jpg/_56477679_myps464in_bbc.jpg,Youth Parliament members on the Commons benches
http://news.bbcimg.co.uk/media/images/68903000/jpg/_68903702_newslink_1224635_8159.jpg.jpg,"Michael Beuckmann punched, kicked and stamped on his victim"
http://news.bbcimg.co.uk/media/images/79355000/png/_79355216_thailandpattani4641114.png,Thai police inspect the scene of a bomb blast in Narathiwat province (15 Nov 2014)
http://news.bbcimg.co.uk/media/images/81620000/jpg/_81620175_steel.jpg,Tata owned steel works in Port Talbot
http://news.bbcimg.co.uk/media/images/72832000/jpg/_72832784_michelle_mone.jpg,Michelle Mone talks candidly about her marriage break-up
http://news.bbcimg.co.uk/media/images/82750000/jpg/_82750151_railwaytrain.jpg,File photo from January 2008 of railway train outside Clapham Junction train station
http://news.bbcimg.co.uk/media/images/53929000/jpg/_53929109_jex_20310_de57.jpg,Ms Henson said PCTs interpreted national guidelines to suit themselves
http://c.files.bbci.co.uk/7448/production/_87986792_6my4nhzi.jpg,"Donald Trump at veterans' benefit, Des Moines, Iowa (28 January)"
http://news.bbcimg.co.uk/media/images/60486000/jpg/_60486676_014849253-1.jpg,The Leveson Inquiry is currently examining the relationship between the press and politicians
http://news.bbcimg.co.uk/media/images/59398000/jpg/_59398559_3rd.jpg,The bears in their new enclosure
http://news.bbcimg.co.uk/media/images/58983000/jpg/_58983249_ucl_lecture.jpg,"Plymouth university enrols about 9,000 undergraduates a year"
http://news.bbcimg.co.uk/media/images/65108000/jpg/_65108028_65108027.jpg,Nobs is still the creative director of the festival
http://news.bbcimg.co.uk/media/images/48892000/jpg/_48892249_bin.jpg,The imposed deal for workers is less than the one previously rejected
http://news.bbcimg.co.uk/media/images/56278000/jpg/_56278979_007357147-1.jpg,Baroness Williams wants greater clarity as to the health secretary's role under the NHS reforms
http://news.bbcimg.co.uk/media/images/73784000/jpg/_73784349_011499076-1.jpg,Private Cheryl James: Died in 1995
http://news.bbcimg.co.uk/media/images/68934000/jpg/_68934968_68934967.jpg,A Togo soldier casts his vote in an early ballot ahead of the country's parliamentary elections
http://news.bbcimg.co.uk/media/images/66951000/jpg/_66951438_biz_heads_640x360_with_logo.jpg,BBC World News business headlines
http://news.bbcimg.co.uk/media/images/82817000/jpg/_82817493_82817492.jpg,Tesla car grille close-up
http://news.bbcimg.co.uk/media/images/74414000/jpg/_74414823_cam01_130214final_a3_300dpi.jpg,Artist's impression of the new visitor centre at the Royal Mint
http://news.bbcimg.co.uk/media/images/55069000/jpg/_55069187_012773960-1.jpg,Deley formerly presented children's show Live and Kicking on the BBC
http://c.files.bbci.co.uk/A0E1/production/_85058114_theridleyveinbluejohn-2.jpg,The new Blue John variant has \
http://news.bbcimg.co.uk/media/images/65996000/jpg/_65996402_65996401.jpg,Husky protected support vehicle passing unidentified British soldiers
http://news.bbcimg.co.uk/media/images/58110000/jpg/_58110761_swinneyalexander464.jpg,John Swinney and Danny Alexander
http://news.bbcimg.co.uk/media/images/60955000/jpg/_60955209_death_160612_jpg.jpg,"The man's body was found in a first-floor flat in Old School Mews, Bridgnorth, on Thursday"
http://news.bbcimg.co.uk/media/images/50963000/jpg/_50963292_011066385-1.jpg,Irate Italian PM Berlusconi in phone rant on Italian TV
http://news.bbcimg.co.uk/media/images/66602000/jpg/_66602010_017564924-1.jpg,Ewe and lamb in the snow in north Wales
http://news.bbcimg.co.uk/media/images/57830000/jpg/_57830561_graduates.jpg,"Students often face financial pressures, but have some credit options"
http://news.bbcimg.co.uk/media/images/49534000/jpg/_49534812_neilsmith.jpg,Neil Smith was a Scene of Crime Officer based in Dundee
http://news.bbcimg.co.uk/media/images/58415000/jpg/_58415998_08b73f5b-c25b-47ff-88bc-0c4029f0fe0a.jpg,Lord Justice Leveson delivers his findings into the Leveson Report
http://news.bbcimg.co.uk/media/images/77293000/jpg/_77293849_77293847.jpg,"As Kim Ghattas reports, there are fears some girls are being forced to convert to Islam"
http://news.bbcimg.co.uk/media/images/64110000/jpg/_64110680_64110678.jpg,Two more poppy collections were stolen in Rochford
http://news.bbcimg.co.uk/media/images/67045000/jpg/_67045724_coach_afp.jpg,Firefighter stands near bus wreckage
http://news.bbcimg.co.uk/media/images/50494000/jpg/_50494590_heinz_151210_cans2.jpg,Strike action at Heinz will now go ahead on Tuesday
http://news.bbcimg.co.uk/media/images/73119000/jpg/_73119280_tawny_owl_chick1_sos.jpg,The chick has been named Valentine by staff at the Suffolk Owl Sanctuary
http://news.bbcimg.co.uk/media/images/58409000/jpg/_58409141_24c0f01e-978e-4d8f-8602-82b3bc166c42.jpg,Elderly women at a day care centre
http://news.bbcimg.co.uk/media/images/49227000/jpg/_49227649_delhitwo.jpg,The BBC's Howard Johnson takes a look round Delhi ahead of the start of the Commonwealth Games
http://news.bbcimg.co.uk/media/images/48808000/jpg/_48808478_009998561-1.jpg,Deputy Prime Minister Nick Clegg
http://c.files.bbci.co.uk/DC39/production/_88477365_conference_pa.jpg,Tim Farron's conference speech
http://news.bbcimg.co.uk/media/images/76264000/jpg/_76264193_primarystudentswbafp.jpg,The majority of teachers in Bihar's primary schools are contract workers
http://news.bbcimg.co.uk/media/images/49663000/jpg/_49663255_img_7393.jpg,Molly Forbes raised judicial review proceedings at the Court of Session but has dropped her case
http://news.bbcimg.co.uk/media/images/74973000/jpg/_74973682_74971218.jpg,The Hillsborough disaster
http://c.files.bbci.co.uk/14BE0/production/_84306948_justicebbc.jpg,The figure of Lady Justice
http://news.bbcimg.co.uk/media/images/78416000/jpg/_78416518_socialworker.jpg,Social workers say there are worries things could be missed
http://c.files.bbci.co.uk/8A8F/production/_85917453_smartphonepa.jpg,The drone dropped a series of leaflets urging agents to leave their jobs
http://news.bbcimg.co.uk/media/images/55382000/jpg/_55382436_oldvxpij.jpg,Victoria Jones took 82 photographs of another woman's baby from Facebook
http://news.bbcimg.co.uk/media/images/61799000/jpg/_61799987_breenbuchanonuntitled-1copy.jpg,Ch Supt Harry Breen and Supt Bob Buchanan
http://news.bbcimg.co.uk/media/images/57101000/jpg/_57101562_57101561.jpg,Supporters of the expelled Iranian diplomats at Tehran airport - 3 December 2011
http://news.bbcimg.co.uk/media/images/48236000/jpg/_48236174_camera1.jpg,Urumqi public transport control centre(Copyright: Shi Jishen)
http://news.bbcimg.co.uk/media/images/61345000/jpg/_61345353_hiv.jpg,OraSure says it is planning a major advertising campaign around the new home HIV test
http://news.bbcimg.co.uk/media/images/50658000/jpg/_50658234_machine.jpg,The wireless-controlled robots work in very small spaces and even crawl upstairs
http://news.bbcimg.co.uk/media/images/57894000/jpg/_57894280_013680186-1.jpg,Syrian President Bashar al-Assad waves at supporters during a rare public appearance in Damascus on 11 January 2012
"http://news.bbcimg.co.uk/media/images/50162000/jpg/_50162059_piratebaylogo,afp.jpg","The site has become notorious for hosting links to pirated music, movies and games"
http://news.bbcimg.co.uk/media/images/53770000/jpg/_53770968_strike4.jpg,Protesting workers outside the DVLA in Swansea
http://news.bbcimg.co.uk/media/images/66037000/jpg/_66037290_z3400215-macrophoto_of_normal_mutant_fruit_fly-spl.jpg,Fruit flies learn through the sexual successes and rejections of courtship
http://news.bbcimg.co.uk/media/images/82009000/jpg/_82009184_b4ejs_ziyaa_s-c.jpg,Trevor Noah and Jon Stewart
http://news.bbcimg.co.uk/media/images/65518000/jpg/_65518513_harry.jpg,Harry Grenville escaped from Germany aged 13 and never saw his parents again
http://news.bbcimg.co.uk/media/images/48682000/jpg/_48682905_007069759-1.jpg,£20 notes being handed over
http://news.bbcimg.co.uk/media/images/56158000/jpg/_56158407_a6909udm.jpg,The MIT radar system is able to \
http://news.bbcimg.co.uk/media/images/77591000/jpg/_77591800_101301696.jpg,PLA soldiers stand guard at a metro station as visitors arrive at the site of the World Expo 2010 in Shanghai on 20 April 2010.
http://news.bbcimg.co.uk/media/images/51174000/jpg/_51174373__47283926_whisky-1.jpg,The raid took place overnight between 10 and 11 February last year at the yard near Dumfries
http://news.bbcimg.co.uk/media/images/80139000/jpg/_80139805_77828878.jpg,Firefighter protective clothing
http://news.bbcimg.co.uk/media/images/76833000/jpg/_76833876_photo.jpg,Police vehicles outside the Meridian Tower in Swansea Marina
http://news.bbcimg.co.uk/media/images/66522000/jpg/_66522981_cyprus_ap.jpg,Queue at a cash machine outside a closed Laiki Bank branch in Nicosia
http://news.bbcimg.co.uk/media/images/55786000/jpg/_55786105_55786104.jpg,Bruce Golding makes his inaugural address after he was sworn in as Jamaican Prime Minister in Kingston in this 11 September 2007 file photo.
http://c.files.bbci.co.uk/6B3F/production/_86655472_cbs-lesbian-couple.jpg,April Hoagland and Beckie Peirce
http://news.bbcimg.co.uk/media/images/57386000/jpg/_57386481_sign.jpg,Credit warning for eurozone nations
